current_mean,current_std,current_slope,voltage_mean,voltage_std,voltage_slope,temp_mean,temp_std,temp_slope,occupancy_fraction,label,label_name
0.3611048221946787,0.17816048405416965,0.00046984891979741323,224.98754855195827,8.911438232489294,-0.010197124139541004,30.019941441018805,0.5301440392878489,0.0005904881093048808,0.5333333333333333,5,INTERMITTENT_CONNECTION
0.35112202081943555,0.030348746302326406,-1.635177888974794e-05,188.8025374177157,2.900665868547751,0.0032335258691952935,30.001080890798967,0.48958895385001905,0.0005736824926608158,0.5466666666666666,4,SUPPLY_VOLTAGE_FAULT
0.4756245559212837,0.08305941343220562,0.0017820855268668994,225.1032289150595,1.9684522846632593,0.00015666212431207608,34.409807736646435,2.700340054943253,0.06060008838755226,0.5333333333333333,2,BEARING_WEAR
0.34721022741855706,0.0310083875797411,0.00011593775397250651,266.7027525898815,2.927411922147467,-0.005906373664778904,30.01037705739805,0.5028180677884395,-0.0010093435195718955,0.54,4,SUPPLY_VOLTAGE_FAULT
0.3448504512160904,0.1786290153154983,0.0002608829876820927,225.09447359783627,8.425624154885744,0.001883878152634837,30.06338931610677,0.5098659577571417,-0.0024885871189071606,0.5533333333333333,5,INTERMITTENT_CONNECTION
0.35084961979251117,0.03115370654226756,1.8160070928562515e-05,225.2721910064471,2.132286956916614,-0.000239292913051305,29.972702600586185,0.5408951075682549,0.0011267819067164223,0.64,0,NORMAL
1.1288507989205403,0.16043835794607306,0.0031734079801714853,224.04356938596146,2.7738454059953295,0.0004149299727441306,40.022630234564055,4.164053950118454,0.09317806823712271,0.66,3,OVERLOAD_BLOCKAGE
0.349651684852002,0.029906123398639874,-4.028210932711672e-05,195.00672014000773,3.3137209401072427,0.0006580878996574063,30.023342739820496,0.49237158692091393,3.314207579011193e-05,0.46,4,SUPPLY_VOLTAGE_FAULT
1.258316226018927,0.22105240778833707,0.004721372685333531,224.10689823568785,2.4008498643833276,-0.004859771733806397,40.54287800972806,4.485635579566679,0.10121205457427138,0.6133333333333333,3,OVERLOAD_BLOCKAGE
0.45430440371977,0.06655812750614545,0.0013863945634228385,224.88063060027432,1.9258104693849414,-0.001359609245331031,34.561660021692475,2.640616864327719,0.05943758555374681,0.62,2,BEARING_WEAR
0.3491713963020275,0.02968941654505077,3.127769398964301e-05,175.68612376535964,3.0922293383981336,-0.00844920404553615,30.000207272794082,0.5193956822822982,8.384709928697399e-05,0.48,4,SUPPLY_VOLTAGE_FAULT
0.34709666888290563,0.02809468894446825,-5.60564938614219e-05,225.36709011047733,2.1738293719940747,-0.002324999049654219,30.021244129531905,0.48348347064244235,0.0014586429138593881,0.62,0,NORMAL
0.5140037371306937,0.10063085367097381,0.002189625892232067,224.80716343336488,1.937564734002885,0.003983615140882338,34.35609750686593,2.612512532567697,0.05860081139680427,0.5533333333333333,2,BEARING_WEAR
1.2201748077995975,0.2088400938122241,0.004500823299297173,223.9504850661877,2.708326727802992,0.00992571771648755,42.700536013897846,5.68125563710354,0.12942478398194368,0.58,3,OVERLOAD_BLOCKAGE
0.35306558518006487,0.029968862673482612,2.04976223223044e-06,176.7996271862594,2.945064664111659,0.0010779974213775763,29.99272137591579,0.5093199990600834,0.0009831271413450482,0.5,4,SUPPLY_VOLTAGE_FAULT
0.345834186579414,0.029981142621240128,-3.065205786362062e-05,190.59678605185806,3.134597500742862,0.006117736501469739,30.012404307388035,0.5694527476350878,0.0016634190394135234,0.49333333333333335,4,SUPPLY_VOLTAGE_FAULT
0.3522778591693884,0.029701408077564283,-4.047231965019128e-06,224.8066820801207,1.858912990350212,-0.0009377696110711172,29.976675397966975,0.4991855615380866,0.0011762971909491907,0.64,0,NORMAL
0.35237783048954063,0.031613517331361016,-4.66212071748461e-05,190.82162340387984,2.8039943005495176,-0.0035977674351182075,29.964079898562257,0.509993994758126,-0.0017761818555281155,0.47333333333333333,4,SUPPLY_VOLTAGE_FAULT
1.2325782726756456,0.1994623338365835,0.004305138344335802,223.88508029019226,2.607577703931424,0.004291817752222529,42.4255619493309,5.477452375452054,0.12457089114291496,0.62,3,OVERLOAD_BLOCKAGE
1.264483826821962,0.2167875196814115,0.00468232647059919,223.99493555262345,2.432410093706252,-0.0078075062171990015,41.94453463909022,5.3162249294535515,0.12054031151258363,0.5866666666666667,3,OVERLOAD_BLOCKAGE
0.44447852314033603,0.0636961013076159,0.00130939400955277,225.10590460171477,2.160233681432703,0.0006376427976745863,32.955706541557205,1.9830358466625009,0.04355319145767982,0.62,2,BEARING_WEAR
0.3367270863945113,0.17883126819471604,-5.449150188155917e-05,225.21361292923044,9.438252141130048,-0.006404816073652696,29.97648924993957,0.5373089889421607,0.0009731017887562924,0.47333333333333333,5,INTERMITTENT_CONNECTION
0.507030303094196,0.09476310861537227,0.0020592395914638246,225.13366386841147,1.9129833383911956,0.005537061124240134,35.63930732172295,3.317904778099951,0.07534866861463589,0.62,2,BEARING_WEAR
0.332592066606497,0.1584108037164804,-8.151019224283202e-05,225.77572138920624,9.09197821009515,-0.027149816582793574,29.960534762357547,0.5214541820250969,-0.0008399825678010507,0.5133333333333333,5,INTERMITTENT_CONNECTION
1.123760634652087,0.15526981311576366,0.00315017178959161,223.92621533200088,2.5516753765881397,0.0032298555897933303,39.9520934951318,4.188029732522707,0.09383104586636283,0.5933333333333334,3,OVERLOAD_BLOCKAGE
0.451700554444073,0.04005505500162981,4.152988380447251e-06,224.9073010967398,1.9653613488702752,0.000827909755533179,29.99894938538744,0.4842806023034332,0.00013584841083304024,0.02666666666666667,1,ENERGY_WASTE
1.2809788484187545,0.24757592327472325,0.005449804493170634,223.73267734863106,2.571294804224104,0.012232493438217956,41.12856089557288,4.77623185755262,0.10747488608023671,0.62,3,OVERLOAD_BLOCKAGE
0.34716560878790215,0.028380960148103825,-1.4158369625420209e-05,272.8109391251125,3.1280801032893013,-0.005124994892095312,30.001459800177436,0.48573183370272305,0.00034571417848817287,0.6133333333333333,4,SUPPLY_VOLTAGE_FAULT
1.1365719623083623,0.168797742424717,0.00337021991267896,224.07942873195424,2.3525516864217235,-0.00527517398587018,42.45482734659884,5.85907361749711,0.13318470676326002,0.6066666666666667,3,OVERLOAD_BLOCKAGE
0.349102980385151,0.17755439050906915,0.00029232918776150684,225.07061926892823,9.00009845071071,-0.027043654254120874,30.00016856650023,0.5039160709186401,0.0013585404762357187,0.5466666666666666,5,INTERMITTENT_CONNECTION
0.3508721339905901,0.028988356986872924,-1.9867078638385915e-05,189.48148894436113,2.7841308785309584,-0.005283384172621415,29.94771150210175,0.4540822547599375,-0.0006999422073801355,0.5333333333333333,4,SUPPLY_VOLTAGE_FAULT
0.5080422769821104,0.09955917693701107,0.0021799584878522786,224.9298944632076,1.9395150920937099,0.002274258238176703,33.57755488368402,2.1837119298533976,0.04808966428590633,0.6066666666666667,2,BEARING_WEAR
0.3519286485787856,0.1745698434988092,-6.692217794582942e-05,224.11834755416513,8.260702072432215,0.05978588907429491,29.998355546059962,0.4742436593067701,-0.0013973165712555526,0.4533333333333333,5,INTERMITTENT_CONNECTION
0.48274959260728434,0.08517341763418494,0.0018374229332290845,225.20499578183885,1.9944639105134867,-0.00018074376243949628,35.12019249639388,3.0175974415012305,0.06830990309360933,0.6,2,BEARING_WEAR
0.48065937486907356,0.07959532211554012,0.0016781317105341188,224.91597691220042,2.1802331342482253,0.0042006714963597445,35.44399517212453,3.205519465337063,0.0725865503274081,0.6466666666666666,2,BEARING_WEAR
0.34270646477807276,0.17646186483020848,-0.0002539363282181679,224.9866440880074,9.078491775786944,0.003992624387690806,29.937806631157375,0.502453821785969,0.0008155405720600938,0.5,5,INTERMITTENT_CONNECTION
0.35087825089267743,0.027576776527326367,7.081171872465923e-05,225.10101680525986,1.9541915753087336,0.0036542574898865273,29.97839506449543,0.5329746487556026,-0.0006909641839134301,0.56,0,NORMAL
0.44985761748620895,0.041405061692534106,0.00010823620918183675,225.08540796067663,1.7947913302104872,-0.003515804199865352,30.084021056366996,0.47568986637142596,-9.104095197824967e-05,0.04666666666666667,1,ENERGY_WASTE
0.45057301998931015,0.03663536176921245,-4.26229351271862e-07,224.63887096988896,1.9639988340875876,-0.0013949464418102195,29.9631516808439,0.4688445478390359,-4.5380094991424844e-05,0.02666666666666667,1,ENERGY_WASTE
0.4732367582759057,0.07435030194321138,0.0015513760935096427,225.13963148706466,2.0041306674455535,-0.0006475918548547664,34.42430612539203,2.5816608787391444,0.057919595205518704,0.54,2,BEARING_WEAR
0.44837689455096,0.03666933605186797,-6.925058306790966e-07,224.96253921460283,2.1449195617122596,-0.0012388346084879864,29.92581367708596,0.5141635936909029,-0.0021426565250076673,0.013333333333333334,1,ENERGY_WASTE
1.2204414113770148,0.20001655177314856,0.004339696522238042,223.83567126152323,2.5137040669723243,-0.0005256491266009248,41.37017117418073,4.984407040757312,0.1131243287918919,0.5933333333333334,3,OVERLOAD_BLOCKAGE
0.4516581813665941,0.039422858498980036,-6.948076570548692e-05,224.99152850326004,2.068454157843157,-0.00581624278756878,29.9988940414924,0.48789778729259614,0.00024320759770489578,0.04666666666666667,1,ENERGY_WASTE
0.4487770565938581,0.03849762167728861,6.788018853608732e-05,224.7801111141243,2.0000214424448837,-0.0024350546236050125,29.977543469072472,0.45498702110726946,-0.0007025772331553495,0.04666666666666667,1,ENERGY_WASTE
0.3472694685850313,0.03221484573966387,-6.665864631973928e-05,225.07885076361902,1.8606495710825748,-0.0024204593056841002,29.97777141271421,0.446792500207781,0.0008277276673815806,0.6266666666666667,0,NORMAL
0.4859774148804847,0.08374318450123548,0.0017638594159730399,224.90546201281734,2.0127938217190238,-0.005231283348561097,34.01251598251776,2.441479642692572,0.054787635626773745,0.5666666666666667,2,BEARING_WEAR
0.35370640184664465,0.1665180848710185,0.0007971873080060559,224.69005564807682,9.1873586700796,-0.005872046269751405,29.980228328156432,0.5333809036754489,-0.0006415160313935867,0.5533333333333333,5,INTERMITTENT_CONNECTION
0.3432677228719894,0.182103418730707,0.00036810600497450956,224.74215934316447,9.078879601994997,0.016212008816074455,29.954151463905838,0.45973628757357615,-0.001018207332652029,0.56,5,INTERMITTENT_CONNECTION
0.35491516480017843,0.17299115044991129,0.00037043995254456603,225.4080030621208,8.217748212717312,-0.019670525462075223,30.05963001270769,0.4832954776082832,-0.0007041151416283651,0.4866666666666667,5,INTERMITTENT_CONNECTION
0.45086488368446576,0.06945034795151805,0.0014187407143835748,224.66701636504257,2.1004960634551826,0.004694666007431955,33.69234089684054,2.1564914787054787,0.04811679557558976,0.5866666666666667,2,BEARING_WEAR
0.4952018301036231,0.08631442454373627,0.0019066033259710563,225.03718113568019,1.8485010042868018,-0.0038364679485146107,33.22568784102021,1.9207294276490599,0.042607121993537944,0.58,2,BEARING_WEAR
0.3474345443321462,0.029375937109120932,-6.577642454861857e-05,180.24170568268303,2.892947867119404,0.00017238913795388405,30.02972483148858,0.5062501533868562,0.00017807898558068125,0.5,4,SUPPLY_VOLTAGE_FAULT
0.44845666509009147,0.03642350350234525,1.5795467609266467e-05,225.04255362325662,2.034830372950305,0.0020314378493073563,30.028445307218995,0.5373326810536707,-0.00042620602224047047,0.013333333333333334,1,ENERGY_WASTE
0.35103685174658894,0.029617636341704213,3.567301869022701e-05,182.31264748225863,2.810148519517032,-0.0002807547896790075,30.03572583113418,0.48378540131012776,-0.00020035561271430243,0.4666666666666667,4,SUPPLY_VOLTAGE_FAULT
0.3488228567581823,0.03190483885215201,-5.8936805079233385e-06,187.55572200368925,3.238767066547817,0.007213518363468787,30.00386498475799,0.5249220964743813,-0.0001260285708961514,0.5333333333333333,4,SUPPLY_VOLTAGE_FAULT
0.33580665955907735,0.18037355223173673,-0.00030249888634943195,225.96690411870398,8.022236510995846,-0.016339933272482704,29.981075217171366,0.47296029738449635,0.0001544317077058988,0.5133333333333333,5,INTERMITTENT_CONNECTION
0.34065503135833924,0.16942742071656106,-0.00020265763644704578,224.69106251258802,8.07272619633508,-0.012139545394738192,29.98754249527268,0.5141162953768936,-0.0026494748951599928,0.5666666666666667,5,INTERMITTENT_CONNECTION
1.1263749336622975,0.15052135997221516,0.0029422906718097816,223.94911514876557,2.697495922966254,-0.004638444383038791,42.3637878360081,5.534552397776877,0.12565075477674284,0.6,3,OVERLOAD_BLOCKAGE
1.2468422401456918,0.21439007124156215,0.004627161057126181,224.1017725790943,2.414074138603653,0.0026787141328436614,39.41497629546903,3.9039710577218996,0.0871890684686109,0.5933333333333334,3,OVERLOAD_BLOCKAGE
1.2150473471950967,0.1906175084734894,0.003946602616333395,224.04195922371238,2.673238980546208,0.004678879702841175,40.99917148777376,4.855813277777171,0.11004280640800967,0.58,3,OVERLOAD_BLOCKAGE
0.3501017708246826,0.03201306625141766,-5.7225443160978524e-05,272.6663959529676,2.9074724707316806,-0.000251565120371401,29.956713195836528,0.4849744281015133,-0.0003192957595785038,0.5133333333333333,4,SUPPLY_VOLTAGE_FAULT
0.5004302835654556,0.08938432168211623,0.001923589580234033,225.20284779479712,1.868316102360083,0.0036740824228546935,33.88461510701478,2.372622265900084,0.05306708736546277,0.6266666666666667,2,BEARING_WEAR
0.35021885756680937,0.030719648150704822,-2.220524302719256e-05,269.90724194307654,3.1080084172906264,-0.006634792667272842,29.98392918254061,0.4997636364961348,-0.0011670376366739526,0.5333333333333333,4,SUPPLY_VOLTAGE_FAULT
0.46615715496285387,0.07187341986847857,0.0015129802731372473,224.98500069072412,1.9584969181259069,-0.005558017551247243,33.985490959880764,2.374089611604768,0.05360753236179317,0.5466666666666666,2,BEARING_WEAR
0.34678989781365416,0.02971409132736826,-8.70003648201584e-05,270.0636337468677,2.8904554879935773,0.000254476465032235,30.04099150834737,0.47693888338819923,0.0012230111412996757,0.5,4,SUPPLY_VOLTAGE_FAULT
0.4504432732360878,0.04595770658362462,4.6497161934315226e-05,224.84424580663278,2.032640343234179,-0.002627470765768238,29.968795309633332,0.5117089549413937,0.0001304772490883292,0.04,1,ENERGY_WASTE
1.1543070300056368,0.17205021910974208,0.003459124566985597,224.2544987138619,2.3335205540111974,-0.0013569709181078973,40.52601406304577,4.689835715639616,0.10595601614110357,0.6,3,OVERLOAD_BLOCKAGE
0.45525181755792765,0.03595704456768684,-3.72366867391483e-05,225.1378351977761,2.015285601986452,0.0039528615883665085,30.036040854072628,0.5047044548210367,0.00046036890411850907,0.02,1,ENERGY_WASTE
0.34801204034062383,0.030455178221676545,2.914272135429877e-05,264.7770461536944,3.0374056105306595,0.0035008108253310266,29.962760758945176,0.46882149033593784,-0.0012173020167700673,0.49333333333333335,4,SUPPLY_VOLTAGE_FAULT
0.4866717619330229,0.08488835665480972,0.0018487416208198815,225.1075270530497,1.869604071452073,-0.0031424733335780348,34.471713906765565,2.678191318292946,0.06061461116694965,0.56,2,BEARING_WEAR
1.2452786679166938,0.22288620058605033,0.004777085006353692,223.89627941509195,2.522071643014632,-0.0040507580487120646,42.61489434236353,5.539472268574887,0.12566918566599536,0.6266666666666667,3,OVERLOAD_BLOCKAGE
0.3478986906311463,0.031167930487228424,4.303052126728365e-05,190.21723442072016,3.309288443822377,0.0022552695925084493,30.041406341713262,0.48198367099020767,-0.00032101173432133037,0.5133333333333333,4,SUPPLY_VOLTAGE_FAULT
0.36474124399872615,0.1738073385571253,-0.00010515946734549797,225.64878039219232,9.219132389056588,-0.03214153695347415,29.970395993169927,0.48414147930756485,-0.0009502819899491139,0.38,5,INTERMITTENT_CONNECTION
0.3516211818104413,0.029981237393059645,0.00010487961890124252,257.23316129647134,3.15133312977226,0.004805890529246496,29.926058520001025,0.5059355785186723,-0.0007896665250838528,0.46,4,SUPPLY_VOLTAGE_FAULT
0.34980302179123574,0.030566361724846898,-0.00010089155825493118,224.77822555322172,2.0578585887284726,-0.0029652036719689237,29.920729629465022,0.4969897803636789,0.0019336859405355536,0.6,0,NORMAL
0.3509970219737251,0.02791424279958102,1.568689204828248e-05,224.79671082399528,2.0386605760772802,-0.000901921104070884,30.064578828594275,0.4576437367388617,-0.0003903623382913486,0.6,0,NORMAL
0.36064276185569366,0.17109339780620111,5.451811353899809e-06,225.15844102955685,9.192195209276472,0.020990051610184055,30.121466407485798,0.512021367835639,-0.0008014160350483084,0.47333333333333333,5,INTERMITTENT_CONNECTION
0.34840244958504996,0.029544242653685302,-5.1994469910246264e-05,225.20761423325263,1.9430272389766656,-0.006200031568917316,29.9706394041988,0.4980457110482588,-0.0011797490740490643,0.6,0,NORMAL
0.4502411419799044,0.03956760213893499,2.5499140782145982e-05,224.99978412973093,2.173728606197291,-0.0016806539946412225,30.028130706231998,0.5374205472955673,0.0008871887933796856,0.02666666666666667,1,ENERGY_WASTE
1.1680774658222197,0.17804482516506004,0.003705674365498023,224.39626197502304,2.469656559145401,-0.008473521740253419,41.00357671366534,4.714792698066308,0.10652673769635303,0.58,3,OVERLOAD_BLOCKAGE
0.3477488425550203,0.030495381305320163,7.847392489135222e-06,224.92462449060423,1.9402716681937222,0.0009264834301271666,30.01448942682434,0.5233044419316099,-5.7401813946726996e-05,0.58,0,NORMAL
0.45082947912051036,0.03876199821877048,2.3529917965947238e-05,224.8299116837801,1.9872278902730336,-0.0014340295475858886,30.000597315862827,0.4760043499043277,0.0011476765889122035,0.04666666666666667,1,ENERGY_WASTE
0.34908178521110667,0.029353014048646882,1.337288106834084e-05,182.9780754218978,2.708114174646212,0.0003432059061876725,30.072375839967158,0.498184955716274,0.0016356935253244473,0.49333333333333335,4,SUPPLY_VOLTAGE_FAULT
0.45113469221532343,0.04188726797840251,-8.771179338131113e-05,225.08649306182627,2.073559040800413,0.0004226735685715861,30.034435581014495,0.49764696739215397,-0.0001105172961997614,0.02666666666666667,1,ENERGY_WASTE
0.4489809109704131,0.04132945811132199,-6.125692609869758e-06,224.64624260253476,1.8445555087343612,0.0008636579090096597,30.06409794320005,0.48204029828792,0.0002444213475624363,0.02,1,ENERGY_WASTE
0.4730011756947716,0.0804342740945188,0.0017344730070298024,224.89563355351663,1.99688423236543,0.003638032892197737,33.25702347254512,2.083203114427265,0.04598238624142711,0.64,2,BEARING_WEAR
0.5120121672101351,0.09547873670880441,0.002081406608971762,225.52491997058686,2.080516281760905,-0.0001469344019374092,33.96761300782838,2.476984653819298,0.055584232264133726,0.5733333333333334,2,BEARING_WEAR
0.4492629889563735,0.03852246181362564,7.202192394700341e-05,224.9733872296955,2.156072555666097,-0.0075018365991098256,29.927860243005586,0.4957458979214448,-0.0008029038380146011,0.05333333333333334,1,ENERGY_WASTE
0.3524740562320368,0.02820552679941539,8.084959967284846e-05,224.79032233093938,1.91904621455352,0.004187041032103754,30.028047376089937,0.5564049557344201,0.00015427248367696515,0.6133333333333333,0,NORMAL
0.35461495870618526,0.02837176337128873,4.948724211975317e-05,225.14429139742217,2.0919785763661958,0.003876785749413674,29.9606819140118,0.49655927553354234,0.0005735666714895452,0.5866666666666667,0,NORMAL
1.2665970228180528,0.22867745789619298,0.00491928798233014,223.872894616606,2.5054048334559926,0.0012924007720681522,40.02119448278466,4.311678847172773,0.09692061462826389,0.62,3,OVERLOAD_BLOCKAGE
0.4468962730736239,0.04176461143234106,7.943670798397418e-05,224.94709168586755,1.8592172679567882,-0.00394256558354902,29.90947014663799,0.456767314046626,0.0014464600476582433,0.03333333333333333,1,ENERGY_WASTE
0.3454945943720962,0.028564876647642557,5.876817568955956e-06,225.17058853155913,1.8416577569601347,0.006926702916762866,30.03560232835817,0.47766890042218996,0.0007497809094640713,0.58,0,NORMAL
0.33546653936741183,0.17343111591493862,0.00012989191938240593,224.86587610309033,9.972168672961297,0.007689571438129154,30.018746610370787,0.4867022573142369,0.0003242510530069508,0.44666666666666666,5,INTERMITTENT_CONNECTION
1.1924878572069664,0.19961049997495633,0.004167065594173469,224.0244185769848,2.349705262821242,0.0027464200954224324,41.77398589255905,5.268224084549119,0.11989150319284686,0.6266666666666667,3,OVERLOAD_BLOCKAGE
0.3430947000643283,0.1708854571088885,0.00011915852927628812,224.84606775474515,8.991913725284624,0.017396897659705847,29.970640810739436,0.5071841677816801,-0.0008602510685254565,0.5866666666666667,5,INTERMITTENT_CONNECTION
0.45394216015132066,0.04646740287199847,-4.0026982944842056e-05,224.5865990101855,2.0491987683745596,0.0021560777405287518,29.991890779244667,0.5038435924167796,0.0010783894126299286,0.04,1,ENERGY_WASTE
1.2699643048126665,0.23564687204360346,0.005132376999545166,224.0721643083891,2.3121187706326993,-0.005040120678744479,41.55359654243505,5.115375654119739,0.11618943387315195,0.6,3,OVERLOAD_BLOCKAGE
1.160040233175868,0.16040791485116643,0.003248346538017322,223.96134058522205,2.663637717829398,-0.005102529125605802,41.92804212179009,5.33217408632964,0.12115981013440333,0.6066666666666667,3,OVERLOAD_BLOCKAGE
0.3720891903566468,0.1696041180268896,-0.00010326507683436623,224.49808910176773,9.355296244567072,-0.003059937492921945,30.068934617496893,0.43363452078382925,0.0015757823903080818,0.4533333333333333,5,INTERMITTENT_CONNECTION
1.2386045073615997,0.22593559539280503,0.004826563706602843,223.85907644686196,2.403673398484208,-0.004044031458409596,42.551154180281955,5.545099616120964,0.12583440477421295,0.5866666666666667,3,OVERLOAD_BLOCKAGE
1.2079063036117568,0.18438724089603828,0.003876193331055124,223.90671980492527,2.4408197388388446,0.0025200064383443955,41.960459395280296,5.294622668257771,0.12027050996820533,0.52,3,OVERLOAD_BLOCKAGE
0.49636307457915263,0.0908354608924109,0.0019684744723743467,225.23700226399134,1.7801522969266723,-0.0003517660238978788,33.8953285227562,2.321206441307538,0.0520411244780458,0.6466666666666666,2,BEARING_WEAR
1.2602207443140605,0.234591919597888,0.005074683728257571,223.9127795889411,2.611537885490853,0.002038566709130689,40.163507550588804,4.402610745612901,0.09908383164050998,0.6333333333333333,3,OVERLOAD_BLOCKAGE
0.3485748091458586,0.02878841365860534,-3.595479411597097e-05,191.75342706994746,3.123510496791044,-0.004753613364110598,29.971049652116776,0.5021241089232665,-0.00042874837098442884,0.52,4,SUPPLY_VOLTAGE_FAULT
0.35006827213164826,0.0334421526501586,2.8801744977261288e-05,259.3859591494886,2.892215504994672,0.0030118902620411606,29.998703583417853,0.4444953416668512,0.0009017387418852634,0.54,4,SUPPLY_VOLTAGE_FAULT
1.1945425761564912,0.1875739714625145,0.003948421081835649,223.97396874537935,2.3860632624660214,0.0016328377436491141,41.748307377547235,5.138958314746957,0.11679626525490412,0.5866666666666667,3,OVERLOAD_BLOCKAGE
0.4291366774920107,0.05403827047561826,0.0010590619899542388,225.12848224348312,1.8894724263499072,-0.006894791491716537,35.096535619206996,3.061773496945589,0.06915393765429499,0.5733333333333334,2,BEARING_WEAR
0.3512947020347057,0.03196264423763222,3.597523187063728e-05,271.5040108519814,3.460923067874744,-0.0009235883036727268,30.053750808409458,0.49491930632296394,-0.00013951690262565297,0.49333333333333335,4,SUPPLY_VOLTAGE_FAULT
1.1918486464267335,0.17932116490009742,0.0037239390108714282,223.87099014021467,2.494554086569159,0.0020691498568498065,40.64357956732867,4.569708732784989,0.10323979745240351,0.5933333333333334,3,OVERLOAD_BLOCKAGE
0.44831288666630315,0.04212956116771518,-1.4579722596430617e-05,225.1249778639642,2.162860812714759,0.004352526280777697,30.00041856692318,0.5081008583698298,9.206915306145707e-07,0.02666666666666667,1,ENERGY_WASTE
0.3485449928700382,0.029150637941002235,3.62034841462694e-05,266.5542505299774,2.8075220249802926,0.004238760222575352,29.998788452107718,0.49366954345688974,0.001671670655021775,0.5466666666666666,4,SUPPLY_VOLTAGE_FAULT
0.35583883383844733,0.17119265173664455,-0.0002685907130247244,224.59379007710376,8.639864345617948,0.012278074333305147,30.048483544231313,0.48927125762302837,0.00028045667713075555,0.5133333333333333,5,INTERMITTENT_CONNECTION
0.3461346622098655,0.030242708265204553,5.2881243333198023e-05,193.8927593631833,2.662086544319986,-0.0031087712871777032,29.967257842787028,0.4799034320711836,0.0007765796812118891,0.47333333333333333,4,SUPPLY_VOLTAGE_FAULT
0.4931500724047507,0.0922905149791906,0.002015684408626763,224.90234574768746,1.8145584156451515,-0.0023020812976094853,35.803613432709646,3.468199260185217,0.07876721121857028,0.62,2,BEARING_WEAR
0.4462456200752413,0.03880531027917809,-2.9681269958103065e-05,224.98543546479786,1.8588376956062425,-0.0026362314663958696,29.99396653250785,0.5457135003199339,-0.00166169331275229,0.03333333333333333,1,ENERGY_WASTE
0.3467258196014816,0.027491230848657528,7.295660576441515e-06,185.0823214199267,3.0302475831309916,0.001147509962386913,29.981081078563804,0.46815101142579996,-0.0004318490929942628,0.5,4,SUPPLY_VOLTAGE_FAULT
0.3485744203896315,0.029766681305502043,-6.346408141597264e-05,187.93081160824732,3.221452316047701,-0.0013385670162218463,29.9866316281789,0.5051421021076214,0.0010073608603589624,0.5266666666666666,4,SUPPLY_VOLTAGE_FAULT
0.4653139961494192,0.07624006116558539,0.0015854380745243643,224.90274082239173,1.9470503995573645,0.0028671426472648425,34.44579940458979,2.6021857765865977,0.05859038058521056,0.6066666666666667,2,BEARING_WEAR
0.4530063456461789,0.04394574639414581,8.30920254028736e-06,225.1103391398829,2.028368901362261,0.004467072677184242,30.018430219852476,0.48741261339951136,0.0011859242498369806,0.03333333333333333,1,ENERGY_WASTE
0.4474199084368524,0.037339782432052014,3.823351016806578e-05,225.0762656139239,2.033103030255074,0.0033352340884336353,30.01723413272867,0.5354678663832353,-0.0004994364203523577,0.02,1,ENERGY_WASTE
1.2687307921780668,0.22433541857808043,0.0047803920467761095,224.04637031085085,2.3964017459067497,0.005328059237280816,39.681762057534726,4.125627563722161,0.09276301510753476,0.64,3,OVERLOAD_BLOCKAGE
0.42705402887697197,0.05422465856142151,0.0010699369083282519,225.02616682108638,1.8382660782065248,-0.004302582663505737,34.3320869952828,2.534988993477585,0.05698716675323096,0.6133333333333333,2,BEARING_WEAR
0.34891369717495796,0.032647356028799965,-6.768547473722635e-05,273.6627177685627,3.0553703297123587,-0.003566955378655666,30.104205209827864,0.49750636313433483,-0.0010607229207140942,0.49333333333333335,4,SUPPLY_VOLTAGE_FAULT
0.3485497310899425,0.030017064595654765,5.792256239444258e-06,273.9986754781539,2.91106683596706,-0.005706397576457759,29.97572402016655,0.47678288682416947,0.0005085299754341318,0.5266666666666666,4,SUPPLY_VOLTAGE_FAULT
0.44907664513790885,0.04237862042294869,9.946986735231789e-05,224.98183031775915,2.073937830508928,-0.00818413659067454,29.981815425117528,0.47278102946288925,-1.069590673141151e-05,0.013333333333333334,1,ENERGY_WASTE
0.44572310090845313,0.06861408080189742,0.0013887259990165994,225.09548263196004,2.0637641992047433,-0.004242638182019326,33.96036380697729,2.347012856717116,0.052464946771135376,0.5866666666666667,2,BEARING_WEAR
0.3794965159968806,0.16607199400849126,-8.485695802964607e-05,225.0989625965218,10.447993340403082,-0.008251725158069259,29.97030366698885,0.42326445872622703,-0.0006044344365607419,0.5333333333333333,5,INTERMITTENT_CONNECTION
0.4451321392849972,0.06113542752286011,0.0012096446679280154,224.84103979325025,1.9526464469853961,-0.006609083371129368,33.97033560484723,2.349299933684878,0.05275975930845259,0.6066666666666667,2,BEARING_WEAR
0.3535424714920922,0.030950248754289374,-7.869691701127382e-05,224.9746820663201,2.0621188271289372,-0.0015808566982944024,29.976934064839345,0.4968755459537371,-0.00016679453693919593,0.5933333333333334,0,NORMAL
0.34769886568925756,0.16540214199166337,-9.477306875887114e-06,224.98108906416164,8.878470310811146,-0.0020593752243216923,29.98359952780178,0.4867270996953462,-0.0007696906398950929,0.48,5,INTERMITTENT_CONNECTION
0.491134615813595,0.08256849437549632,0.001783049689955992,224.8542010750826,1.8018643282352753,-0.003845351183541909,35.84675030332803,3.4849691573376926,0.07921487510828124,0.6066666666666667,2,BEARING_WEAR
0.3675491465112739,0.16351155228693484,0.00019454801583413693,225.25925019068973,8.257336177159186,0.019466816896640683,29.978159420747662,0.4746138419100716,0.00025551762832958555,0.5533333333333333,5,INTERMITTENT_CONNECTION
0.3507263409328532,0.03074797458389907,0.00012196184351729748,224.45398658546313,1.7515825726867489,-0.0008160202100708361,30.003443330133585,0.5303980695882767,-0.00013278702769310317,0.6266666666666667,0,NORMAL
0.4500308197792403,0.06978769803586164,0.0014334234275839154,224.9695057610142,2.0758752267768346,-0.00264793904988341,33.84958363806436,2.3013495867860354,0.051415017800418676,0.62,2,BEARING_WEAR
1.2639734162674396,0.21750715446328237,0.004733667695041795,223.686039313163,2.46649741147318,-0.004339344672660529,39.7421583681452,4.099375755209519,0.09149562440511792,0.6333333333333333,3,OVERLOAD_BLOCKAGE
0.3377775806169763,0.17919342340869096,0.0004119587858161598,225.42331153308677,9.3558535476718,-0.027038074435769544,29.96457337399301,0.4742483985181436,0.0008468092918744176,0.52,5,INTERMITTENT_CONNECTION
0.3482248633025527,0.027683290259796777,-1.8658315187903246e-05,225.18672424532394,2.071693449399575,0.0025494886247797418,30.018175413020046,0.5211721839717,-0.0010698143287078236,0.6133333333333333,0,NORMAL
0.34961337871086573,0.028500819760578087,5.043331158263477e-05,182.42289437859918,2.770627141453573,0.005423175404737805,29.96271777791682,0.5563148141625757,-0.0003036672406619965,0.6133333333333333,4,SUPPLY_VOLTAGE_FAULT
0.4328325287902811,0.05474046482290573,0.0010655022227084026,224.87955816345007,2.176271312978433,-0.007837977315176575,35.29535380601542,3.1583242972486922,0.07165536346335222,0.5866666666666667,2,BEARING_WEAR
0.5111450804937381,0.09574022044751843,0.002114113897997661,225.02562023024575,1.888817433705863,0.003608350899171754,33.88055901435313,2.3223577952717274,0.051945676116841505,0.5866666666666667,2,BEARING_WEAR
0.3494746528282588,0.028055414036388386,3.815203211346852e-05,185.87317787561886,2.828825768248033,-0.007980418552686146,29.990079019723574,0.5340634817925766,0.0021639846010715964,0.5266666666666666,4,SUPPLY_VOLTAGE_FAULT
1.1425259952682276,0.16717246148904683,0.003408215001425285,223.6922824657676,2.5981352926278385,0.017238757623274377,40.60579686353617,4.50857867184883,0.10165186889128128,0.58,3,OVERLOAD_BLOCKAGE
1.2143639385774305,0.20406866267513793,0.004374490208133666,224.26121799521178,2.3794411481263444,0.0011741518232233714,41.61752531424061,5.00271128695573,0.11343280992795042,0.6666666666666666,3,OVERLOAD_BLOCKAGE
0.43711584340485615,0.05929097575262782,0.0011310781418502915,225.44212674293502,1.9179202419704948,-0.0023717386180380513,33.476939834065874,2.0613308751620436,0.04550585827270006,0.5866666666666667,2,BEARING_WEAR
0.3703309858802525,0.17562496224231605,-0.00028225542081955577,225.04479883526602,8.250684518265219,0.009554415727386512,30.034629621420002,0.5308621378874838,-0.00012047517465171238,0.49333333333333335,5,INTERMITTENT_CONNECTION
1.1977551071917887,0.20831129472306906,0.004381285971791043,223.76493751042983,2.311975601180572,0.0027899236938223946,40.354128318787104,4.360216536166495,0.09822456266517057,0.56,3,OVERLOAD_BLOCKAGE
0.37036233328362034,0.1772751632604656,-0.0007129692504061437,225.0044545464965,9.63116458822852,0.008801458593132507,30.016643383815378,0.45801700567689413,-0.000652573481311042,0.4,5,INTERMITTENT_CONNECTION
0.366299117076422,0.16969686485425342,-0.00013780132818339233,225.49656524551838,9.048997988423915,0.0037928979089286445,29.97869784486946,0.5198065881932789,0.0008336796864951703,0.5,5,INTERMITTENT_CONNECTION
0.4500584585422572,0.03573516253378769,1.8913176894911985e-06,224.87804223148487,2.113174283535967,0.0023226196785208304,29.96139218295346,0.4772961108840483,0.0002739002350699906,0.013333333333333334,1,ENERGY_WASTE
1.289233100685747,0.23048231700140734,0.0049791675122288735,224.0473543019242,2.4501787146633736,0.00797116715505528,41.503064271058214,5.038657205334118,0.1142710154797445,0.6066666666666667,3,OVERLOAD_BLOCKAGE
0.3331670415739689,0.14835300103055318,-0.0002974630507005399,224.8262617780688,8.775529948542673,0.00014636562497465737,30.10957357018961,0.469260122847972,-0.001871437289600728,0.54,5,INTERMITTENT_CONNECTION
0.5246868426967152,0.10537115494716878,0.0023229343208094563,225.06624298151175,2.1606955510305386,0.0029524418004721912,33.58231952248878,2.2817484135568202,0.050535276195321874,0.56,2,BEARING_WEAR
0.35260324998194653,0.027112853412781555,2.1190354146515453e-05,225.25049085718481,2.101426924137462,0.0017855964805818625,30.011963899026462,0.473228139393204,-0.0018783757524726003,0.6066666666666667,0,NORMAL
0.3490804491325402,0.03167044103687125,-4.074996635818781e-05,178.36425850333524,3.116312740141635,-0.002371238019057121,29.976045860962888,0.4867359137147649,0.0006594626623490495,0.49333333333333335,4,SUPPLY_VOLTAGE_FAULT
0.44732933104681916,0.03912514788355951,2.9226884520811915e-05,224.65567371052592,2.127570506057293,0.0016607033825384455,29.977587102691384,0.4568394502740427,0.00019999360992895224,0.02,1,ENERGY_WASTE
0.4503865473005999,0.03736425047625062,-0.00019236686357482666,224.87560605641687,1.8455544363278469,0.0006319343544501151,30.048635768442182,0.5226005190310258,0.000758472438744288,0.04666666666666667,1,ENERGY_WASTE
0.4662200314068996,0.07339887990058441,0.0015604841260264122,225.1479508383295,2.0950237721139144,-1.763601355034414e-05,35.072248853386284,3.0681113228600743,0.0697789629699795,0.5933333333333334,2,BEARING_WEAR
0.34868233613508637,0.03116553369637602,4.746179132654139e-06,224.9267762338272,2.1257483390920586,0.004333358311079374,30.004478509909678,0.4892486781438389,0.0013340785625209563,0.6266666666666667,0,NORMAL
1.1890384763238073,0.18240537215147234,0.003722540029408215,223.978066261099,2.5803551893801635,-0.003347504446146397,40.58157200412073,4.521992758790721,0.10195044280644178,0.6266666666666667,3,OVERLOAD_BLOCKAGE
0.35225413188371285,0.031544367837722215,-1.3398081481762395e-05,272.96858860622626,2.592194099018224,0.0071434208320940535,30.03241145332795,0.4945619418827516,-0.0014536705904596363,0.4866666666666667,4,SUPPLY_VOLTAGE_FAULT
0.4367025944999381,0.05682820009736604,0.0011234721942243587,224.93291144425325,1.854220202752314,0.0007817883622163928,33.29346338230148,1.9352982446769766,0.042997858048573735,0.5933333333333334,2,BEARING_WEAR
0.4459033560216319,0.0405934136015151,-6.761113688946575e-05,225.2062055555995,2.068820529623941,0.0047291218910327885,29.993597290193218,0.5117533051924775,0.0010554584310616757,0.02666666666666667,1,ENERGY_WASTE
0.3503726820419153,0.03164863387798061,-5.967457927012638e-06,225.20590619872533,1.9112718798800066,0.008399927620949607,30.073162939965403,0.4706149712258065,-0.00021214520090093574,0.6533333333333333,0,NORMAL
0.4555679801066151,0.03804781614838825,-5.7545876323816916e-05,224.8262502691198,1.9447642407355112,-0.0031300552737695154,30.026859860523793,0.49853700170794324,-0.0005153870825174043,0.04666666666666667,1,ENERGY_WASTE
0.36117474002952726,0.165815641849565,-0.00022222558448978973,224.8965475604541,7.611609008417169,0.004333495754348176,29.94515894452618,0.5199111252154665,0.0006614292065073881,0.5533333333333333,5,INTERMITTENT_CONNECTION
1.2989453868074983,0.24352212181045196,0.005281972505030893,223.93814785745258,2.557647774720234,-0.0013540483393788985,40.38945456508707,4.381286291152188,0.09820733769674618,0.6933333333333334,3,OVERLOAD_BLOCKAGE
0.3492018062228894,0.028485808858551537,1.1174984539909172e-05,225.1576390483531,1.983497987612548,0.007868084199821452,29.997870863631604,0.4836255129572729,-0.0001912953115908646,0.5866666666666667,0,NORMAL
0.4505862289010783,0.040415630499768235,-2.193470066294512e-06,224.87768327063372,2.095203306510334,-0.0009363346494732073,29.94088087369279,0.5670410274348737,0.00015247108244690997,0.04,1,ENERGY_WASTE
0.3511574591752932,0.03250691369030469,-5.395584512822114e-05,225.14632092311123,2.020157408813199,0.0004578628688021449,29.95838769532848,0.5121426414132504,-0.00040593090098963065,0.6333333333333333,0,NORMAL
0.44606024376695264,0.041372031977715176,-3.238569870818302e-05,225.1152419316856,2.0514051152735955,0.002275587714094443,30.00583114489041,0.4970108158299793,-0.0013507814564793308,0.02666666666666667,1,ENERGY_WASTE
0.35536128447353654,0.16677167763003292,-0.00026455340319865854,226.27136944306713,8.996279913718475,0.003884920763594067,30.10507883292698,0.49010670387690536,0.0003937183486786281,0.52,5,INTERMITTENT_CONNECTION
0.3485953113182397,0.028805551012460094,4.469449639140203e-05,185.50631699948983,3.2010041382796888,-0.0005241077111590117,29.994903807037698,0.48621732264923473,0.00017749192333433835,0.5533333333333333,4,SUPPLY_VOLTAGE_FAULT
0.35216202373366523,0.027592471126623858,2.591753927778507e-05,225.21123641679966,1.901379967801535,7.447296680044408e-05,29.949028023302155,0.46137275096375263,-0.0010227180968922999,0.6066666666666667,0,NORMAL
0.44903508267442505,0.03755497570782208,-0.00013475866153028464,224.99975047431803,1.8531027612740392,-0.0015620235313142693,30.007213982707786,0.5643098901715429,0.0009865251766900882,0.02666666666666667,1,ENERGY_WASTE
0.4478851714438512,0.04296557197320269,-5.336545678840104e-05,224.89149714914825,2.0531741437905264,-0.0032661700752144233,30.004104527432652,0.5279362519382437,-0.0003116824747647273,0.006666666666666667,1,ENERGY_WASTE
0.3489247889067266,0.02961636390962771,5.864139890119562e-05,225.22456205983656,1.943168425339193,-0.002666408214884888,29.961207898202957,0.47646126603337446,-0.0012683659507558768,0.6066666666666667,0,NORMAL
0.4576695849214423,0.042137352552414985,0.00013107132091930032,225.1488131612841,2.0425987767989104,0.001465915744271003,30.00920952422583,0.4844670540170651,-7.255596723544907e-05,0.04,1,ENERGY_WASTE
0.3569741071872623,0.1797524131581814,-0.00035201252894790774,224.76311106202522,8.995746114485415,0.015015129230978991,30.020590589193127,0.47393522565784857,-0.0006232462947510952,0.44666666666666666,5,INTERMITTENT_CONNECTION
0.5092261647503097,0.10023309421670634,0.002210514647480118,224.74698609802658,2.0300581582313093,-0.00534381572477826,34.29627107256404,2.567157427604998,0.057544658860419776,0.6333333333333333,2,BEARING_WEAR
0.3519989990793674,0.029374448582733293,-5.9154061724153224e-05,182.0644756140336,3.0686589487717066,-0.000851480774535383,29.96387055731131,0.5721619488100391,0.0009240488435042172,0.5,4,SUPPLY_VOLTAGE_FAULT
0.34970383574151137,0.029542017296396276,4.561684313276045e-05,224.86624849015104,1.900083962313386,0.0007249380078139638,30.012280735807884,0.5131715296875633,0.0023327072541745315,0.64,0,NORMAL
0.45230283396679466,0.04134647955423101,0.00011143643036906739,225.11805962957607,1.8715552026444295,0.0002821670316061181,29.98673232950365,0.4484250317080884,5.2104641142986786e-05,0.03333333333333333,1,ENERGY_WASTE
0.35851765075047365,0.17688994056123006,-1.8326925383496126e-05,225.10128631837958,8.869712103379017,0.02533372856276453,29.865097279451064,0.5389627773585512,-0.001780102210360767,0.42,5,INTERMITTENT_CONNECTION
0.3487749197167267,0.025313246100567614,-2.7194463148450636e-05,178.03168222830976,3.188186649256453,0.004307598850189128,29.938991638880676,0.48398037640128194,-0.0010096649181631687,0.4533333333333333,4,SUPPLY_VOLTAGE_FAULT
0.5184384754333042,0.10210687020972936,0.0022636547269428847,224.81986109214898,1.9817567402590939,-0.00031842428543222705,33.81222717767496,2.2916683252112606,0.05081406160941445,0.6333333333333333,2,BEARING_WEAR
1.2447385100672952,0.22737153531855714,0.004839196324851514,223.98550276906565,2.61212963115447,-0.0027060591527588856,41.89109910323511,5.32463474447739,0.12079628819183345,0.6066666666666667,3,OVERLOAD_BLOCKAGE
0.3482066057849414,0.03130782087822634,1.8766830724723534e-05,258.14705632154653,3.277219948922369,-0.0030594091240117786,30.045476533568205,0.5216433535493546,-0.0003227874629518862,0.56,4,SUPPLY_VOLTAGE_FAULT
0.35076213327151246,0.028754142493113286,1.8966542397240333e-05,224.8244504478177,1.9903827735976003,-0.004501235471333627,29.937406313899178,0.4811852931221787,6.999483672115529e-05,0.5933333333333334,0,NORMAL
0.3362666825547033,0.18400050360850417,0.00012837513546151737,225.64016347944397,9.035551405242414,0.005806704858311238,29.972465321527107,0.5331703465749295,-7.094064660700264e-05,0.4866666666666667,5,INTERMITTENT_CONNECTION
1.2115564123836025,0.1998464660920442,0.004151500895391352,223.58085236622617,2.707623103617384,-0.00649094355679919,39.877796176174826,3.9243886211168504,0.08826844339474016,0.6533333333333333,3,OVERLOAD_BLOCKAGE
0.44387057409411,0.037905569294146485,-3.0035042546002314e-05,225.0536955506991,1.9613735773500307,-0.0019814006499956917,29.993091504211915,0.45297470819038105,0.00029062080833609094,0.03333333333333333,1,ENERGY_WASTE
1.2305038994640676,0.2178676991117194,0.004653590622176733,223.73706899189472,2.7041244158393924,0.0018493110846098029,40.91063788293559,4.778170288089153,0.10826781400277095,0.62,3,OVERLOAD_BLOCKAGE
0.48721807334631667,0.08730316331044095,0.0018889251454441078,225.0528178537183,2.030656551610805,-0.001523998645792247,35.80768620463166,3.3885189065835966,0.07675607069480045,0.5466666666666666,2,BEARING_WEAR
0.35715327605657887,0.1780857351312935,6.691765449033046e-05,224.45649440139218,9.288470545404989,0.018791526148501252,30.062648860863938,0.5240942950717712,-0.0004967422655228617,0.52,5,INTERMITTENT_CONNECTION
0.35067965605666035,0.028347562953286706,4.827146933018024e-05,224.74880497885718,2.0285146815367643,-0.005143637481530958,29.965018966420903,0.5114503927518675,-0.00017599892018590988,0.5066666666666667,0,NORMAL
0.3493737074245601,0.030147395689267574,-1.1563029474965343e-05,224.98832612976804,1.9545910965168736,-0.004067196803295782,29.99901982451106,0.5236298317167927,-0.0005927110839230877,0.6066666666666667,0,NORMAL
0.35447800615027086,0.18224532031812332,0.00029536516425695246,224.8123412748923,8.440991433084317,-0.03855093283489986,30.07867126098449,0.47623785341245706,0.0005597849545994664,0.5466666666666666,5,INTERMITTENT_CONNECTION
0.382232965632068,0.170875373898438,-0.00016243311569132736,225.10880135323424,8.3936927271267,0.0025310613920583964,29.99981027575918,0.4827431219550288,-0.0002714589435795609,0.4533333333333333,5,INTERMITTENT_CONNECTION
0.35186307896103436,0.02976096970962861,-2.791193413751683e-05,185.04215105088085,3.3537712516204796,-0.00025281387670959924,29.995025129574874,0.4912702621421183,0.001468207161352607,0.46,4,SUPPLY_VOLTAGE_FAULT
1.1834882156118576,0.17505214686286297,0.00364213254597777,224.18516428812907,2.5315047504923602,0.0032896797602374166,42.892127349439036,5.711191118586644,0.12977048621741694,0.66,3,OVERLOAD_BLOCKAGE
0.49551314947214326,0.0879922093857024,0.0019130783444355876,225.3232139893679,1.7697116492751157,-0.00045971744652441055,35.40387733209989,3.2150211003363043,0.07288494137236592,0.5333333333333333,2,BEARING_WEAR
0.4566622231346107,0.06780470005922455,0.001440638248402722,225.07197604700588,1.990084971248752,-0.0042404510964136055,34.07171067168644,2.551924745006735,0.057297089424387534,0.5066666666666667,2,BEARING_WEAR
1.273051996473829,0.23647387559078256,0.005085055976358359,224.01792225252666,2.6114368642760204,0.00014997797054032246,41.64602772935381,5.233607310631778,0.11853039494154614,0.64,3,OVERLOAD_BLOCKAGE
0.3607412561893922,0.18722850897859644,0.0007053216316248538,224.22962533263365,8.508022654095127,-0.012425703187637143,29.93230653433384,0.5344753788632655,0.0004917598118216902,0.5466666666666666,5,INTERMITTENT_CONNECTION
0.4886166994898165,0.08482337661141252,0.0018444575428026536,225.0634271229918,1.8756956667615359,0.001030322652596769,35.85026921943104,3.556396235379813,0.08108074324096932,0.6066666666666667,2,BEARING_WEAR
1.1752871368490048,0.19406967893032476,0.0038985453552364668,224.00386237649988,2.322304356985577,0.0043014890263828615,42.6513978675621,5.710511669978738,0.1300043512428186,0.5933333333333334,3,OVERLOAD_BLOCKAGE
0.44832804829069595,0.04013166678142088,9.161104840359176e-05,224.75475816618126,2.086226932019431,0.0007505478079724998,29.962606371170743,0.4694449439453398,0.0006281930564520186,0.013333333333333334,1,ENERGY_WASTE
0.4504056534275751,0.04371425324576535,2.361733396489517e-05,224.90958435229084,1.967749410369743,-0.0032074507840537617,30.01122621246884,0.43925905930761205,0.0011299032561087566,0.06666666666666667,1,ENERGY_WASTE
0.34469903502956084,0.028150107927135903,2.5358181534546252e-05,225.22856752324932,1.8737827726282603,-0.0033864340773906185,29.9975163265704,0.49192096115262907,0.000995798030234387,0.5466666666666666,0,NORMAL
0.3473793998581956,0.029074843457594746,4.393424686044289e-06,269.27296668846526,2.670079343629754,0.008785565190310991,29.9901578817848,0.48179467304473295,-0.00031560458062870227,0.44666666666666666,4,SUPPLY_VOLTAGE_FAULT
0.4476340364973859,0.039067393725035315,-4.935301213249991e-06,225.1630736341455,1.8330300943947162,-0.0012968072012009874,30.054934703816706,0.46851026111984884,-0.0004257235558082565,0.02666666666666667,1,ENERGY_WASTE
0.44461038996010926,0.06521359885145822,0.00134793505397355,225.14851425350324,1.9054256479113236,0.003631068914159456,33.856294350007786,2.2899638008010603,0.050864622738329125,0.6466666666666666,2,BEARING_WEAR
1.2301739611759381,0.21118324611293365,0.004536164528955366,224.28879153728232,2.4923984573696,0.0016744231483007425,41.3631056598528,5.041446363398683,0.11395238929372059,0.5666666666666667,3,OVERLOAD_BLOCKAGE
0.34581702699198474,0.030317531622893464,3.650589356045313e-05,224.9303758481515,1.9880329108560384,-0.002689583143708647,30.02977077028006,0.5247208038292244,-0.0003160573341875067,0.58,0,NORMAL
0.3405609840781967,0.1631805468766002,-0.00040090243234472276,224.42296451861208,9.029668382195489,0.0018949589361594908,29.9774673604132,0.5045321156528716,-4.2085507586329706e-05,0.4266666666666667,5,INTERMITTENT_CONNECTION
0.347062385102726,0.02977984042020903,-1.517682234007651e-05,267.6881520148657,2.95367505287797,-0.006248916226386586,29.949250350173763,0.48430148416909136,0.0007530603346420125,0.47333333333333333,4,SUPPLY_VOLTAGE_FAULT
0.35285614714852925,0.17063770154969563,-0.0004959265689538668,226.08752084842146,9.169278810590068,0.03403187066078578,29.936789841549338,0.45907466403019254,0.0012491393972963822,0.5066666666666667,5,INTERMITTENT_CONNECTION
1.1076929229197172,0.1466865284370867,0.0028609346558918273,224.49077489587702,2.514043298236548,-0.0033466258468508193,41.99222021625616,5.440242796579757,0.12369018958704896,0.62,3,OVERLOAD_BLOCKAGE
0.45182835126069204,0.04019890550978944,7.044212174457318e-05,225.3453541175921,2.1875793840027344,-0.0006162943986328761,30.05716925060949,0.4428316393460149,-0.0013727138309967302,0.013333333333333334,1,ENERGY_WASTE
0.45650234425537245,0.07291985527401812,0.0015387504051080929,224.92202957244348,1.981266129304423,0.0013942808350106582,35.71526785650479,3.3204153280296684,0.07570369272137074,0.58,2,BEARING_WEAR
0.44431181872134357,0.038042044831837374,-0.00012117981077203073,224.86583937126133,1.7768379834808943,0.0009511698464842288,29.97468392152293,0.45579786734348327,0.002279867130719306,0.04,1,ENERGY_WASTE
0.3473551359005687,0.1775829471334195,-0.0005633793841974922,225.58431264271223,9.397084446273672,0.009145017600305854,30.02343221858094,0.4584137674183616,-0.001403362026293669,0.48,5,INTERMITTENT_CONNECTION
1.1963074342582494,0.175171077349701,0.0036420284143713387,224.25279087124073,2.2451645794529997,0.00545667886202748,39.578483350710734,3.853683911128597,0.08551010779401519,0.5866666666666667,3,OVERLOAD_BLOCKAGE
0.48747796849636427,0.08666340324746478,0.0018874295814548083,224.68673611874948,1.9283702099931892,-2.6566303035377823e-05,33.40506318320824,2.058796421106528,0.045268772564617636,0.58,2,BEARING_WEAR
0.3479178729155021,0.02738503985863507,-5.230788426767154e-05,182.17091460907736,2.9865258136912387,-0.009467297770365741,30.069104587174138,0.5018912045117675,-0.0007108399851418271,0.42,4,SUPPLY_VOLTAGE_FAULT
0.4490988910140684,0.03829719894796095,1.9455996126040258e-05,224.85393337278074,2.0807723241716616,0.0028212278543048156,30.009772504650222,0.4495872411788642,-0.001307163985514792,0.02666666666666667,1,ENERGY_WASTE
0.4911133459133549,0.08892138260753936,0.0019274708043633556,225.18094643623874,2.084106755446967,0.006867806796277776,33.814388285065846,2.3641125962266067,0.05264017308659107,0.64,2,BEARING_WEAR
0.46536871641441174,0.07649345454663205,0.001628748361299526,225.20538815338557,1.9697317448664298,-0.003542688470469248,35.189348200424575,3.0382685977181914,0.06888914167061073,0.5533333333333333,2,BEARING_WEAR
1.2640305963103453,0.2241305222749509,0.0048742579431895455,223.90785270439144,2.3632518938690357,-0.004762570015677101,41.96919869438275,5.2764900399512245,0.11957051737251743,0.58,3,OVERLOAD_BLOCKAGE
1.1269408604368016,0.15594834165709143,0.003084333632930537,223.89824906704592,2.453182005008794,0.008396122553777008,40.0167518773728,4.241821863043328,0.09474435981434051,0.5333333333333333,3,OVERLOAD_BLOCKAGE
0.35337668998513333,0.0332138428378064,-3.491044812141127e-05,274.3080923568098,3.1593995791343623,-0.002681026579736283,30.08276363373998,0.49599059406896995,-7.954989151299805e-05,0.4666666666666667,4,SUPPLY_VOLTAGE_FAULT
0.4556209536048216,0.06671463985302821,0.0013881880214566453,224.95292473653473,2.07288453726787,0.003118724225519477,34.36491099312643,2.6289843045578833,0.05914866638063402,0.6133333333333333,2,BEARING_WEAR
0.3515533775005149,0.02715010262219247,-7.808964769098134e-06,177.55745166364466,2.864575005859928,-1.4983436651794209e-05,29.97908726829483,0.5125833842091906,0.001109611990886153,0.4533333333333333,4,SUPPLY_VOLTAGE_FAULT
0.35168448841835626,0.02990982900577089,-9.726465457386258e-05,225.10789249152876,1.7514103270246697,-0.0008289045781851366,30.010681528327257,0.45628525409611315,0.0004996075904724419,0.6066666666666667,0,NORMAL
0.3515792312273975,0.030126443792330673,3.017603827285937e-05,225.0946659958382,2.051461333488211,0.009486297297546133,29.962615815936672,0.4876895477167659,0.000648397448405107,0.6333333333333333,0,NORMAL
0.35983716439479324,0.16210719144802035,-5.636756009919808e-05,225.55702698616597,8.959297216237594,0.03415303940073879,30.03430418114249,0.5590373081586681,-0.000296584055073378,0.5133333333333333,5,INTERMITTENT_CONNECTION
0.4498513637446708,0.03937907953738058,6.605871620399437e-05,225.03935332652765,1.8270680467009166,0.002578955134592667,30.00654960194335,0.496440803623234,-0.00022623126688400564,0.03333333333333333,1,ENERGY_WASTE
0.334994669837492,0.1850237778763225,0.0001309494064144903,224.26716176211494,9.07425894230044,-0.006322383982907318,30.021512959974352,0.4584973169110974,0.0018716604402188473,0.5533333333333333,5,INTERMITTENT_CONNECTION
0.515396339989546,0.09734545421207928,0.002161162155251727,224.97116867388075,1.8494579361095842,-0.0023888164607842673,34.26888421664577,2.5867526647561836,0.05809126666720455,0.6133333333333333,2,BEARING_WEAR
0.4478841990822855,0.04035386575377814,7.78376888729418e-05,225.03888604932425,2.0596849424981487,-0.0012690827801273461,29.975707440435798,0.49115330653704187,-0.0019508369140577662,0.02666666666666667,1,ENERGY_WASTE
1.1287853814927293,0.15328775701017439,0.0030933481190955035,224.17562609545013,2.5909641347860703,0.007018125896731285,38.9084369220024,3.5486348015786224,0.07926231198125713,0.64,3,OVERLOAD_BLOCKAGE
0.3513358993786387,0.16466527859412677,-0.0005712478289186567,225.9776542096943,8.735607470364032,0.01004475623935097,30.079176502244277,0.4578775940211699,0.0004888129735510611,0.5066666666666667,5,INTERMITTENT_CONNECTION
0.5061201099443937,0.09498711995130871,0.0020622389302971185,225.02700856613427,1.9455319693115591,-0.006641034643511532,35.24238703782456,3.1488031542998556,0.07108877913835399,0.56,2,BEARING_WEAR
0.49367802754903,0.08836720324300484,0.0019209278574581332,224.9948846253317,1.8858774876685367,-0.0006496502871905036,34.003500857473576,2.4381798981309517,0.05434197870105945,0.62,2,BEARING_WEAR
0.3891466401010628,0.18239042079768114,0.000380678977486716,225.25347331282896,8.599375774913716,-0.009402589976522779,30.08661531474898,0.5219295880356565,-0.00019860497701788853,0.52,5,INTERMITTENT_CONNECTION
0.5291172799514643,0.10426448479646098,0.002296766437512873,225.35589130066685,2.2090901670405034,-0.00011639748580522651,33.579266983772676,2.129406363407517,0.047345682073435195,0.5666666666666667,2,BEARING_WEAR
0.3547634940105698,0.1711520938899893,0.00024215157302112962,225.78154036898428,8.825345266702035,-0.01367418988937246,30.069372134113824,0.49790505107661254,-0.001206164747303448,0.6066666666666667,5,INTERMITTENT_CONNECTION
0.36196064159013225,0.18176013087888393,0.00016703883272472798,225.4428160354365,9.051951800818417,-0.020985464776371174,30.016695881405383,0.4288043923149173,8.630756525062628e-05,0.49333333333333335,5,INTERMITTENT_CONNECTION
0.4457695310134119,0.03926851769571986,-6.489582305815163e-05,224.93799938972177,2.060218806940246,-0.007096893700253652,30.015145362059908,0.474914690832997,0.0008488194463346252,0.013333333333333334,1,ENERGY_WASTE
0.3519013676302217,0.03080581190092081,2.8016242127157477e-05,225.00368387975212,1.9266988646089769,0.0026275825724895877,29.980354591147055,0.46456687607830494,-0.00016549179891239122,0.6,0,NORMAL
0.4513669951987536,0.04171177528522441,-0.00010468762011553646,225.09635232080774,2.086227226429438,0.009604139897158125,29.9365107998772,0.5269221518432894,-0.0015823566160154978,0.02666666666666667,1,ENERGY_WASTE
0.350049279406834,0.03103210793896633,6.297416445631564e-05,224.92582393871243,1.8400517575063473,0.0006248278607901587,30.03263039263539,0.5144764930935135,-9.945214142592456e-06,0.56,0,NORMAL
1.2808502445589796,0.24866668421937774,0.00538464477050145,223.97692802572215,2.5433061951005995,-0.001623381681108314,39.538200838488656,3.9002997407935833,0.08716653269681725,0.5866666666666667,3,OVERLOAD_BLOCKAGE
0.34784343995413747,0.170634962880276,0.00011101841801315519,225.06445873969287,7.99745219541758,0.0010395723751768797,29.99486495998725,0.4605147804209519,0.0009647822812213398,0.5533333333333333,5,INTERMITTENT_CONNECTION
1.0977503285691361,0.1395036678397515,0.0025615864008799267,223.9474028619569,2.555586703832275,0.0004576373705580286,40.3546499041111,4.441144670809781,0.09929428392911081,0.66,3,OVERLOAD_BLOCKAGE
1.1564950747822107,0.16760674357647118,0.003473243813719641,224.13491741556828,2.4840501089873728,-0.006638389027504109,40.644985765544554,4.541222003630967,0.1024806385483507,0.5466666666666666,3,OVERLOAD_BLOCKAGE
0.3540559769254308,0.03135746985425144,-3.7479128268550056e-05,224.80806490257004,2.1186054084199966,0.0032378845668968106,29.99791840809991,0.45288422737156414,-0.001329644702874906,0.5733333333333334,0,NORMAL
0.45240242057557867,0.0383543187046055,-0.00017427211665194575,225.19079417674473,1.9729940482116888,-3.343699273347187e-05,30.050904014111353,0.4544464004170666,0.00022717184077890846,0.02666666666666667,1,ENERGY_WASTE
0.3490972794389004,0.032451556356782874,9.090267328831222e-06,225.30370442919016,2.0953292480383663,0.0042997615506454225,29.949424319430157,0.49265524506490466,0.0009413844462210511,0.6066666666666667,0,NORMAL
0.34496375318742134,0.03228475802677693,4.9506551923640766e-05,225.39235458800113,1.891152201307927,0.0016940119674614998,29.987365120142872,0.4825194806435183,0.0003609548066648994,0.54,0,NORMAL
0.4446560676686807,0.040311046263655816,-8.483225241696032e-06,225.48746264714967,2.093114491081213,0.00579757334571327,29.983071215798233,0.49187354060196303,-0.002231460467541038,0.013333333333333334,1,ENERGY_WASTE
0.3460003267739908,0.026723719627317788,-3.106121424364009e-05,224.87675683005713,1.9884341335389697,0.00028795728819454693,29.990251236835288,0.4731251885258255,-0.0003060648954923008,0.5533333333333333,0,NORMAL
0.49160018569973934,0.08502685967320901,0.0018462922501941504,224.83307222756474,2.131721471630149,-0.0023346678678796418,33.87284806372012,2.349365782931045,0.05281252759864786,0.6333333333333333,2,BEARING_WEAR
0.36571649153681485,0.17259934856960873,4.3012481042683417e-05,225.69250577029695,8.785774170957666,-0.005077112586870195,30.04748532445061,0.4986904106262624,-0.0011213534193146304,0.41333333333333333,5,INTERMITTENT_CONNECTION
0.3495400504887439,0.19227482293017037,-2.9388681029819283e-05,225.1689035817588,9.866894219939791,0.008443655236361666,29.97043869397808,0.4943236518504118,0.0005183598133160001,0.44,5,INTERMITTENT_CONNECTION
0.44623212901419473,0.03958759089645162,-3.8254264767046354e-06,225.14996980794123,2.134708356881307,-0.008652453297762317,29.979952712078713,0.5301264294315071,0.001409783783490365,0.03333333333333333,1,ENERGY_WASTE
0.3530633549628729,0.02623238789634302,-4.388503127375288e-06,224.99228651907663,2.096325659185102,0.008736970017135696,29.948481985826767,0.48227252872090787,0.0011387926651041057,0.5466666666666666,0,NORMAL
0.45051493281187116,0.04129053096603874,-4.447324230455639e-05,225.12927885777904,1.931194242016623,0.008823047248852462,30.073317602635793,0.48013239059482493,-0.0006748468490570869,0.02,1,ENERGY_WASTE
0.45594199684196646,0.06647183250005217,0.001328602699694378,224.8809348900586,1.9493015820671649,0.006948795905936523,35.54501930974649,3.2625890278805554,0.07389550183061527,0.6066666666666667,2,BEARING_WEAR
0.3486424537169486,0.030708717083162338,3.916607532132279e-05,225.26994808740355,1.9260229152177077,-0.0015586412216756869,30.034281661343467,0.5006676013281038,0.0014344077787075546,0.6466666666666666,0,NORMAL
0.3556644171652051,0.16724122211459533,9.377196265485278e-05,224.2206842784565,8.999082531960882,0.021751438092258376,29.98981670360721,0.5025433833782995,-0.0014438682787669534,0.48,5,INTERMITTENT_CONNECTION
0.4394606965266311,0.0636908621167387,0.0013266294717049275,225.20099957322634,1.886261468412947,0.0002737456985833383,34.10162499404137,2.457967672050319,0.05477814066606179,0.5466666666666666,2,BEARING_WEAR
0.3521968259843732,0.02870875071894931,7.917879160556547e-05,188.7956681846175,3.1584719731198727,0.004896022808673968,29.99862188002747,0.48745254881364064,0.0008792936058239403,0.5133333333333333,4,SUPPLY_VOLTAGE_FAULT
0.4521744963630704,0.03977026882195069,-4.1601471954470436e-05,224.7879448137022,1.9841411740010726,-0.003781458586194589,30.00377038577221,0.47207236590576346,0.0006384583307120444,0.02,1,ENERGY_WASTE
0.3196696036508857,0.15827485081694886,3.0294647280590263e-05,225.3483519268384,9.113634486862424,0.00801329218932137,30.00262856814923,0.5078156146408532,-0.00014589184835466466,0.5066666666666667,5,INTERMITTENT_CONNECTION
0.4455947152793313,0.03891692812429037,-6.41079875944922e-05,224.97533526101216,1.8580886193748944,-0.00321602159565043,29.99189278838038,0.4845161006225045,0.0007689802427437895,0.02666666666666667,1,ENERGY_WASTE
0.4400128510310735,0.05960205000050046,0.0012242640562158636,224.89178320393057,2.07924664898044,-0.0014636866482397126,33.18374380900305,1.9270992321346638,0.04213187670862191,0.6,2,BEARING_WEAR
0.3493698947914656,0.031720505192283165,2.536703769225883e-06,174.75166054710297,2.9100803207271744,0.00082765353893821,29.935977353036883,0.4858053236884609,-3.473072127991648e-05,0.44666666666666666,4,SUPPLY_VOLTAGE_FAULT
1.2013962112301555,0.1859166286980045,0.003942081496242973,224.00600267017953,2.6215102570492173,0.003696495985880805,40.24991903552615,4.290065060158755,0.09661274767537797,0.5933333333333334,3,OVERLOAD_BLOCKAGE
0.44575956331397265,0.039151968756536114,-4.86465161667081e-06,224.90832579665494,1.9957786378993432,0.00045555959395108744,30.015175213859834,0.523191424503074,-0.001759093702879085,0.013333333333333334,1,ENERGY_WASTE
0.360478374855404,0.1713659488713004,0.00044731902295976035,225.280215064316,10.178508557851066,0.03753666443538204,30.087677798764368,0.5128457557851386,0.0006951547271423181,0.4533333333333333,5,INTERMITTENT_CONNECTION
0.37717628239438356,0.15699118647093155,-0.00024563594816393237,225.74142479934125,8.994184162520353,0.01139445501792288,30.005584908006966,0.5472876134486939,0.0011088559000350727,0.5533333333333333,5,INTERMITTENT_CONNECTION
0.3466989480024194,0.032149193433182705,5.3543291821127625e-05,225.0884874905857,2.107967397010745,-0.004022479395033478,29.961734255220673,0.500408261489774,0.0012500080493890277,0.5666666666666667,0,NORMAL
0.3473911516178688,0.030553576944666566,-7.860978576722584e-05,224.86652638001163,2.036180458728214,0.004305431377969183,29.952053957596714,0.4850724898011497,-0.0005180567277025679,0.6266666666666667,0,NORMAL
0.35217912688552244,0.031012472887931526,7.868954818991902e-06,225.41340195651094,1.9510974468004825,0.009209709555190064,30.03523536694071,0.5499067741017716,-0.0002444547253437707,0.5933333333333334,0,NORMAL
0.44928395299042395,0.03654904117654309,3.7416766010244726e-05,224.93535558140817,1.9458521565575992,-0.0015857057144500054,29.952231592938467,0.43278676775115443,0.0005240973539372255,0.02,1,ENERGY_WASTE
0.35375400407974006,0.029058658333544082,-5.4030463640833526e-05,224.9357324627979,2.051527829200845,-0.0005688002708740024,29.962793164483422,0.5211595072553822,-0.0003346838166601857,0.6,0,NORMAL
0.4335009974220543,0.061002384803056406,0.0011973875018407099,225.03881168442464,1.8148177970301336,-0.00023169655707893275,33.105059768094186,1.9254775986569157,0.041999276629551996,0.6066666666666667,2,BEARING_WEAR
0.343873693111736,0.17656747620558305,8.430168317501754e-05,226.32021728230418,8.875303217316452,0.0394390294569274,30.029284099001877,0.5221542039946065,-0.0006723807175695459,0.5133333333333333,5,INTERMITTENT_CONNECTION
0.4476859114882414,0.035989412814097885,4.545397800330308e-05,225.15963089969276,2.0644337692737937,-0.0015836219613156969,30.069231885740532,0.5190639230530956,0.0010599147706901338,0.02666666666666667,1,ENERGY_WASTE
0.4527574135781954,0.036351020340209234,1.694103674797167e-05,225.04784981578277,1.953345457996195,0.003909642314518804,30.003153380978173,0.5089255504522464,0.00011914278384576586,0.02666666666666667,1,ENERGY_WASTE
0.3469284101997716,0.027530469524501486,-3.474868173401258e-05,185.8853010166325,2.865119686184233,-0.006000421917392151,30.00317328691765,0.5074994188532211,0.0007500516022519962,0.52,4,SUPPLY_VOLTAGE_FAULT
0.45075272452433085,0.03941692499009058,7.126993242662651e-05,224.8227755911333,1.9273591898768905,0.005434250347207171,30.05507663644226,0.503198255158712,-0.0004995477216790632,0.02,1,ENERGY_WASTE
0.4504662864851675,0.06686621564591486,0.0014003842543450998,225.2373761977248,2.1345210238586674,0.0016244119889197166,35.28489302662566,3.1459459261817235,0.07128488651659769,0.6666666666666666,2,BEARING_WEAR
0.3531642286606679,0.030906884317328024,7.4889277448985345e-06,225.0233028794049,2.0266167030916313,-0.0005016100659551204,30.00839238426495,0.48715976830986385,7.14088862135714e-05,0.6,0,NORMAL
0.4467582361504907,0.03875344286456649,-1.4920144386935916e-05,225.0457439245322,2.1654215021745773,0.0012646857936579044,30.055873510036484,0.4576039840785243,-0.0007316039857308532,0.02666666666666667,1,ENERGY_WASTE
0.3495617646940705,0.030999346882408126,2.8797610833096698e-05,193.13561757198156,2.8544776038198316,-0.001355289309133377,29.988976235664765,0.49009553825357954,0.0002798073457086113,0.56,4,SUPPLY_VOLTAGE_FAULT
0.34822743476716633,0.030594245266567777,0.0001325323598588142,266.4738043449017,2.9881150199626925,-0.003463190258639588,29.941317352160866,0.4740982465633922,-0.0016348291300231097,0.48,4,SUPPLY_VOLTAGE_FAULT
0.35001164352754993,0.029566525264578272,-3.13553000696711e-06,225.01634922612612,1.9264526158775108,0.005988681169444516,30.039439378667474,0.48070569938058305,0.0011139914093084265,0.5933333333333334,0,NORMAL
0.4861772495495027,0.0865361553808566,0.0018787837698418536,224.912747363188,1.9806560462298242,-0.0029150793791776143,35.6048496915189,3.2876009140657185,0.07467770249057734,0.6066666666666667,2,BEARING_WEAR
0.5099971754600386,0.0996889336162096,0.002195487395871997,225.16254568568726,1.9577767866908904,0.010342905205916528,33.431135702706314,2.008769471125229,0.04444091921184055,0.56,2,BEARING_WEAR
0.3441216915974524,0.030473028688135013,-5.77753726851825e-05,263.09694793675243,2.7138071362880116,0.002818617389797703,29.969883140407703,0.45298179206351064,0.00039041617318000136,0.5133333333333333,4,SUPPLY_VOLTAGE_FAULT
0.4465794374324228,0.042014191408842695,2.0685891669463e-05,224.728616218659,1.9283018047729088,0.003505651071087306,30.023431027290755,0.5377685876168236,0.001355214852067851,0.04,1,ENERGY_WASTE
0.35166671422754603,0.03182404777413097,2.4082119872233437e-05,224.8029016738705,1.8591101287480616,-0.0013130733480138201,30.092752970419447,0.5145724388495679,-0.0010342866329552467,0.6866666666666666,0,NORMAL
0.3274861394978681,0.16055240961555228,-0.0002814078948069104,225.6205834845272,8.418503469398278,0.0006983071654058555,29.998168839539897,0.5569229753801299,0.0006585300313137607,0.5066666666666667,5,INTERMITTENT_CONNECTION
0.34889998215215967,0.030013341477555168,9.696752737395232e-05,260.14291830926027,3.0352167348409096,0.0004725101809185595,30.037701992165676,0.45325433647501845,-0.0006002837801168735,0.4866666666666667,4,SUPPLY_VOLTAGE_FAULT
0.5049458098475833,0.09831918729612779,0.0021552182128019926,225.05762448054563,1.874122703379917,-0.0026141415477278,33.65637627627373,2.3069680909943724,0.05109067426086185,0.5933333333333334,2,BEARING_WEAR
0.3542770251264424,0.03186773933849693,5.94368547539503e-05,260.5440112399783,3.0134852031348505,0.004263344228194455,29.959678574193585,0.4863415557783623,-6.31127485997835e-05,0.5866666666666667,4,SUPPLY_VOLTAGE_FAULT
0.3515785824876579,0.030333491697649897,1.958317405761263e-06,224.71332655591843,1.854594043645446,-0.0022662047952772286,30.000855951530237,0.5027046201074209,0.00048559916485250743,0.6,0,NORMAL
0.3535739950441633,0.1715069466913407,-0.0005397107163214386,224.9552764407302,8.287718616719912,-0.013828608823656387,30.057159773089065,0.4902494280339898,-0.0012460748860723089,0.56,5,INTERMITTENT_CONNECTION
0.35278217251890187,0.029100790516972196,-9.980674016257823e-05,270.00209881002286,3.1736367923238884,-0.001420156147201579,30.0421593583347,0.48401080364395815,-0.001114968098070527,0.44,4,SUPPLY_VOLTAGE_FAULT
0.3487626248038219,0.02770084851028826,-6.547531011671144e-05,224.94711967800927,1.9547690134568074,0.0003690829214151433,30.040026015359388,0.508775212030702,-0.0008021975140738402,0.5533333333333333,0,NORMAL
1.2136317884632537,0.2102005585365359,0.004456263523847753,224.00283435748162,2.545883141331862,0.003093222240073316,41.56468629719536,5.204824835824352,0.118062464070825,0.6066666666666667,3,OVERLOAD_BLOCKAGE
0.3369502522958843,0.15954446955468563,-0.00018773464641610294,223.76993248296995,9.116932823424618,-0.017643323824295024,30.01683206434574,0.5360835241897136,-0.0022391695046947153,0.5133333333333333,5,INTERMITTENT_CONNECTION
0.45699242170262117,0.039439500875548296,-4.018747562623451e-05,224.86248890789955,1.96008059895941,-0.003167457986353119,30.03819695675852,0.5459787490872636,0.0008294539898600722,0.02666666666666667,1,ENERGY_WASTE
0.35401869562007005,0.030751459657961833,1.737322244757511e-05,192.00889505680985,2.8089922509602268,-0.005035874609461499,30.016112434231207,0.5111008676934119,-0.00023241490992430673,0.43333333333333335,4,SUPPLY_VOLTAGE_FAULT
0.44817543002427557,0.03838673918390762,-0.00015523021391898665,224.7638140367097,1.943358970124766,-2.3263463551650126e-05,29.980521191278143,0.5058708026802614,0.00012933328979012232,0.04,1,ENERGY_WASTE
1.2494395251558732,0.21589833939691977,0.004565138941458123,223.86209181159003,2.5418948819650486,0.010504200197610015,39.4051638066071,3.7885722240121567,0.08394905609968419,0.49333333333333335,3,OVERLOAD_BLOCKAGE
1.2842828060906077,0.22820369451315586,0.004957955471559352,224.23460570644457,2.7113671739880676,-0.005828806662101668,41.552802649302755,5.042801122351415,0.11468344910045412,0.6133333333333333,3,OVERLOAD_BLOCKAGE
0.33250831383618773,0.18047408446803562,-0.0003843840778125578,224.71783177287406,9.041036152498501,0.003862661519930217,29.948663125277708,0.47653525435480726,-0.0006247370676022546,0.48,5,INTERMITTENT_CONNECTION
0.4439881755680894,0.06412382460901243,0.0012756951170171409,224.8398847329992,2.0970664820403213,0.003445093237069186,33.350247688978094,2.005247757655794,0.04430499458353924,0.5733333333333334,2,BEARING_WEAR
1.1909686310467615,0.18133222878694613,0.003657550317911257,224.0002645015085,2.8401510966007737,-0.0018942358599489052,39.15601844651187,3.694579852847922,0.08188158667535048,0.58,3,OVERLOAD_BLOCKAGE
0.3507260063427791,0.031592170665408245,3.387762467503365e-05,225.05059336911373,1.9591844885608694,0.004676272245518166,30.123818695622965,0.5107950661026546,-0.0004287302867985461,0.5666666666666667,0,NORMAL
0.36382917646312296,0.16433167230369208,-0.000506197681870366,225.25017327783678,9.43621461669061,0.030173224386199494,30.030373914651147,0.4809991851040549,-0.0020622463415762987,0.5066666666666667,5,INTERMITTENT_CONNECTION
0.3506056775356097,0.029757827066620467,-1.762987340538328e-05,224.97101913253505,2.0149497134486114,-0.007068231675823691,29.951990944702604,0.5140725289539277,-0.0007488145625309949,0.5533333333333333,0,NORMAL
0.453268662243922,0.03709298766957322,-1.6643418384912883e-05,225.21481252617392,1.9826677700737956,0.010026786557787515,30.001500305636096,0.5026610384736581,-0.0010005950414806886,0.04,1,ENERGY_WASTE
0.44926226772567046,0.04116602478379059,-5.289294910754294e-05,225.1627266068748,1.7906269598753624,0.005895264623427015,30.040212785338408,0.4983299514878337,0.00020897231998969577,0.02666666666666667,1,ENERGY_WASTE
0.34767252179883945,0.03027202883661942,-4.122037829830875e-05,274.062886222078,2.7832196275898715,-0.0014034008453238933,30.006014115192944,0.5317324025256284,-0.0008643529369439292,0.49333333333333335,4,SUPPLY_VOLTAGE_FAULT
0.34991112728405455,0.029141812886525554,6.781738730623686e-05,178.78378187928232,2.7411985413498727,0.011615932671238359,30.014173287164724,0.5514561907933113,-7.822065902479146e-06,0.5333333333333333,4,SUPPLY_VOLTAGE_FAULT
0.3470220421567605,0.030991452154111046,-6.80170466733617e-05,224.8823668383652,1.8901093715165325,0.0036353854845287176,29.97999747543421,0.542667522731396,0.0008490551736282078,0.64,0,NORMAL
0.35309765939351334,0.030303049769909506,5.098540848152713e-05,178.82549040402387,3.1679659687085917,0.0031232669099360024,30.011639884923813,0.48085137432768515,0.0005281351762895622,0.4866666666666667,4,SUPPLY_VOLTAGE_FAULT
1.3005804319966907,0.23821250124147383,0.00515709201720945,224.09838232470017,2.3678653918604287,-0.0006040398962939816,40.77166620886297,4.43585202861686,0.10025418939581754,0.5533333333333333,3,OVERLOAD_BLOCKAGE
0.3485850336774685,0.1682843668512319,-7.719397884965077e-05,223.82807615745222,9.832296909847903,0.029808061598925583,30.0122834443722,0.4792436774022629,0.00042924719041068234,0.44,5,INTERMITTENT_CONNECTION
0.35104492206257715,0.19294813677804973,-0.00017668541235689065,224.2040142950971,8.428096799909357,-0.01585523682113265,29.98794939040614,0.5330607564525066,0.000494808123552225,0.5133333333333333,5,INTERMITTENT_CONNECTION
0.34980625418536204,0.029475074952773003,8.250355428975883e-05,225.1215491752715,1.8050935994503772,0.005184353435261889,30.039697016595213,0.5176196324783259,-0.0010494335476555362,0.56,0,NORMAL
0.34896068487801957,0.03104211552271091,-4.9632575774162725e-05,184.007924883563,2.871903392881367,-0.004133230565370057,30.030882565508218,0.5276647351688133,7.48180766010796e-05,0.48,4,SUPPLY_VOLTAGE_FAULT
0.35383359398085135,0.031728491506353436,-2.131191233985707e-05,257.5338071000909,2.950274147716254,0.0001360461224067996,30.033086402963395,0.4581074591205461,-0.0008160260661748723,0.46,4,SUPPLY_VOLTAGE_FAULT
0.35002084332434935,0.02715258292041776,-8.127812901807196e-05,267.4368800546455,3.025380365601443,-0.0019742896569686524,29.970889226484783,0.5086198120187133,-0.0008040459487689397,0.5266666666666666,4,SUPPLY_VOLTAGE_FAULT
0.3441402003510963,0.03064214046341538,-8.241814755217213e-06,225.0131197110969,1.9665383450982554,-0.010044696650527353,30.013155766394252,0.4652335949862081,-0.00039996653309146244,0.66,0,NORMAL
0.4358138361812662,0.0608185217129886,0.0012279049159653463,224.76617300065175,2.1827645447605324,0.00235371082005875,33.75708640370573,2.237180138041408,0.05014543846413865,0.58,2,BEARING_WEAR
0.4469399021758693,0.04253391368150522,-1.2615504802918493e-05,225.1126798258356,1.9618323442463057,-0.0073491401779143956,30.040212745728017,0.5035849523857213,-0.00040216037481967544,0.04666666666666667,1,ENERGY_WASTE
0.34987424196342604,0.02920689906547255,2.4304497528326182e-05,225.3804309630145,2.117018636574344,0.0019488659788477463,29.981758948514386,0.4775080400282509,-0.0003994009889778274,0.58,0,NORMAL
0.38590866516170064,0.16669403863393675,-0.0005785044454283179,225.33461334858828,8.494034688850189,0.00010882387572256052,29.998829353866302,0.4874626867228178,-0.0006635337792458072,0.4666666666666667,5,INTERMITTENT_CONNECTION
1.1824156907763173,0.18833665757959872,0.0039218888015597544,223.8876985029678,2.408929484052635,0.0026996110754774765,42.51231499714076,5.588938362041233,0.1271231067493122,0.5666666666666667,3,OVERLOAD_BLOCKAGE
0.35079969716725534,0.0273496524051839,-8.786072882156688e-05,273.16970488050043,3.1302339441044142,0.009774424913785171,30.01101509108943,0.4474756621407986,0.0005606210906553717,0.5,4,SUPPLY_VOLTAGE_FAULT
0.4351224962390894,0.06058561552435154,0.0012364675454899598,224.7472976156187,1.9697852481744516,-0.003777329816014603,33.094196430265775,1.877865858793964,0.04141142656468798,0.5666666666666667,2,BEARING_WEAR
0.4495042516810939,0.04108082261003333,9.138298852201976e-05,224.92560445838055,1.9672813067352126,0.0003254525261256885,29.956530805256275,0.538450137596771,-0.001880440829676442,0.04666666666666667,1,ENERGY_WASTE
0.4294131187273615,0.05451279316248925,0.0010920519362432903,224.86395174039214,2.0084590162343914,0.0035537396247422204,35.43967308240618,3.1873977755760565,0.07238191449697605,0.5533333333333333,2,BEARING_WEAR
0.3487419734949907,0.029325827448756184,4.4169765214157837e-05,269.34489289016153,2.785318086847939,-0.004391480446682043,30.004880775612545,0.5119743010953559,-0.0005500834802651901,0.4666666666666667,4,SUPPLY_VOLTAGE_FAULT
0.35666303662295346,0.179742794112011,0.000479583990787407,224.94654935913286,8.275781836222547,0.015273828798018835,29.99412698859081,0.4795057544801893,-0.0002679958904173698,0.49333333333333335,5,INTERMITTENT_CONNECTION
0.4503358275531746,0.039267537715256456,-7.254338944026849e-05,225.199648878681,2.088257542081575,-0.008737178460494138,29.928947200185018,0.5168285377560026,-0.0009845673592786942,0.03333333333333333,1,ENERGY_WASTE
0.3502902769405748,0.030688216853733515,-2.5652466677009168e-05,224.807160885901,2.0354003206977116,0.004574401964303641,29.977789266627177,0.4904208023116865,-9.975409981906662e-05,0.6133333333333333,0,NORMAL
0.44635763009798607,0.03485766728247255,0.0001035075762727851,225.13567223558601,2.0524908389949688,0.0017148143415778006,30.021375297094924,0.4800665555948787,0.00043118441229156117,0.02,1,ENERGY_WASTE
0.32459700953131276,0.15406369346136614,-0.00025636544584447147,225.24261551870427,7.6221268138989995,-0.006425918770997751,29.932842486523587,0.5434849861327444,0.0010102487334950766,0.4866666666666667,5,INTERMITTENT_CONNECTION
0.4540025345701487,0.04216924905677341,1.7761638471577482e-05,224.8123058462799,1.926974296611147,0.00021991184032028768,30.002479871748402,0.4583919651705767,-0.0024464968847326485,0.04666666666666667,1,ENERGY_WASTE
0.45095963465686206,0.04304633878884384,-0.00016988865544971115,224.94957296483713,2.1207142053809376,0.0021138142883109804,30.012337503176497,0.4640514670472747,0.00013472041512040293,0.04,1,ENERGY_WASTE
0.35415925941843623,0.1653818802578416,-9.629346889192687e-05,225.16926104385843,8.996321778922402,0.026861791556894596,29.945921968390113,0.5413518159097752,-0.0012390541859829234,0.5133333333333333,5,INTERMITTENT_CONNECTION
0.47621996350879725,0.07644469238251782,0.0016145916363010863,225.1146593500141,1.9197536389912646,0.004709458306758381,33.67061505444902,2.2241872469407347,0.04957098264969683,0.58,2,BEARING_WEAR
0.34862486322962033,0.030968121471144142,-8.316778463496259e-05,265.5924610192363,2.962030849509325,0.002187739303293245,30.07115684626826,0.5073734781638801,-5.521363634881723e-05,0.4666666666666667,4,SUPPLY_VOLTAGE_FAULT
0.35124413029741847,0.03136964048512291,-2.3288042575058606e-05,272.87771615732294,2.8567989737111414,-0.0037339668224116817,30.015580700062493,0.4538277926525634,0.0005775879751666129,0.43333333333333335,4,SUPPLY_VOLTAGE_FAULT
0.3468751718453553,0.030252830373348565,1.6694772212438795e-05,225.3600551847368,2.0791125754580793,0.00643780471354719,30.01714398197635,0.49688159343902105,-0.000977701627135794,0.6266666666666667,0,NORMAL
0.4523720957946475,0.03813967834120459,3.485379129299703e-05,224.80494280529763,1.766462818581595,-0.00023385727837489371,29.989184972024123,0.5174751042235284,0.0005890636732329716,0.03333333333333333,1,ENERGY_WASTE
1.2949419293467834,0.2560631561549635,0.005597123768707796,223.9722229720791,2.2285779973346758,-0.003473769775327741,39.48950741473079,3.8814462217777517,0.08687251504160469,0.66,3,OVERLOAD_BLOCKAGE
0.36873105080187923,0.1730971071675929,-8.750448082524799e-05,224.38780787024982,8.454776227133825,-0.006243035668372653,30.018268504094898,0.5311051809812004,0.0007490213728110653,0.47333333333333333,5,INTERMITTENT_CONNECTION
0.4612562935381808,0.07112971233712667,0.0014679111010094444,225.13598679060243,1.9876126604139417,0.0027192406123412545,33.74023952376066,2.23781705556341,0.04985623413015716,0.5666666666666667,2,BEARING_WEAR
0.4507297045260255,0.03538395588695596,-9.670958195919147e-05,224.75754519947324,2.1903886141171593,-0.0022590305675158607,30.05358271585944,0.4531375823181259,-0.0007357615160765308,0.02,1,ENERGY_WASTE
0.34910729415616987,0.03227676215490948,-1.3166079383308015e-06,182.32981520122698,2.8483973004770498,-0.00680154394622534,30.012930475495594,0.4971324236869334,-0.0010914011070093624,0.5133333333333333,4,SUPPLY_VOLTAGE_FAULT
0.35174445266904525,0.030076606029030475,-7.881517375532664e-05,224.70137738176592,1.9184210588076633,0.004919667182245523,29.990587533027245,0.4900463965419043,0.0015509198417486534,0.6266666666666667,0,NORMAL
0.4482955333956126,0.04156332551463058,-6.001660513193257e-05,225.33660096543016,1.8791252056785623,0.0008605311381731832,29.99756707546275,0.5069623119842768,5.892506261940071e-05,0.006666666666666667,1,ENERGY_WASTE
1.1485772794018514,0.15853760674174872,0.0031892285083606345,224.15462286528782,2.3836418263483043,0.0006261760188083503,41.19171709560029,4.79082435194084,0.10839983788399289,0.58,3,OVERLOAD_BLOCKAGE
0.3444367191090713,0.1712996993948602,-0.000147527934752948,224.54141509697854,8.878098155551614,0.030488829366648332,30.04765094332328,0.4737590478127762,0.00018013198824747955,0.5466666666666666,5,INTERMITTENT_CONNECTION
1.2619333024506196,0.22890494666148342,0.004926990710613489,223.95171375692598,2.736649984742318,-0.0010429156009560154,41.312216304727336,4.9012891251515756,0.1109210003924509,0.5666666666666667,3,OVERLOAD_BLOCKAGE
0.5097793489463605,0.0967067640108352,0.002152610578671275,225.0483607683186,1.9891892885556486,-0.0023199568083831367,33.11491290257491,1.9794039947236668,0.0433162239367766,0.56,2,BEARING_WEAR
0.3518060457000568,0.027736637719523477,2.8436284637222592e-05,225.06853830162297,1.8518024609318386,-0.001423527464685602,29.98688720963016,0.5137593188978479,-0.0003039756151973469,0.5666666666666667,0,NORMAL
0.3516932793997316,0.028055107223238014,-9.280028240549026e-05,261.18526277972785,2.94126127297821,-0.004911924092242924,29.98348421977815,0.49787467254114437,-0.0011785283339732313,0.48,4,SUPPLY_VOLTAGE_FAULT
0.4539344332050418,0.041619356648624706,-4.746797338266985e-05,225.05955524673064,1.9254894019399174,0.004329203662439315,30.02396213761292,0.5461273808131871,-0.0007350570734225421,0.02,1,ENERGY_WASTE
1.2875966740628622,0.2411135196545548,0.005287465770034799,223.97220357651358,2.4907210083197326,0.002323701428868621,42.4462898609002,5.482151052133818,0.12462901681521511,0.5333333333333333,3,OVERLOAD_BLOCKAGE
0.3441483327359578,0.1659304500332104,-2.0252351472151525e-05,225.62816607237187,8.21388123681035,-0.013332347265725547,29.941857087178043,0.5232999120383157,-0.00014306571729186287,0.4866666666666667,5,INTERMITTENT_CONNECTION
0.34989871564648145,0.026704810460841118,3.0340174571366763e-05,224.76853376229047,2.0055935618145377,-0.005618629598392315,29.98124332895161,0.49127263125167936,-3.792219785687823e-05,0.5933333333333334,0,NORMAL
0.4544950171786824,0.039432801026168314,0.00011879070490745757,224.81452456395093,2.1222109803229694,-0.00035780168490798665,29.99369071944707,0.4932031899358215,0.00011174008665525687,0.02666666666666667,1,ENERGY_WASTE
1.2677427153466778,0.2285566709199494,0.0049489286898389785,224.3569458455836,2.7815992022248532,-0.003843005946777656,42.41290631823296,5.645335098862891,0.12870757108780773,0.6,3,OVERLOAD_BLOCKAGE
1.1371746932537052,0.14947709444142343,0.00293870374464511,223.929838128323,2.610112130841804,-0.0010701861813270904,43.009724083566326,5.978372308065694,0.13631181404041734,0.5466666666666666,3,OVERLOAD_BLOCKAGE
0.3505741579456751,0.02921800749037898,4.4229154207169244e-05,225.08723475903574,1.9941299377765391,-0.0009265290848105294,30.01239353892465,0.5435743385768038,-0.0008572306399431054,0.58,0,NORMAL
1.212562245237921,0.1929143131139247,0.004117039172112933,223.86273705293598,2.537163783921858,-0.007607825074501277,40.342269272303795,4.4872364133553315,0.10125442515493357,0.58,3,OVERLOAD_BLOCKAGE
1.2049062533103696,0.18443384121689493,0.003879871644834016,224.1835537754248,2.54785972790739,0.002062045643461384,42.91003027704398,5.7140733258038985,0.1303482406632762,0.6266666666666667,3,OVERLOAD_BLOCKAGE
0.4388703862220503,0.05847143108128356,0.001152409455056149,225.01645850426652,2.046461024100968,0.0002139826769519975,33.23263329894356,2.019653179448941,0.044343380588405736,0.64,2,BEARING_WEAR
1.22362980488272,0.21121947775859254,0.004461366884018069,223.83511548580123,2.3506168249477675,0.0023288253088692475,40.19135481983543,4.455194816716282,0.10019953281572593,0.52,3,OVERLOAD_BLOCKAGE
0.3508937273659848,0.15982844079748396,-1.2223293815819263e-05,224.75641714192753,8.751335585483773,0.013295791957084776,30.00976211615023,0.4974951387281819,-0.0007572221985017166,0.43333333333333335,5,INTERMITTENT_CONNECTION
0.35127626166584286,0.027716855576505932,2.919619092938206e-05,191.72626134707272,3.095058265703681,0.005100422760466119,30.078673441085556,0.512350036966414,-0.0009602207828692782,0.5,4,SUPPLY_VOLTAGE_FAULT
0.5132302589312839,0.10107313400993649,0.002201036291950744,225.2043117262857,1.9803567953124523,-0.0044665380726973646,33.24338753309628,1.99907744022577,0.04412513632038425,0.6133333333333333,2,BEARING_WEAR
0.467317405512376,0.07210149569712826,0.001539385412759485,225.3365404821488,2.0830314746347134,-0.00238992179808441,33.30018481810556,2.1203407790404767,0.04703305763627496,0.6466666666666666,2,BEARING_WEAR
0.4814914403607723,0.08127571618584042,0.0017594941304863545,224.96687739580733,2.0434721583131217,-0.001990850363178407,34.26264336776004,2.5619573703781007,0.057388309982830954,0.6066666666666667,2,BEARING_WEAR
0.34740088557046805,0.03258167797693196,-0.0001843628919945049,264.78851752117055,2.9192695835897498,0.007389092248632863,29.99169331087406,0.4860373841882057,0.001878381835242297,0.56,4,SUPPLY_VOLTAGE_FAULT
0.35220775916513425,0.0290154778993656,9.523828371909668e-05,225.2124597953855,2.1443254293351446,0.00922355847066008,29.98460232412668,0.49658827237941483,-0.0006041470779294614,0.6533333333333333,0,NORMAL
0.34948122085545663,0.033842422130018604,0.0001304414054159178,224.8948152227474,2.0457984373091636,-0.005055819881572706,30.03436347913689,0.4718746398277825,-0.00032024452507615516,0.64,0,NORMAL
0.3509842474246575,0.03273343379501482,6.90821658609472e-05,175.69515483997495,2.9676070640920504,-0.006772820084791994,29.966510219587743,0.5360233521126694,0.0007035814292245264,0.4266666666666667,4,SUPPLY_VOLTAGE_FAULT
0.3490594022075731,0.030955180684801055,-3.5645967092427304e-06,225.03718213925603,2.1228345383024894,-0.0016428543628346662,30.024089149469958,0.5061147381975365,0.0001191317341425293,0.68,0,NORMAL
0.34788826798592215,0.02985607418687522,2.3265889275273308e-05,225.12166739418453,1.9290629633987595,-0.0007416758352825741,29.974045198240315,0.5034419494194048,-0.00020195643331247695,0.5466666666666666,0,NORMAL
0.516497788350055,0.10027033104248967,0.00219564206273094,225.07009246646126,1.8535102562839494,-0.0013199508288659388,34.8635452434663,2.8855273424313577,0.06539234792341732,0.5866666666666667,2,BEARING_WEAR
1.260454815778227,0.23012923367307278,0.004951273744828838,223.88534344899992,2.4471272578998393,-0.0017239573427319137,40.73842381325663,4.618153804522204,0.10454277121563502,0.58,3,OVERLOAD_BLOCKAGE
0.4292557110065711,0.05836040745866862,0.0011365406567841873,225.17772741421166,2.1156519531809073,0.0020890631020519692,35.10236432507063,2.9173473206430787,0.06601166032312997,0.5733333333333334,2,BEARING_WEAR
0.36629817591527475,0.1642453070708049,-5.5748072149410275e-05,225.1317087416261,9.195874796808262,-0.0043904342048792094,29.988122686450872,0.4636004101591513,-0.0005475327377863571,0.5666666666666667,5,INTERMITTENT_CONNECTION
0.4747118704492558,0.07691440179788298,0.0016338057772112896,225.09950990439174,1.7825616039684935,-0.0052573394136781115,34.22595728640675,2.521404795261688,0.05634397932613366,0.54,2,BEARING_WEAR
0.34972613696125604,0.031217541475382957,-1.1773626358766097e-05,225.24471121306246,1.9510051276649467,-0.0013999645566203016,29.960851579806338,0.4831862324346003,-0.0006488132871968625,0.58,0,NORMAL
0.34704761765787073,0.029128543839693342,-0.0001065249754595578,224.79814002852606,1.8576103921996927,0.0015552225729360061,30.029183958569277,0.49393189685443833,0.0009016445615978783,0.6333333333333333,0,NORMAL
0.4480646510390344,0.03647316598264434,6.629031720185806e-05,225.0792781312224,2.0731797677644463,-0.007465304967383968,29.966565078921953,0.5140270858358842,0.0003443237594467705,0.02666666666666667,1,ENERGY_WASTE
1.266094328997909,0.22732600940960052,0.00495172356018487,223.9036154718211,2.7453027145097137,0.00378206668929264,42.393593648843684,5.477543299156718,0.12451546020938282,0.6066666666666667,3,OVERLOAD_BLOCKAGE
1.202185273500329,0.18029511520122085,0.0037082780315400967,224.17520233802918,2.497365945251074,0.004487616052032486,39.188257748968454,3.70140581561238,0.08188820168102505,0.6266666666666667,3,OVERLOAD_BLOCKAGE
0.34604469659655307,0.027971657935943063,6.796531480180947e-05,190.74758448026384,2.7943549365047162,-0.008332928670924738,30.008468741058945,0.4646007825107329,-0.0016671367440838935,0.49333333333333335,4,SUPPLY_VOLTAGE_FAULT
0.47736061654166784,0.07774974638974008,0.0016853713927349621,224.71918118031158,2.0420443347568815,-0.00033166094467157724,35.52473464517705,3.288590635201216,0.07491553433550874,0.5733333333333334,2,BEARING_WEAR
0.4510247366071849,0.04134739821433926,-5.504473008871126e-05,225.0135846061331,1.9112722692374304,0.00027469549564133053,29.998121690923654,0.518738825258709,-0.0002751760592635388,0.02,1,ENERGY_WASTE
0.4354564547964697,0.05997616905754412,0.001183339367885141,225.1551377992565,1.9798100046560256,-0.00023683396104587633,34.74813218800818,2.752856899635126,0.06238082147131127,0.5933333333333334,2,BEARING_WEAR
0.35117081732222616,0.025152351601631845,8.968443221029654e-05,224.8809348391932,1.6736407006804768,-0.0013853334690336605,29.988464390257946,0.5083060390098222,-0.0009358777112278674,0.6133333333333333,0,NORMAL
0.3638134202741944,0.17830818017608013,-0.00013950675922321822,226.55087631775933,9.185412066822591,-0.01571646453067628,30.036607774650395,0.4839086069620854,-0.001317126803268883,0.47333333333333333,5,INTERMITTENT_CONNECTION
0.3515242926728013,0.029044331621156765,7.09886432136378e-06,182.88946786410057,3.1655741205328423,-0.005670807897482712,29.964607212340695,0.4891999060196992,1.1547240366841678e-05,0.5066666666666667,4,SUPPLY_VOLTAGE_FAULT
0.4509135059441167,0.040020655806790206,2.4458126826923463e-05,225.01003735828155,2.0686661415445355,0.0032369203071719683,30.012124634352634,0.5000632204654113,-0.001455622206611986,0.06,1,ENERGY_WASTE
1.1833000370543516,0.1846544549818361,0.00383247600923677,224.05402165460717,2.472423003563533,0.001999711636797308,40.66045268816861,4.627916187815614,0.10409288298830408,0.5666666666666667,3,OVERLOAD_BLOCKAGE
0.3520240740254188,0.031031302617596634,-6.404228442451348e-06,225.0316319350839,1.949858370546791,0.0009300277303918202,29.95539582437551,0.5219194492455861,-0.0005658609983314422,0.54,0,NORMAL
0.4438294572308409,0.062076948549926174,0.0012970309800627534,225.1163830328765,1.9276463069860341,0.0005366068810141417,33.0976804066869,1.8846444177597232,0.04109219010950943,0.5066666666666667,2,BEARING_WEAR
0.3534859950045212,0.031986213484718855,-1.5539747656795353e-05,224.84072523365583,2.0922051444452103,-0.0003616048420151197,29.99691570646942,0.4366020427933627,-0.0013603982155160764,0.6533333333333333,0,NORMAL
0.45165612306119696,0.04080450732448563,7.479276867593817e-06,225.03434712918494,1.9794675759048084,-0.0013674242914834549,29.980460758142897,0.47848385181249825,-0.0002799474971925415,0.006666666666666667,1,ENERGY_WASTE
0.3500756371048324,0.029447156058814206,-5.34454993471706e-06,267.34583090879227,3.2536971720179797,0.002721363530657322,29.97942622575071,0.4864527980755059,0.00015971456566463138,0.4666666666666667,4,SUPPLY_VOLTAGE_FAULT
0.34793718746761165,0.027658578278458867,-4.9686538891683256e-05,225.15899300012632,1.8726513273865344,-0.0026337853141982855,29.999164107042557,0.48904351773007065,-0.0008931492073591258,0.6266666666666667,0,NORMAL
0.35541345588052714,0.16492318072910642,-0.0005840262689287066,225.425293779824,9.405435885780271,0.01139986322471695,29.97981283207088,0.4738790178658668,0.00011136205367897988,0.47333333333333333,5,INTERMITTENT_CONNECTION
0.47103588275163893,0.07423764553647243,0.001581634100000333,225.07602633278623,1.968197695106416,0.008775642279667772,33.7162151769332,2.2463798930727923,0.05012088907320824,0.62,2,BEARING_WEAR
0.36988371073526544,0.1668862416271676,0.0003389960532701391,225.64665477154128,9.370466083435211,-0.003771968814003806,30.015672253570944,0.5111152495321915,-0.0005922673246188633,0.5066666666666667,5,INTERMITTENT_CONNECTION
0.44811480007000476,0.036197097455946244,3.689105440535589e-05,225.05275428977546,1.9665470104763454,-0.001084815345708968,29.95896215324538,0.5183205508339386,-2.0251827381676328e-05,0.02666666666666667,1,ENERGY_WASTE
0.3519755319074444,0.03071583617045404,3.753754988703908e-05,224.84189062748027,1.9837618490643572,-0.002147600722853043,29.993866189536256,0.4978586787953355,0.0018292974346755988,0.6466666666666666,0,NORMAL
0.4515623846169734,0.04066801918570615,-2.4753946046410768e-05,224.9216838493623,2.012102742423933,-0.002271237409089467,29.975222769152207,0.549270351226563,-0.0020601347991825,0.013333333333333334,1,ENERGY_WASTE
1.2538004378976535,0.22608298891392814,0.004870558348379466,224.1843662185411,2.6109216896705583,0.002882650337608225,42.79275802740312,5.749094507307778,0.13129645129186418,0.5666666666666667,3,OVERLOAD_BLOCKAGE
0.4493764054343447,0.039869895948566506,0.00013780874558684599,224.93649807362132,1.9643403655288714,-0.0022517187690077644,30.021845997092363,0.4923096904069418,6.657976970378894e-07,0.05333333333333334,1,ENERGY_WASTE
0.32349552466356213,0.16793881300126184,-2.2835823775400498e-05,224.5861459778236,9.291770859138401,0.02798251756598834,30.02633544092242,0.5291173988683627,-0.0004815110708550464,0.5133333333333333,5,INTERMITTENT_CONNECTION
0.35094657821371217,0.02985684779945825,1.7924000035928607e-05,224.81232150057895,2.094780872907398,-0.0028855826211096895,29.986695012416757,0.5001549143001031,-0.0008210670191221739,0.5866666666666667,0,NORMAL
0.3511057567042956,0.026138220428882687,-4.802575684218126e-06,269.8242853126598,2.921713909881028,-0.009417124010766399,30.021921324657537,0.5403234408419836,0.0004261128102870598,0.46,4,SUPPLY_VOLTAGE_FAULT
0.3560515308063118,0.17601926380718355,-1.0344112484107875e-05,225.10950807834215,9.112480098428195,-0.021326294840626495,29.96345609619953,0.46101041382858543,-0.0001988866898167482,0.5133333333333333,5,INTERMITTENT_CONNECTION
0.34920343591980346,0.031223557206082178,-7.901761547317152e-06,184.27725663883055,3.003829399907262,-0.004129036189788822,30.04950073282834,0.5122692144541316,0.00028224962450802736,0.49333333333333335,4,SUPPLY_VOLTAGE_FAULT
0.3501874142165797,0.18275316781877304,-0.00047721569571959984,223.9437390369806,8.710909542999863,-0.00835353177310779,29.991179958509335,0.5566129184102937,-0.0009364885618769615,0.5133333333333333,5,INTERMITTENT_CONNECTION
0.35153420688473924,0.028822381291390083,-5.229353993784208e-06,225.15911326267505,1.798361532181979,0.002704024743174295,29.912648335835463,0.5324655854797058,-0.0012954406272297173,0.64,0,NORMAL
0.44134069921388713,0.055606258561418924,0.0010828724776761071,224.9854345128828,1.9672130131465304,0.004545981528752451,33.14030638480236,1.9449821426441765,0.04262905593661586,0.6266666666666667,2,BEARING_WEAR
0.46490241015544814,0.07100461281462528,0.0014874887497315639,224.75228129093588,2.276171650007478,0.0011720394493258685,34.800661903950164,2.8678845954306005,0.06475832281139303,0.6133333333333333,2,BEARING_WEAR
0.44691419843668134,0.04025536911655016,-0.00012143672084924707,224.8500257816437,2.0037858163168405,-0.002711717212833465,30.02256013378125,0.45195223175119426,-0.0014574311861724116,0.04,1,ENERGY_WASTE
0.3508949094111833,0.17628191918887426,-8.99823569867894e-06,224.66112251103948,8.191119157506133,-0.006961518248080148,29.975475009934424,0.5120607538445971,-0.0001803381326822204,0.44,5,INTERMITTENT_CONNECTION
0.37927763663711456,0.17197240092396915,-2.8912474026055757e-05,224.91910488961847,8.41680571855415,-0.008771546448560257,29.972193718840742,0.4764738092211216,0.00096551750042161,0.54,5,INTERMITTENT_CONNECTION
0.4584549013417011,0.042658336885640795,-2.218269931077157e-05,225.2607979148895,2.1553320741382542,-0.0029863019740511334,29.94766840603086,0.4989382011200667,-0.0009750144665680679,0.04,1,ENERGY_WASTE
0.3534500682148167,0.02752082559259827,2.731589115918936e-05,270.86689996915794,3.1300786761560726,0.005864481074489781,30.010534743681127,0.5087425453378417,0.001107757639246198,0.46,4,SUPPLY_VOLTAGE_FAULT
0.35202567339863405,0.029580187438785873,4.99862176140615e-05,225.04793981047212,1.8882440562725935,-0.007019446291473464,30.020626449464718,0.5323892682341298,0.0021567383748684246,0.6,0,NORMAL
0.348785347456455,0.18105030013335133,-0.000581081846001866,224.4678583935596,9.420559369127004,-0.016246888673422184,30.027727420011153,0.4636520373348691,0.0010685685066162238,0.5533333333333333,5,INTERMITTENT_CONNECTION
0.34924803072223376,0.030065927332905668,-4.438353576972954e-05,225.32826822473038,2.169253119211177,0.0007981727993419794,30.005385750643047,0.4755393144741867,-0.0004857753108103579,0.6333333333333333,0,NORMAL
0.4462212972704692,0.04109035650732383,-8.20661603754135e-05,225.12238220602123,1.944740692673306,0.006432738898317096,30.072023257374337,0.4444865384726194,0.00014865745500719935,0.02666666666666667,1,ENERGY_WASTE
1.2582688659101682,0.21134664131339048,0.004546808647724685,223.77758887942895,2.5830874638510406,-0.005469824681806807,40.758861023960954,4.443296296117021,0.09928468448019664,0.6733333333333333,3,OVERLOAD_BLOCKAGE
1.1812737694345408,0.16970758192268295,0.0035064035506391896,224.25055948214063,2.3826755943371842,0.004935892271546174,39.2310530559994,3.718756384578553,0.08263101032453099,0.5533333333333333,3,OVERLOAD_BLOCKAGE
0.45211773161324326,0.040447010635691026,-7.29103872486431e-06,225.16358052627376,1.9662920752123618,-0.0037442436305000883,30.04158033141932,0.5164472020071307,-0.0007377807016928246,0.05333333333333334,1,ENERGY_WASTE
0.34437659956122313,0.02796590898013257,5.920352708789309e-05,225.202148684223,1.8592062147178363,-0.0009726316754471153,29.913759360699352,0.5154817378769084,0.0021865754641385124,0.6533333333333333,0,NORMAL
0.4526731864525746,0.04167743002678992,-1.9906199499239095e-05,225.21156052538427,2.232545482205104,-0.001588488204906192,29.99095305083226,0.5111258800884855,0.0004690076979513865,0.013333333333333334,1,ENERGY_WASTE
1.2562186786092957,0.2147747932683881,0.004621433004611043,223.8678808575889,2.411083882570332,0.0019760851720119228,39.53823433578383,3.790885352070737,0.08469072103505536,0.6666666666666666,3,OVERLOAD_BLOCKAGE
0.34783971827259813,0.029224899916726405,-8.495529869628127e-05,224.93939387636337,1.8994210044840907,-0.0013969767382293243,29.948369978959793,0.47066240136046683,-0.000861461300718145,0.6333333333333333,0,NORMAL
1.2669189065958797,0.22977530854148095,0.0049300775366082255,224.15958792367863,2.416368920152286,0.001123937267240913,41.18435889971912,4.781187103041727,0.10790782557985978,0.6266666666666667,3,OVERLOAD_BLOCKAGE
0.44948969232183456,0.037800457918135494,7.673190439031789e-05,224.7347863844362,2.0656093490572958,0.0015234655266621485,30.090005534836223,0.4576074290550809,0.0014037702726397065,0.06,1,ENERGY_WASTE
0.35025306769219694,0.03068669628518829,1.269671237227119e-05,186.91349455759894,3.0579192230011247,-0.002794194580448334,29.976805361261608,0.4785713577272465,-0.00042395195175176154,0.4266666666666667,4,SUPPLY_VOLTAGE_FAULT
0.4462796728707999,0.041770631306890404,3.5043681237187913e-05,225.24085153683254,2.0287481463151433,-0.0015407013315703278,30.084399730384575,0.44334920452339316,0.0008249645517410243,0.0,1,ENERGY_WASTE
0.5140480395339808,0.09974843819529475,0.002198194227490346,224.8474866759131,2.1708423955589837,-0.0005339119847321576,34.01737914774291,2.3998258005767,0.05364271180698643,0.56,2,BEARING_WEAR
1.2147907969352645,0.19409018806797884,0.004154853537646274,224.033613911509,2.3342335004045056,-0.0027272230840269954,40.66861434054561,4.767569510854804,0.10785422828553513,0.6,3,OVERLOAD_BLOCKAGE
0.3560082320508637,0.1785956314768158,-0.00021528552256599147,225.88466474261776,8.84359469904809,-0.006680565092427735,29.986533895119848,0.5097355552047287,-0.0009851363617236987,0.5,5,INTERMITTENT_CONNECTION
0.3494195005011112,0.028541495393425258,1.555433148812487e-05,194.29436203909222,3.045564502484424,-0.00821687587944682,30.040719163409378,0.516948216142015,0.00011999749039737142,0.5066666666666667,4,SUPPLY_VOLTAGE_FAULT
1.210629402102515,0.1992485395830667,0.004185369517037196,223.91388514564935,2.1423953348817917,0.00041159863266389143,39.22172782341352,3.79591582479561,0.08412911674379997,0.5866666666666667,3,OVERLOAD_BLOCKAGE
0.4376701594585045,0.053881822605058374,0.0010514444427290194,224.88797861506896,1.9937427905214364,-0.00020708072239746618,33.78344971327602,2.255501049534998,0.04991262858376577,0.5866666666666667,2,BEARING_WEAR
0.4480171864260516,0.03745265298095807,-7.544100876405227e-05,224.94768027380468,1.8612187189841345,-0.0006993377707366028,30.05784325874767,0.5236722898741839,5.7455257514003764e-05,0.04,1,ENERGY_WASTE
0.35089073569015766,0.028781499625265612,4.4598875906906687e-05,190.6359982857394,2.8238349961452682,-0.008755338576560691,29.97970581215217,0.4828992589222643,-5.736725752274701e-05,0.5133333333333333,4,SUPPLY_VOLTAGE_FAULT
0.3530744121449699,0.02894023069437666,-2.104147588553249e-05,224.72975115337292,2.0220531179390915,0.004261068619985161,30.025862502667945,0.5037363791157992,0.0008801143239445725,0.56,0,NORMAL
1.1950912568867234,0.18577160812374055,0.003971652222745016,224.00999535113252,2.4091357763330428,-0.003781665549229523,39.18804998031211,3.7095256326042,0.08281341308378143,0.5733333333333334,3,OVERLOAD_BLOCKAGE
0.34172545338622046,0.16951818710132346,-0.00013522572816281064,225.28671315789174,9.910503662371257,-0.015874956182748843,30.016842213633886,0.4758161187618329,0.0003759290601582241,0.46,5,INTERMITTENT_CONNECTION
0.3520846553884984,0.03023640373756847,4.624569592153234e-05,224.76760196462536,2.125356091851547,-0.006924918462970441,30.022859105545127,0.48264637649792175,-0.0008554400501676744,0.6066666666666667,0,NORMAL
0.4540453235719559,0.04178625948833129,-0.0001092150489476404,224.90598435061844,1.7992729015776516,-0.0006250506367010796,30.09854450685129,0.5182415801465518,-0.0005000859107856876,0.02666666666666667,1,ENERGY_WASTE
0.3238070413297279,0.16913233790930432,0.0005074380343956652,224.1499990475766,8.480509416613314,-0.026887594701741204,30.079121806727173,0.5060774260772944,-0.0006125810469716458,0.42,5,INTERMITTENT_CONNECTION
0.34864962859935705,0.028712624662470987,-2.689638069997271e-05,193.83021119513782,2.972625778867051,-0.0007496789857182438,29.96663064571009,0.4850953244652424,0.0002504980569841095,0.49333333333333335,4,SUPPLY_VOLTAGE_FAULT
0.34957152952050063,0.03165047953976629,-5.735212901185553e-06,225.07545433779907,1.8756031403124942,-0.00500831104200747,29.988777213292366,0.4670710786986857,-0.0006858106346315347,0.6066666666666667,0,NORMAL
0.3515809091172516,0.03067915705808712,-0.00010880730021062595,224.8907957880911,2.0438321972357913,0.001436219714373838,30.061963495915066,0.4991102822026979,-1.3290641543159457e-05,0.5866666666666667,0,NORMAL
0.44911796535206655,0.0405959959338746,1.2444717082959794e-05,224.7381323397194,2.1264478744954536,-0.002483079027081997,30.062315961385952,0.5045217093108942,0.0012007777100525119,0.013333333333333334,1,ENERGY_WASTE
0.49332591767421546,0.08587647093125075,0.001858723659104915,224.94515925770324,2.0053437654796125,-0.00021527196904662453,34.6860184922031,2.7661845047570472,0.062396803482536435,0.5533333333333333,2,BEARING_WEAR
0.3503065303870856,0.02855799677367071,5.8192364993240595e-05,225.1016404266081,2.0123214616822485,-0.0033678798083254143,29.92516538286254,0.5065316043121466,-0.0016016746326233547,0.5733333333333334,0,NORMAL
0.35439759060295506,0.028486617444380215,-1.1494239973675268e-05,225.08955152830129,1.9502150492833261,0.0015125587406639048,29.977127114455428,0.47666244750867176,0.0010691424502040174,0.5133333333333333,0,NORMAL
0.35443208695419304,0.028799564080733305,-1.8714897493098622e-05,180.48595291127359,3.262890895174951,0.002903047423442734,30.03268947716546,0.506332408923532,-0.0008825085073631917,0.5866666666666667,4,SUPPLY_VOLTAGE_FAULT
0.34802788856980943,0.029790233640615112,4.75541224214015e-05,177.29358414662468,2.9590048189616662,-0.0008933725168848467,30.029253231310935,0.48265155912142244,-0.001260134365661276,0.42,4,SUPPLY_VOLTAGE_FAULT
0.4524672295838231,0.03908479987524945,2.3762502472353978e-05,224.66359039339935,2.0824558317895754,-0.002646125194996817,29.970247037130903,0.502799972703402,0.0006602325044872352,0.013333333333333334,1,ENERGY_WASTE
0.4848462114000583,0.0834624403027529,0.0018033996651836742,224.88379920561215,1.969773186682181,0.0009414404705947476,33.89809871346497,2.4174446708919373,0.05398578711697601,0.6466666666666666,2,BEARING_WEAR
1.2512006917905987,0.21340756193403185,0.004576040936395991,223.98757714138065,2.5162588091809766,0.001971856824644689,41.54115388853569,4.9446704369692,0.11209017238920498,0.6333333333333333,3,OVERLOAD_BLOCKAGE
1.2466384831638488,0.2136216773693768,0.004581475862761966,223.8908794914494,2.3351120261928777,0.004225055330733517,41.4634683264117,5.002720908117559,0.1134166279523453,0.6066666666666667,3,OVERLOAD_BLOCKAGE
0.3503506051470351,0.029475733958814216,3.748228087909602e-05,182.90044941960252,3.1518324144119525,0.015226617706548163,29.97650950657519,0.46844451935498965,0.0011660089480305526,0.5266666666666666,4,SUPPLY_VOLTAGE_FAULT
0.450969678187869,0.04225476917449743,-9.904896192096544e-05,224.9792281045532,1.964530629515064,0.0014158706080862203,30.039367109554313,0.4705427350997438,-0.00010207113682253112,0.05333333333333334,1,ENERGY_WASTE
0.35054688814384016,0.02945910283097989,3.526053779393906e-05,224.93531565096393,2.0539062487762663,0.006936648058008482,30.017767274953265,0.524015307064784,-0.001672429675369786,0.5733333333333334,0,NORMAL
0.3482635813495357,0.028588564692524507,3.886761643601028e-05,194.83449437901004,2.9293159857736653,-0.00022756404579480467,29.967114316381547,0.43377597669148793,0.00017103493213465432,0.5066666666666667,4,SUPPLY_VOLTAGE_FAULT
0.4464949321776151,0.06106034609585631,0.0012701842238728976,225.2494697332456,2.0396646713008,0.012745502223697637,33.40767305185609,1.933778368309755,0.04212415963137343,0.5733333333333334,2,BEARING_WEAR
0.34955153145846696,0.029327071209159554,-2.269699611160231e-05,225.15159641953133,1.8963613429740762,-0.004438638178416,29.97943529380728,0.5048561569750802,0.0008999434899670876,0.5733333333333334,0,NORMAL
0.3497450093428776,0.03224558442855082,1.06843338385846e-06,272.00514620624494,2.911347228072148,0.0038201354037541804,30.049164389192065,0.5030855850323239,-0.0017288210615584942,0.48,4,SUPPLY_VOLTAGE_FAULT
0.3404121531482538,0.18087285234043457,0.0003305255387628114,224.88668256585453,9.299432118257364,-0.0059395249325018195,30.026635704362572,0.4677488993250786,2.2053053843217957e-05,0.5,5,INTERMITTENT_CONNECTION
0.5154779359101576,0.1018559736506787,0.0022428217839311443,225.01598892857749,1.90929691719735,0.004681055052236336,33.93901021741536,2.345110642194276,0.05228720011114774,0.64,2,BEARING_WEAR
0.36147189666695806,0.17069769112191435,-5.191332762745309e-05,224.8007366732056,8.459900529576903,0.006239414423646273,29.980638645435818,0.4963733103428672,-0.0007887844334812121,0.44,5,INTERMITTENT_CONNECTION
0.44991828996726646,0.03461671215923691,-1.2381542504268132e-05,225.15681523633324,1.978791590199306,-0.0013641786796236952,30.025523142523088,0.49650802654165693,0.0014212500016257915,0.02666666666666667,1,ENERGY_WASTE
0.3517866855585736,0.030142667015004093,8.888205089888756e-05,271.6964669648922,2.8501186373188214,0.00442773785419004,29.97158532475432,0.4833780587346996,3.225144598933685e-05,0.4666666666666667,4,SUPPLY_VOLTAGE_FAULT
0.4518151101989114,0.03969602351955227,0.00016103565306559294,224.9659659167595,1.9477455409940612,-0.0047758465722167335,29.928386946273857,0.49939699801543497,-0.000331298585648089,0.02666666666666667,1,ENERGY_WASTE
1.1155735900639656,0.14475117859586673,0.0028645258138856634,223.81874558368688,2.5541904942005274,0.002912976572460049,39.74328065190006,3.9821076073707005,0.08907976484063965,0.6333333333333333,3,OVERLOAD_BLOCKAGE
0.35210735299450535,0.026654131769883748,-2.3002777074233053e-05,261.1326216761797,2.8600080666229046,-9.85870410847778e-05,29.96136596237809,0.49073158142647466,-0.0012401768671343309,0.4666666666666667,4,SUPPLY_VOLTAGE_FAULT
1.2266868469045582,0.20688917807141527,0.004487593175153001,224.19375284654672,2.1542687375662433,0.00031346178532524576,40.65564134220224,4.597752337307919,0.10300245092570445,0.64,3,OVERLOAD_BLOCKAGE
0.3514322728856609,0.030164654260833125,-3.908913843049563e-05,184.71853627334227,2.9059275136638565,0.006520747531370102,30.002207110802228,0.4885695407447166,-0.00013847421047323474,0.5533333333333333,4,SUPPLY_VOLTAGE_FAULT
0.34945250252028587,0.028278630168211576,3.203279985915124e-05,224.89006184435254,1.9438868293635296,0.002460700727752651,29.981383323995615,0.4866390293124077,0.0020869498982686407,0.5733333333333334,0,NORMAL
0.3468985922568896,0.17825623854588588,0.00033259197109821305,225.7676082466341,8.631598861830323,-0.013218672918325002,30.033712097406152,0.51319173470976,-0.0004215694057778422,0.52,5,INTERMITTENT_CONNECTION
0.4489547716965683,0.0345711312529648,-9.042742724651347e-05,224.8064811604507,1.988385543367427,0.007956507427367808,30.027406753467307,0.5191312930102411,0.0017696567168088676,0.04,1,ENERGY_WASTE
0.35219989301218174,0.029411065572649015,4.599516305730806e-06,180.8241226434732,2.986161289608458,-0.006626470949578701,30.041315627316866,0.5177254790981437,0.0003118669401617283,0.5466666666666666,4,SUPPLY_VOLTAGE_FAULT
0.34759036383673503,0.029982403415574826,-3.871832380329693e-05,224.89462771766736,2.058495557137442,0.001452495857617204,29.953434809682317,0.46831547163777065,-0.00137259026133927,0.6266666666666667,0,NORMAL
0.4513924369148265,0.0392819982813181,2.980455602665277e-05,225.0198146469829,2.0503802057072678,0.002218898364577897,29.8875151373358,0.5222301132255616,-0.0002485981225381181,0.06666666666666667,1,ENERGY_WASTE
1.2013919331106728,0.19894582691815169,0.0041887489592128775,223.86815301973664,2.6250923517000513,-0.007502976179179831,41.852585270998425,5.188030582840462,0.11754776480430186,0.5933333333333334,3,OVERLOAD_BLOCKAGE
0.4472289914744063,0.03666232520789442,-6.02617832693686e-05,225.20379621690628,1.8092894425932,-0.00328222953070745,30.04833618679655,0.516993914426203,-0.0014547253797504776,0.013333333333333334,1,ENERGY_WASTE
0.34956763736638985,0.02903985224160656,4.494931076471727e-05,194.2021159858565,2.78708414565664,0.004904419426085054,29.991524152291465,0.4634753851357896,0.000908707442165201,0.5066666666666667,4,SUPPLY_VOLTAGE_FAULT
1.2804960604248745,0.23902399325872456,0.0052441075015820455,223.74316685440107,2.572584135924358,0.00754291815416719,42.202833978456816,5.455303741689797,0.12365406771896387,0.5866666666666667,3,OVERLOAD_BLOCKAGE
1.1105136794168318,0.13364300335426177,0.0025261876215854294,223.97779573525827,2.554040490360886,-0.003953556744287071,41.564263517574965,5.105678688620003,0.11529539136472379,0.5866666666666667,3,OVERLOAD_BLOCKAGE
1.2551969040285693,0.22677821136984475,0.004915962050555072,223.75865177781534,2.5898212878003246,-0.0052533926821891905,39.92244010942083,4.201788228729649,0.09363648841495735,0.5666666666666667,3,OVERLOAD_BLOCKAGE
0.35271799969544504,0.03019191041472645,4.75462264990543e-05,224.66222485884617,2.0574032018776895,-0.007179398303409481,29.98026760588274,0.46955884792108565,0.0007887903365419845,0.56,0,NORMAL
0.3419919088179298,0.17083694285143242,0.0005202522933227752,225.10322757999305,8.465170056982009,-0.002910257658477241,30.084890494751367,0.48357726274722995,-0.0012912146453419877,0.49333333333333335,5,INTERMITTENT_CONNECTION
0.34802021767740543,0.029498009003779867,2.0733292611946425e-05,179.53699645785105,3.052044729563619,-0.006341115817932984,29.976377236702415,0.49684854102361964,-0.0019056912218315528,0.4533333333333333,4,SUPPLY_VOLTAGE_FAULT
0.3320303616016595,0.16914117559704517,0.0002548999463604271,224.0799910721773,9.315695620873264,-0.0018239727803645949,30.009234379639615,0.47375300360193184,0.0010629671114139618,0.52,5,INTERMITTENT_CONNECTION
1.166271088405776,0.16968508176002975,0.0035035117048415458,224.12850620816846,2.3969563688202484,-2.12605148762822e-05,40.44975291953909,4.324291530899886,0.09749542288246126,0.5866666666666667,3,OVERLOAD_BLOCKAGE
0.35137064722888994,0.03138098475060083,2.5256399599174246e-05,225.02500804175054,2.0142950194823825,0.003400250127996855,30.029803170407444,0.521997309547962,-0.0006504721699043639,0.6466666666666666,0,NORMAL
0.3507217319312235,0.029325707846972943,-5.3628583836998155e-06,264.7170646085924,3.1765839751636125,-0.0024324073980328703,30.019996216524607,0.5361005823035776,6.282049902145309e-06,0.5266666666666666,4,SUPPLY_VOLTAGE_FAULT
0.44966152518737734,0.042293786520284204,-6.450178305478596e-05,224.7454266139898,1.9277561851840563,-0.0034048677604464096,30.084093750580777,0.4344329750033274,0.0012576048593782006,0.04666666666666667,1,ENERGY_WASTE
1.1655211589133672,0.1781742545235225,0.00363973176485804,224.1444859187356,2.513781603402611,0.006107933545779019,41.29286321626365,4.887704605616615,0.11045841184558033,0.66,3,OVERLOAD_BLOCKAGE
1.2488626194145427,0.2135011893672441,0.004581595474935824,223.8636429248887,2.403041141972892,-0.001455408869191849,40.13364607301002,4.391558680916438,0.09872121944219381,0.6066666666666667,3,OVERLOAD_BLOCKAGE
0.45474433087282656,0.04169124035973092,-1.080225446363038e-05,224.52309991500118,1.796405475648825,0.001522924418190203,29.925264987273465,0.48850085247596237,0.0017190361333560419,0.02666666666666667,1,ENERGY_WASTE
0.4597292084678726,0.0737056258127728,0.00152335416240617,224.7843780130311,2.0334225856530703,0.0007196799519479989,34.01360350139031,2.494852593520609,0.05594855666698539,0.6933333333333334,2,BEARING_WEAR
0.34807223886748906,0.03163073764155313,3.7340405433139824e-06,224.90554867701115,2.026248830061638,0.0031416229231198247,30.05974065819018,0.5108821571279937,0.0004994469524873866,0.5466666666666666,0,NORMAL
0.45226228863462914,0.04008640421504891,-0.0001670349046795382,225.16563992112845,1.8316253396198052,-0.007391764189936976,30.06177604377615,0.5184228104107698,0.0003103847227739795,0.04,1,ENERGY_WASTE
1.253767944869154,0.21700916074069285,0.004620439355554421,223.81643696090424,2.495084731072616,0.004970456756067437,40.177950135150276,4.388339330951117,0.09799603860365756,0.6266666666666667,3,OVERLOAD_BLOCKAGE
0.3607182165303477,0.18402549004390914,0.00019743826189304577,224.4721935126967,9.497249841451184,-0.00899482690043156,29.970862225616997,0.4990384296115825,-8.5435965888932e-05,0.46,5,INTERMITTENT_CONNECTION
0.34937030380191497,0.03043610789429604,1.728500739609375e-05,225.09369921421012,2.1344297755618586,-0.00030316517021619204,30.058449037283474,0.5138439577116873,-1.801886382520695e-05,0.6066666666666667,0,NORMAL
1.1582378500763952,0.1660032175814966,0.0033854817299230717,223.78774275337815,2.3609690249817663,0.005612626033010498,40.34618927408905,4.3931108657993345,0.09857956024773538,0.5733333333333334,3,OVERLOAD_BLOCKAGE
0.35029036838982563,0.029505719150391203,1.3476031701614222e-05,225.12088841294855,2.008338154369213,0.0034019883615524064,30.030717896294245,0.500941139069605,-6.103505331530006e-05,0.62,0,NORMAL
0.45199869096262146,0.0432298423174578,6.836137024366763e-05,224.91687633558627,1.9582919773652963,-0.005378771906473885,30.005619772986375,0.5079750657433365,-0.0005594318171732935,0.03333333333333333,1,ENERGY_WASTE
0.45185907917421464,0.03865924073567127,1.8204153415995992e-05,224.88565586608854,1.7368841852166266,-0.0010652037751904878,29.99542021474513,0.4877772988432572,-0.0004861155268559199,0.006666666666666667,1,ENERGY_WASTE
0.4473000867551331,0.038976901414343054,2.3980600022675972e-05,225.26515590175958,1.9616447514063147,-0.00015440307647405645,29.983714375406354,0.49346857146582285,0.0007617501016863265,0.04,1,ENERGY_WASTE
0.3453179497760002,0.17482879639139184,-5.166284953554612e-05,225.4710715448214,9.103133267457103,0.04979893012411838,29.96465172715918,0.48019374898788253,0.0011820050520448217,0.47333333333333333,5,INTERMITTENT_CONNECTION
0.3644884471318556,0.178730254684855,-0.00036278232831657534,225.52136677846673,8.71078845371109,0.02306051169855892,30.053683752211782,0.5043136122169066,-0.0007960510407311326,0.5066666666666667,5,INTERMITTENT_CONNECTION
0.352656453744536,0.17987082018540748,0.0008736995771874422,225.07001856568743,7.561102320336165,-0.011767253666803378,30.051586676297255,0.5128664307712173,0.0012224874962287044,0.5933333333333334,5,INTERMITTENT_CONNECTION
0.35037700314288905,0.02886966819301657,0.00017632242914117927,224.902984887171,1.8900562488682902,-0.0023931231170709172,29.97960617092186,0.4886167303697389,-0.001871861448273015,0.52,0,NORMAL
0.3608625102019093,0.1735396935666353,2.3680468068727224e-05,225.96185257180147,9.187893383618377,-0.03529190465160757,29.999700995073272,0.45606490839160946,-0.0004458607642293696,0.5933333333333334,5,INTERMITTENT_CONNECTION
0.5250959679095414,0.10222059010418337,0.002286675082906894,224.9683472810256,1.8756349979334122,0.00011469273336873372,34.716127022341844,2.7641376262307373,0.06232575356088472,0.6,2,BEARING_WEAR
1.2866022213737482,0.23792045007179666,0.005097904706599086,224.01067235353975,2.072815941714667,-0.003849187120248878,39.78433892405528,4.066685836411023,0.09092222305576046,0.56,3,OVERLOAD_BLOCKAGE
1.2063300193694586,0.19391655128998075,0.004149865109981933,223.6754761043552,2.628132600842441,0.00018026221098533304,42.62360621646293,5.871330806703343,0.13311212544685933,0.6066666666666667,3,OVERLOAD_BLOCKAGE
0.4499791857218368,0.040032758240984075,-7.6112639113552926e-06,224.84567842477293,2.0348644373857763,0.0006048316146818992,30.009497271308057,0.5340617078762719,-0.0007465960739310976,0.02,1,ENERGY_WASTE
0.3479838132497817,0.026717581899567102,2.300817433179461e-05,186.38666046773253,3.0657279915746765,-0.008328648346719831,29.98616945546015,0.5020586394827081,0.0003330704565436545,0.5266666666666666,4,SUPPLY_VOLTAGE_FAULT
0.4452111177612077,0.05916072318465373,0.0011946063694430718,224.8248248901851,2.042853487976763,0.0029066179453497414,35.97459939082375,3.4987760898152307,0.0794828519134918,0.66,2,BEARING_WEAR
1.2314409360731617,0.21246747488647041,0.004468602318411753,223.96331895665256,2.347754218017926,0.00521684870021745,41.511031985211105,4.951196180506646,0.11145804776961163,0.6266666666666667,3,OVERLOAD_BLOCKAGE
0.4950707816007762,0.08805908344406191,0.0019170947514180867,224.86511390553997,1.9898230764538576,0.0018795855145493198,35.01988141648545,2.92297252078211,0.06643891789501417,0.56,2,BEARING_WEAR
1.1934674543503268,0.1837158599694457,0.0038234234507821016,223.97459214469248,2.4091159898036776,0.005150202878704631,41.87911611468584,5.243781763480758,0.11861630290691323,0.56,3,OVERLOAD_BLOCKAGE
0.47976033058538625,0.08238718142031926,0.0017911264845004628,224.80122288120154,1.8597245285937667,0.005389964664428201,33.39435131073978,2.1542340138371285,0.04750893947237394,0.68,2,BEARING_WEAR
0.35688705274984606,0.1503443201750295,0.0004303719024468441,224.575817249028,8.933013261639555,-0.007141230768487522,29.97757473035148,0.49126950426211424,0.00041676881995759166,0.5,5,INTERMITTENT_CONNECTION
0.4541677435407971,0.06734556231189996,0.0013719681136098493,225.2481301493098,2.214285899288482,-0.00681658628348013,35.15132923758682,2.945630658240045,0.0666228519942042,0.54,2,BEARING_WEAR
0.37399917628797474,0.17204824170744062,0.0005524863190974953,225.3650980133545,9.189593465883336,-0.003689305953831432,30.02059667850204,0.5033981669251725,9.512448639240307e-05,0.5133333333333333,5,INTERMITTENT_CONNECTION
0.3547565110543798,0.032242812066958434,-4.498444860460718e-05,225.22099640326672,1.9611489288338504,-0.0008154553565423438,29.9162053068445,0.4976350947333715,-0.0010748406199799217,0.5066666666666667,0,NORMAL
0.4709704875193981,0.07606924853234846,0.0016331527340466632,224.76573500437146,1.9776727952003652,-0.002537879793298871,35.910761613198034,3.50158982914948,0.07972390689851096,0.6133333333333333,2,BEARING_WEAR
0.3474219747710164,0.02852528677904296,3.6620495094418294e-05,188.17520671097728,3.122986968714109,0.0019897290267724198,30.021694528531178,0.5057351158538355,-0.0021261632237581387,0.47333333333333333,4,SUPPLY_VOLTAGE_FAULT
0.45239250387512914,0.06712808972950135,0.001390071582707943,225.08307433812365,2.019660410267397,-7.007714770927886e-05,34.47964872507384,2.5920932383164885,0.05838218318168532,0.5666666666666667,2,BEARING_WEAR
0.36059756823891764,0.17521947135828436,-0.0004407202118252419,223.78113172857576,8.917026837176966,-0.022056566491600697,29.971871920974973,0.5025723672667292,-0.00201507478744296,0.49333333333333335,5,INTERMITTENT_CONNECTION
1.1742035709408871,0.18363379002153488,0.0038302198630907683,224.13941768781606,2.3356922693750177,0.0015654994094518601,42.850593222915265,5.848485634899508,0.1332267626154028,0.6066666666666667,3,OVERLOAD_BLOCKAGE
0.34277554880570943,0.18596393619527316,0.0002187768754002449,224.73531040698344,8.640134576319747,0.014695046913125747,29.989824502881408,0.4619843407035369,-0.00047706022964478985,0.46,5,INTERMITTENT_CONNECTION
0.34989209499875745,0.030180929814416807,-2.723709313188835e-05,269.75187122318226,2.7456585686234005,0.002934429872275185,29.944039083737298,0.4952975594802398,-7.812896675068998e-05,0.47333333333333333,4,SUPPLY_VOLTAGE_FAULT
0.36615808689777457,0.18141971234829668,-1.9329455464277626e-05,224.71663714025132,9.353249415153888,0.003133198282284016,30.085019888296138,0.5138265561077976,-0.0004955481611284769,0.48,5,INTERMITTENT_CONNECTION
0.3487209961617185,0.026958018988223583,2.3081070448953056e-05,224.91270664580068,1.8476992238942704,0.004458094812815424,30.028246239212518,0.5258814877708494,-0.0014484836084996788,0.6933333333333334,0,NORMAL
0.34836263130270567,0.03024588873429376,1.961213379009696e-05,224.6290030968974,1.8857420351840966,0.008229463732279936,30.08420234923733,0.491257174745644,-0.0005329954619197532,0.6733333333333333,0,NORMAL
0.4465100708799359,0.038348118234843506,-7.058873783877506e-05,224.97871774382074,1.9799806702990526,-0.002453102741890554,30.02078285277834,0.47977584604258494,-0.0005704113305913063,0.05333333333333334,1,ENERGY_WASTE
0.3509494155942307,0.03132589771089698,-4.806508522101596e-05,225.1582318880066,1.940284403867504,-0.005197204478557181,29.998330089195115,0.5327253370702894,0.0005094409971134932,0.5933333333333334,0,NORMAL
0.3539442127677911,0.028792285615272584,-2.0923634476056972e-05,225.11095209840977,1.9312889729037073,0.003335488532169052,30.057163584981474,0.5513451876283585,-0.0014780647793605473,0.62,0,NORMAL
0.34456055518629597,0.03102715161496419,-5.1150160647596005e-05,177.6176059127072,3.197511173785108,0.002803441236523692,30.095021347959335,0.48791118418377644,0.0012951600374969845,0.47333333333333333,4,SUPPLY_VOLTAGE_FAULT
0.4768970261849104,0.08090063294258107,0.001720962579847114,224.96706324709746,2.037055970983942,-0.001410704643411439,34.691129011409494,2.7839220641512803,0.06314274365764412,0.6266666666666667,2,BEARING_WEAR
1.2112338626571975,0.18965587615110183,0.004008510306485306,224.05598348575415,2.3800251501328145,0.0012913036740189066,40.884717055503536,4.605285999317408,0.10397384517703914,0.5933333333333334,3,OVERLOAD_BLOCKAGE
0.35665564090102597,0.1852968067959873,-0.0001823195456471732,225.9319877988985,8.999642467526705,0.011587867472683139,30.02371956269258,0.5148541727994034,-0.0008843197377383951,0.46,5,INTERMITTENT_CONNECTION
1.221577194119573,0.20093204820870358,0.004223275043046034,223.82249933676047,2.375206109078026,0.005644864017814188,40.43443817084674,4.389040278994494,0.09875726732177324,0.58,3,OVERLOAD_BLOCKAGE
0.36353830437995743,0.17064262685016107,0.000194506632394359,223.61479836840726,10.634467803067176,0.021720261340389756,29.998355417272894,0.48446303070472096,-0.0004904514276869652,0.4866666666666667,5,INTERMITTENT_CONNECTION
0.45227915579320266,0.04432696813199502,6.560968196190589e-05,224.9901144340032,1.8900701453932636,-4.90000778982484e-05,30.06138655633235,0.5195101318759962,-8.43502184812062e-05,0.04,1,ENERGY_WASTE
1.2419207032799868,0.21585158990371298,0.004577495238213014,223.90250687149964,2.6542162850432867,-0.007484265534532374,42.13009788481808,5.332395963393711,0.12147816285011015,0.5666666666666667,3,OVERLOAD_BLOCKAGE
1.17225620377714,0.1862178849675638,0.003911828388015455,224.20810967393606,2.378209500356482,-0.005699813977796757,40.30769807517293,4.358986112131769,0.09761343021336516,0.62,3,OVERLOAD_BLOCKAGE
1.2622136169423803,0.23117889500852215,0.005055485312760176,223.8535123684437,2.589724886491712,-0.010606090477293934,42.046461168815085,5.252364455017434,0.1192820307527699,0.58,3,OVERLOAD_BLOCKAGE
0.42565747135421395,0.054872393468800115,0.0010696281609352217,225.07219775289298,1.8870906536743197,-0.004910914643853337,34.457413315848754,2.6870245287002774,0.06040181674392271,0.5733333333333334,2,BEARING_WEAR
0.34883849855067883,0.029327131711637054,-9.022410453292705e-06,224.96694012646302,2.0612396454207937,0.005144109977510761,30.03367267740309,0.5092582191092079,-0.0017203632544735773,0.5266666666666666,0,NORMAL
1.1446347635318175,0.16198731850670023,0.0032274913529489763,223.8843346138023,2.605074509387311,0.006462697081196505,41.736028829170586,5.126400387899002,0.1162368816645359,0.5666666666666667,3,OVERLOAD_BLOCKAGE
0.44779423684892855,0.04059725952851316,-6.593522730116854e-06,225.17442736190918,2.0233855492639217,0.005713701326113329,29.97025925393032,0.539006561951944,-0.0007803873426229262,0.03333333333333333,1,ENERGY_WASTE
0.4497885052612774,0.04065875035527936,8.789372780339499e-05,225.18280318135947,1.8923865808895606,-0.0011524823577915922,30.01858493184946,0.4670208188057519,0.0002726809399186728,0.04,1,ENERGY_WASTE
1.1291054085581251,0.17153222473349797,0.003509729057500751,224.4825154180947,2.725849105990544,-0.011246238927925789,42.30891112258448,5.468874055944058,0.1238655261055884,0.58,3,OVERLOAD_BLOCKAGE
0.3534382347550276,0.02914458648688467,-3.8888509359451215e-05,225.010038018935,2.1809276550548047,-0.0035050071184406354,29.96932509623034,0.4786341211178127,-0.00028716323338734786,0.64,0,NORMAL
0.3493854970802281,0.02875888718465428,-7.550240117910064e-05,271.98321845394355,3.0526910575603297,-0.0028684002742112706,29.99072914523333,0.5267478597845604,0.0008761860112830418,0.49333333333333335,4,SUPPLY_VOLTAGE_FAULT
0.44682884661960043,0.04279427029163033,-0.00010461271682449762,224.70836324078428,2.089502831125672,-0.0034084046308225173,30.023036698702114,0.4760375645292787,-0.0015016548515898122,0.006666666666666667,1,ENERGY_WASTE
1.1072203499982756,0.14634861277251618,0.002739851471196466,224.30818007664382,2.5530729328628783,-0.004469829620269486,39.272777889654584,3.825842546227547,0.08600817166231926,0.6266666666666667,3,OVERLOAD_BLOCKAGE
1.2869920848415146,0.2361938339613013,0.005118544793054402,224.23996713754315,2.7469916587831817,-0.0008781598889143359,42.44278858242857,5.528016846600648,0.12567775498544467,0.6333333333333333,3,OVERLOAD_BLOCKAGE
1.2388843382270676,0.20371778631882087,0.0042974388529934205,223.6780293443511,2.345740935787071,-0.00304315047798936,41.544329288473016,4.95506849157434,0.11270456082480618,0.5933333333333334,3,OVERLOAD_BLOCKAGE
0.3486242074424257,0.02566635089378289,-2.3003465710805067e-05,225.08401867404066,1.8816420502430171,0.002838839469227363,30.047244144008115,0.4484043431841256,-0.0007564688686155478,0.5933333333333334,0,NORMAL
0.4731835356766962,0.07600140531063401,0.0016079456887858577,225.19826062057817,1.8224404016501727,0.00313843762469515,34.84614457840844,2.8144888504333863,0.06311117077592864,0.6533333333333333,2,BEARING_WEAR
1.1956279466379025,0.18987919377978046,0.00387029008407287,223.90191863601018,2.306490222744501,-0.004340522666230247,41.5963876521412,5.1046629542714275,0.1158804399511424,0.6533333333333333,3,OVERLOAD_BLOCKAGE
0.45462077966074693,0.039536411203870934,0.00018090737625747286,224.70503783229293,1.9697841574509403,-0.001381490553904369,30.025151342024618,0.4868239069793291,0.00035245308638930415,0.04,1,ENERGY_WASTE
0.3683991949940324,0.1772409861850804,-0.00015216365760780168,225.62663987378576,8.488370334914075,0.004665346901103391,30.009740404036208,0.49710237289843173,-0.0001307731596896147,0.49333333333333335,5,INTERMITTENT_CONNECTION
0.3487488140492016,0.02640124731162866,2.0719640258563007e-05,191.84265114707637,3.006077662740121,-0.005424801094651857,29.99503195180372,0.4928461245268883,0.00018642967115580595,0.4866666666666667,4,SUPPLY_VOLTAGE_FAULT
0.3477176057075235,0.029008590949864074,-3.9009020356772066e-05,225.15186820288932,1.9208068203928437,0.0015675507874846337,29.98325112204765,0.46206994107797095,-0.0009249718345256586,0.5466666666666666,0,NORMAL
0.3680699781723947,0.18933965611096548,0.00035209154265317794,225.11852661889938,8.611939805343894,-0.01014666463906417,29.959531710044285,0.5629665607069466,-0.00019513438856671197,0.43333333333333335,5,INTERMITTENT_CONNECTION
0.4483527201364812,0.04155833266427154,-4.872552977916227e-05,225.0619256584696,1.9820637291191279,-0.004672242973167498,29.991423144755075,0.5379247510900692,-0.0009900597737999889,0.013333333333333334,1,ENERGY_WASTE
0.5105225420418363,0.0958854177440949,0.0021205932449831996,224.76189089242456,2.049931736844249,0.0014499757290718184,32.93413890176278,1.8866707956354225,0.04140687873623271,0.5933333333333334,2,BEARING_WEAR
0.3506715974540585,0.027160907247044536,-3.60897410191144e-06,179.4583709976956,3.0633626614782217,-0.006617818533314718,30.06741749616876,0.5075918596830239,-0.000996149718735465,0.4866666666666667,4,SUPPLY_VOLTAGE_FAULT
0.36812872315576023,0.1726352913867679,0.00030581041228810855,225.02544986710637,9.361198608417242,-0.013949850590986617,30.00864328501792,0.49918193697738883,0.001205626414500133,0.5333333333333333,5,INTERMITTENT_CONNECTION
1.1526676366568351,0.16067531361331513,0.0033195858820213513,224.13121049931524,2.30989872867567,0.001540754095999873,39.57117005309209,4.173375117369394,0.09340600619819002,0.6,3,OVERLOAD_BLOCKAGE
0.3450258360871063,0.029496287460511868,4.566201384434357e-05,224.79663016339086,1.977016696791326,-0.00390361653400715,29.999173331310583,0.49842136618960253,-0.0007994883936726548,0.5733333333333334,0,NORMAL
0.3516758049760793,0.0316425136809981,1.864595009573463e-05,225.0869438770492,1.9651136912368232,0.00237298438033444,30.0401239688503,0.5151985776238096,0.0021758670581248584,0.6333333333333333,0,NORMAL
0.35153031033308413,0.027447970663806172,7.166855333646357e-05,224.90713903332949,2.0006027073656463,-0.006191329343236644,30.014752477314058,0.5455947241990028,0.0002869369762368128,0.6466666666666666,0,NORMAL
0.44677437119508273,0.04360962374024236,-2.201804855279418e-05,224.98587426303808,2.332841383233208,0.0017947646935929375,29.932305882248905,0.4854122229793357,-9.921268492427237e-05,0.04666666666666667,1,ENERGY_WASTE
0.3558628806679947,0.029898708298458896,5.083647347123262e-05,225.28751663135844,2.1120320477213954,-0.0009295578154620942,29.980338440057338,0.5006163020980189,-0.0006518475367149647,0.5666666666666667,0,NORMAL
0.3496014746913767,0.026257165430159646,9.077347263817287e-06,183.87979988461365,2.9426734776000543,0.008882052414040113,30.004964336986024,0.5426974371494917,0.00087325601890941,0.54,4,SUPPLY_VOLTAGE_FAULT
0.34957405724480217,0.031422838202640954,-6.0970373498622525e-06,224.9590375058632,2.0080892436738322,-0.0002942169528359093,30.033994482407845,0.4974550297004917,0.0001730382360502779,0.6066666666666667,0,NORMAL
1.196615052340222,0.1876350938397038,0.004001640380517257,224.15600871760637,2.5505507172286617,-0.009035510291702879,42.557232696006245,5.802042608976879,0.1322258193962198,0.5466666666666666,3,OVERLOAD_BLOCKAGE
1.2343482519167321,0.2079411455739436,0.004436058830120935,223.95047083801168,2.34414971328393,-0.00020258187182704726,41.56189787158124,5.060508685538427,0.1149201466708086,0.58,3,OVERLOAD_BLOCKAGE
0.43250101651688094,0.05636058980957659,0.001085622369277825,225.09890262504555,1.8265462214059223,-0.0030776220489390476,33.520673947920066,2.2588376397827177,0.05020754753078488,0.6133333333333333,2,BEARING_WEAR
0.34693662092130384,0.031744552263892965,-4.827616282379991e-05,274.5189406561449,2.950063105969883,0.003972015921321204,30.015623113260244,0.45345745674431986,-0.0001443099918124922,0.5133333333333333,4,SUPPLY_VOLTAGE_FAULT
0.3481977834919511,0.029057785141201165,-1.72625400851011e-05,225.0042987789299,2.045950953957205,-0.0013257243414455519,29.959001801250512,0.5071960494820317,-0.002414499569186245,0.5933333333333334,0,NORMAL
0.48496597839057753,0.08753857124624818,0.0018924709359690868,225.27058161228865,2.0196216477107187,0.007627380812301409,35.49351220610581,3.238948470614426,0.07356384402591848,0.7133333333333334,2,BEARING_WEAR
1.1247570291154143,0.1531214841993283,0.0030890104078467586,223.85430232930065,2.2217858450492507,-0.0012911373318366527,42.69184051900555,5.685308684453723,0.1293546251335891,0.5533333333333333,3,OVERLOAD_BLOCKAGE
0.3407828781947445,0.18087131237446238,-0.00030198310190888966,225.69288569975387,9.809126784671186,0.01972751410471646,30.081614992774583,0.46583056075684415,-0.00032136394954499495,0.5266666666666666,5,INTERMITTENT_CONNECTION
0.5069784108942657,0.09689475277358464,0.002128772640872109,224.83573397751394,2.020915221877812,0.0031565640998105536,35.8928573976227,3.410547847104679,0.07748799480445612,0.5666666666666667,2,BEARING_WEAR
0.49334320983261404,0.08833794668689784,0.0019238422318367005,225.10269171035154,2.1840912970823427,0.0012880902431023217,33.452872005252694,2.06662821712807,0.04611454069053027,0.62,2,BEARING_WEAR
1.2433628788700037,0.22084765335368176,0.004751621145166747,223.7254664419522,2.4110441940564127,-0.004232684013992309,42.134804923069446,5.499092846463194,0.12455779378101121,0.5666666666666667,3,OVERLOAD_BLOCKAGE
1.1810298283490512,0.16866007699605892,0.0034437317040600483,223.84267488111345,2.340822750170708,-0.006538604567048272,42.42636548692394,5.625212232919302,0.12741675854445544,0.6933333333333334,3,OVERLOAD_BLOCKAGE
0.4488374350262232,0.04230132524028938,6.471941171360935e-05,225.00841612245853,1.9547196288245894,0.006667840280429619,29.99496046504043,0.5243363349563027,-0.00045063053545373207,0.04666666666666667,1,ENERGY_WASTE
0.4990691445210005,0.09222091627696025,0.0020238005414472105,224.7301264394815,1.979948425624927,-0.003054737843879067,33.86359099696731,2.3419144221082884,0.052202352712420096,0.5533333333333333,2,BEARING_WEAR
0.3680406356203625,0.17265398011899225,-0.00020535186389876401,225.35283575712393,8.431304662042836,-0.015809964070695383,29.947719821960145,0.5394961387901686,0.002354118223116283,0.44666666666666666,5,INTERMITTENT_CONNECTION
0.4778940103774191,0.07811312544066044,0.0016722788506979072,225.0887073090903,1.9034312627790246,-0.0031732015117638783,34.39573960115431,2.6097622341599966,0.05880685725023783,0.56,2,BEARING_WEAR
0.3419420061599187,0.17508921731567095,-9.464532276312728e-06,225.68837707564052,8.537744415169163,0.00877923547451118,29.98264767820774,0.4785664995337465,0.0010002470434827577,0.44666666666666666,5,INTERMITTENT_CONNECTION
0.44728631623132686,0.04281309883572139,-5.743170425127124e-05,225.1641697001569,1.7836042601268915,0.005234388629642489,30.074974007558602,0.49961842923218025,0.0010742852615006856,0.02,1,ENERGY_WASTE
0.34998649108389535,0.03046709069195009,-9.051944777391321e-05,225.0809157755405,1.675323097287551,-0.006285851560732915,30.016854725941023,0.5373630952828149,-0.0004885724449898173,0.54,0,NORMAL
0.3451479528839502,0.17811228996635592,-0.0007943867310394624,226.0883513987796,9.285968945810824,0.009414761920650903,30.04847803328335,0.5026882512987745,-0.003476979014122507,0.5333333333333333,5,INTERMITTENT_CONNECTION
0.334278581100889,0.16322576892880394,-2.3012692778490393e-05,224.22554635975985,9.281777134600665,-0.007257794424612367,29.977639663063748,0.44232975585107354,-4.806885094377261e-05,0.5,5,INTERMITTENT_CONNECTION
0.34796275395182763,0.03204064116511972,-0.00011756603751334664,182.436287853017,3.146955742535309,0.0002103421844675408,29.981438047621147,0.4436851600545671,-0.0003459488490433291,0.52,4,SUPPLY_VOLTAGE_FAULT
0.34296136823025447,0.1626847592782033,0.00019780284518433605,224.6161823211688,9.679231908474877,0.015366980272019487,30.061896323505675,0.5165383385890269,-0.0006500860207456158,0.49333333333333335,5,INTERMITTENT_CONNECTION
0.3504838253227582,0.028124537134351726,-2.479664557453861e-06,179.60734818715218,2.713470768313348,0.003291309571450437,29.978920061213042,0.47686683721765033,0.0016400819858547033,0.46,4,SUPPLY_VOLTAGE_FAULT
0.3382006511868147,0.1832723325858706,-3.825268451376933e-05,225.26624539839614,9.342615629982756,-0.01833117368641901,29.921122143024622,0.4722220511971769,0.0009753890039545035,0.4666666666666667,5,INTERMITTENT_CONNECTION
0.4576508015188311,0.04167260104639844,2.530452817928278e-05,225.0856713513181,2.14041749502284,-0.0004965611189078321,29.98592744155226,0.5012978078206008,0.00025081949239549623,0.02,1,ENERGY_WASTE
1.1078850482504865,0.14163411818825877,0.00284404846257206,223.80945062531717,2.744410707056619,0.0005607900125990736,39.62363125690407,3.979476529860099,0.0888905075815817,0.6333333333333333,3,OVERLOAD_BLOCKAGE
0.36143172595267037,0.20148835453572297,-0.0007849078909721868,224.60104978416038,9.740197441762582,0.05381989089193894,30.07324555559005,0.4714336913599094,3.4206346991291505e-05,0.48,5,INTERMITTENT_CONNECTION
0.4490009820864955,0.045029797637993065,0.0001093792730957847,225.1657906529448,2.0282491426580265,-0.0004846870117021171,30.008132253154205,0.47930446037023816,-0.00022926981524951223,0.013333333333333334,1,ENERGY_WASTE
0.3510723030032205,0.19154719022703987,0.0008424504673872306,224.50978500334588,9.143960976867271,0.019913736880408317,29.91970940175504,0.5267168200555469,0.0003279418756075516,0.4266666666666667,5,INTERMITTENT_CONNECTION
0.35436825438506836,0.16664207597665487,-0.00023538004383634884,226.10968753682178,10.124074839605965,0.005766817804703592,30.049096310175464,0.4821634735284502,0.0018403572480360023,0.5066666666666667,5,INTERMITTENT_CONNECTION
1.2224940192911462,0.20235681146484208,0.004322106334693786,224.140915458323,2.5554878894747803,-0.0023781602801092334,41.94246666684998,5.180751118520059,0.11728332379002837,0.6,3,OVERLOAD_BLOCKAGE
0.45074770048243146,0.06686443651931108,0.0013797270102735228,224.87988607142165,1.9185138889117686,7.597349667158312e-05,34.27419745358605,2.4879158843325673,0.055764566066487664,0.6,2,BEARING_WEAR
0.3477805375146684,0.028582481748412786,1.6746184231397026e-05,225.07974535191423,2.0469843833680574,-0.0006098647639765936,29.959364685815654,0.5066065257150858,0.00033208344951025345,0.7066666666666667,0,NORMAL
0.3503285860796938,0.032702081609163144,-9.726651530861662e-05,224.99065010421367,1.9714641033000615,-0.005537562225267746,29.978308018196817,0.526735797410627,8.419371431997941e-05,0.6,0,NORMAL
0.46836000004610906,0.07242450493113108,0.0015082667634341714,225.29856795557546,1.9435787185462727,-0.004045534785673694,34.78458668750886,2.934629352726949,0.066446540883033,0.5466666666666666,2,BEARING_WEAR
0.3474364495759223,0.029695053691215143,-2.811104594924132e-06,272.6166245258162,2.9701159565468287,-0.014879461012473508,30.01786326617228,0.48281160116678634,0.0004670667480705949,0.48,4,SUPPLY_VOLTAGE_FAULT
0.3508524311515801,0.031364310508160194,-4.240429309700371e-06,175.60294252625127,2.763984426827909,0.0013263591980448783,29.966648061921443,0.531019793575771,0.0011344945242489665,0.4533333333333333,4,SUPPLY_VOLTAGE_FAULT
1.2652775903636104,0.21145401267292518,0.00463536617141637,224.29754281919517,2.474383561232134,-4.943286435916966e-05,40.85316517626982,4.777277255871918,0.10785086058258696,0.5933333333333334,3,OVERLOAD_BLOCKAGE
0.3508518965625974,0.03222625727107325,-0.0001283246072110461,258.9423711725776,3.1359712245259344,-0.007843723409301796,30.04720750719183,0.45997065199309334,0.0009638371043644713,0.42,4,SUPPLY_VOLTAGE_FAULT
0.45090668649704035,0.039457121643685034,-5.8356957131251915e-05,224.89379473427505,1.895204921475122,-0.004188187809666564,29.93689187149108,0.5367643946207716,-0.00017925705339779928,0.013333333333333334,1,ENERGY_WASTE
1.1362317705530127,0.16156983102391637,0.0032732289018110724,224.0202631837735,2.5349595957697213,0.009013849445899098,41.459756259694345,4.879700178727065,0.11010042212249334,0.6,3,OVERLOAD_BLOCKAGE
1.2777668619462004,0.23496306906890968,0.005071341167806558,224.3527389252117,2.4774870699555276,-0.005283767849402497,40.8319787190653,4.684851478707928,0.10513630893317291,0.5066666666666667,3,OVERLOAD_BLOCKAGE
0.3518203776703088,0.03378311644908095,7.578226846262656e-05,271.10618658087895,3.201615407367799,-0.00040169863906627985,30.039829622721967,0.5158381668326194,-4.368098476967602e-05,0.47333333333333333,4,SUPPLY_VOLTAGE_FAULT
0.4551370806609119,0.04114849720132742,-0.00010520371776591042,225.35321936488097,2.039650024531131,0.0007973572821772682,30.024555355031353,0.5123760202656074,-0.00015984397895266257,0.04,1,ENERGY_WASTE
0.34846740937525256,0.02782346049498396,0.00010598449980992479,224.8794501862329,1.9748343852406798,-0.0017501636348264036,29.94374287492389,0.44928977883547466,-0.0003133944104089809,0.5533333333333333,0,NORMAL
0.47347911940929255,0.07962063797632628,0.0017168681340752263,224.9552024992779,1.867242054831862,0.0016537808174835042,33.3192348438023,2.03858126026964,0.04500720364867517,0.64,2,BEARING_WEAR
0.3486091928088579,0.1717279818231343,-9.962717001165283e-05,224.34705112008828,9.239466058037817,-0.0160160847937244,29.94863049567918,0.4385319891957651,0.00034457526837345384,0.46,5,INTERMITTENT_CONNECTION
0.45389745058849407,0.039238667649320616,4.945271227023444e-05,224.86876134355106,1.9145914260064565,-0.00438271111277233,29.998971064392816,0.4987583139674462,0.0006198554331069345,0.03333333333333333,1,ENERGY_WASTE
0.3510389686318572,0.029944626382779768,2.506605024921544e-05,225.14300584054223,2.1496061928627603,0.0003256936630263112,29.99028560683569,0.49010190873890364,0.0001642168785485641,0.6133333333333333,0,NORMAL
0.4471521669015448,0.041187069840770044,-0.00013880951029107298,225.02658906326,1.9562199321596891,-0.001262119908479908,30.04725566152614,0.4837917253985715,0.001171271975420721,0.03333333333333333,1,ENERGY_WASTE
0.37941790910067313,0.16657553551164445,-0.00043637508942452174,224.5718626382982,9.147969839310244,-0.013580901226811036,30.006331664426423,0.5777211062705498,-4.144944790659826e-05,0.5,5,INTERMITTENT_CONNECTION
0.44263286564275905,0.06060422428284748,0.0011980655191185816,225.03787023004463,2.1158271914822073,-0.004984980954036978,34.09115606955499,2.429524404274189,0.05441641571131297,0.5533333333333333,2,BEARING_WEAR
0.3531973253351321,0.03041366296504591,9.83142075971143e-05,224.97172023973565,2.159061567689065,-0.0003013381417332471,30.032908021105868,0.49006508190805365,-0.0011012730559250205,0.6,0,NORMAL
0.4522183415947401,0.04128314094566772,1.4727056462176286e-06,224.81203808414332,2.070353225005721,0.007256006971849847,30.034972457823883,0.4653283779816761,2.6189122919244452e-06,0.006666666666666667,1,ENERGY_WASTE
0.505735131858259,0.09692347077399929,0.002135735997682962,225.05427812723326,1.7925426241753764,-0.005375996109866511,35.84507312060439,3.4217569629502242,0.0774410549843886,0.6266666666666667,2,BEARING_WEAR
0.4526760078138418,0.04277813368763658,-2.332426888967923e-05,225.15907905049778,2.011437361998035,0.0013954895417236048,29.95152181885779,0.4905189976416016,0.0016188143370193466,0.04,1,ENERGY_WASTE
0.45045430385290786,0.03922447587455487,-7.763144737802207e-05,224.97769197411262,1.9831739564578135,0.0018283896410908108,30.064342277375825,0.46689110143531576,-0.0006183159852717286,0.04,1,ENERGY_WASTE
0.3478786274311019,0.0315065571990169,2.141974006750719e-06,225.06002263241535,1.9072213554905613,-0.0010788342572983379,29.961252213410074,0.48908344283330085,-0.0021654137212617636,0.6533333333333333,0,NORMAL
0.3499286334092491,0.032161382084145554,-6.816245311528656e-05,176.04207855676768,3.035149830041467,-0.006642630452926864,30.00485827648591,0.4593944238579057,-0.0003187787181610015,0.5066666666666667,4,SUPPLY_VOLTAGE_FAULT
0.35900458661882356,0.16610284636824246,-0.00021563259498579655,226.33420935048858,9.428569088135639,0.002317142155331278,29.98326977316529,0.5176436048019024,0.0007424308398339707,0.52,5,INTERMITTENT_CONNECTION
0.4338939904322996,0.05397064988174603,0.0010511028199367126,224.91101334926867,1.9852584153017376,-0.00351295271236098,35.51808744276911,3.228997158477897,0.07319388018894274,0.6466666666666666,2,BEARING_WEAR
0.3518616711951455,0.03021233408500121,1.561173337442778e-05,224.921510290205,2.0294218549140686,0.00631013762589408,29.989737451116884,0.49514874709114637,4.495996018698938e-07,0.6533333333333333,0,NORMAL
0.43990239648974694,0.06321244970610729,0.0012791154776024222,225.01919816176775,1.9916034742974802,0.002172511905219892,34.71996597890297,2.819852665454822,0.06328638207037036,0.68,2,BEARING_WEAR
0.43271768254660686,0.059906606967264964,0.0011991547975275128,225.18153993623682,2.053591811972046,0.0026676258137019395,34.827383454138214,2.877931059030126,0.0651890680120813,0.5933333333333334,2,BEARING_WEAR
0.34808690855872515,0.028925477119702885,3.884621828267588e-05,224.8553150282907,2.0192876022533097,0.005399556283971307,30.013478317176304,0.4975970012936962,0.0009917265648045413,0.5533333333333333,0,NORMAL
0.3517354035696809,0.03288956306648243,6.887119347887723e-05,257.1142134671506,2.909129141147945,-0.0006311178507861636,29.973287442171618,0.4668602164302156,-0.0016175198286574244,0.43333333333333335,4,SUPPLY_VOLTAGE_FAULT
0.4532239844407519,0.040702442142883974,-4.27497032856267e-06,224.89830588045822,1.9898858166105997,0.0006013979914729027,30.029144393246575,0.43777247550418447,0.0011569310939635472,0.02,1,ENERGY_WASTE
1.1226034521482426,0.16083105832884495,0.0032631981882549586,223.98791224519945,2.605258748140577,0.0011061891874014377,42.30594614813377,5.640987279530507,0.12835871739304527,0.5333333333333333,3,OVERLOAD_BLOCKAGE
0.35119922979003104,0.03167628489555103,7.775213444234176e-05,225.0865000124662,2.1306313542256694,0.002913614509014472,29.950374611293185,0.46789385613075074,-0.0001592334587510462,0.64,0,NORMAL
0.5000597002729446,0.0900212972963757,0.001952286533774194,225.21723688087857,2.102258900214109,-0.0006087516502612274,33.6833101306356,2.2083857420426614,0.04904885801576036,0.58,2,BEARING_WEAR
0.3540996105485532,0.033168929084793915,0.00012198768629975767,256.3666721504436,2.7728361384826097,-0.00985308397590382,29.964567354650086,0.49384009969888015,-0.0012285427340736526,0.44666666666666666,4,SUPPLY_VOLTAGE_FAULT
0.36044606339516067,0.17648989418802555,-0.00022244323569315923,223.98639480724825,9.176607934149702,-0.013142467955798398,30.008389179588296,0.5071481199491615,-0.0001982095610347363,0.52,5,INTERMITTENT_CONNECTION
0.35129252628741964,0.02785029130365767,4.828116756021114e-05,225.00105793961862,2.022745641928232,-0.004422729604133381,30.01306299486674,0.48344788650103665,-0.0008992709896387065,0.5666666666666667,0,NORMAL
0.44813902714804216,0.041318780455871,-4.4968643877188275e-06,224.92042409237314,2.089689691479886,0.004535936815705875,29.996842701444216,0.49381737078385135,-0.00011898048858329438,0.02,1,ENERGY_WASTE
0.347551665982823,0.02723130190182454,2.0122439119731318e-05,261.65323709535386,2.9526542069008315,0.004905102849383383,30.047926460005293,0.48893825071538705,-0.0013875573578880668,0.5,4,SUPPLY_VOLTAGE_FAULT
0.3584981830143841,0.18363702839471172,-0.0003586524989397126,225.0678128756348,8.055451042802996,0.0025514299728275147,30.019189079782567,0.4780839186068831,-0.0009273129582417169,0.4866666666666667,5,INTERMITTENT_CONNECTION
0.3711659482883586,0.18740004785166103,0.0002537698453354475,224.40650038773776,8.130780618721317,0.014990311904796697,30.028616869844907,0.4830084462197267,0.00012828268486447924,0.5266666666666666,5,INTERMITTENT_CONNECTION
0.4519896826696123,0.036444051643800164,-0.00016848933248453474,225.00104400174493,1.787521795037306,0.001394637376947634,29.918062040015222,0.4550076098414933,-0.0003759032723218101,0.02666666666666667,1,ENERGY_WASTE
1.2422415563001592,0.19679963039615228,0.00422084242502345,223.89251822009058,2.752409415965972,-0.006515621382775187,41.37548460860917,5.02688548739128,0.11336202081473166,0.58,3,OVERLOAD_BLOCKAGE
0.3491320843464996,0.030907731958063976,1.1690431900229256e-05,224.63547264587663,1.7683924283482164,-0.003823922874891249,30.017080378760316,0.4582429351833758,-0.0006493036917014807,0.6133333333333333,0,NORMAL
1.276628063407115,0.24277206280948754,0.00527795455854718,223.78997582540615,2.7179449871607093,-0.015154786664558172,39.56426595101813,3.9582834370923696,0.08840959614797102,0.64,3,OVERLOAD_BLOCKAGE
0.42350456902101324,0.055682284503580155,0.0010599346470061264,225.13831306370062,2.046060180912684,0.0002749283073596656,34.734280304532064,2.7839946125738555,0.0627179070504354,0.62,2,BEARING_WEAR
0.34679870235151555,0.028474483128833508,-5.722001127790489e-06,224.91011259440012,2.3424094933225272,0.0012831737911722103,29.980576410153915,0.45505562801529975,-0.0009654453115617324,0.7,0,NORMAL
0.44905193286635237,0.04092629098830815,3.919237529622042e-05,224.989692252213,1.8960543546475894,0.005123154990718654,30.03972239227526,0.4628087232817713,0.0006800628503318116,0.03333333333333333,1,ENERGY_WASTE
0.3503317258956174,0.030593736910758878,1.266057052475256e-05,194.27266239498857,2.787264393817952,-0.005735445290229834,30.063930979063855,0.5283314984941642,0.00048166710472886633,0.47333333333333333,4,SUPPLY_VOLTAGE_FAULT
0.4578713014387488,0.06832274235011151,0.0014029636326513299,224.66200419505728,1.5844629753177992,-0.0027270461052746955,33.9778826532924,2.3871472595764853,0.05301433006379731,0.6333333333333333,2,BEARING_WEAR
0.34695626550277553,0.03013785887996021,4.1830691985634976e-05,224.93986866604115,2.1180898690401997,-0.0038418347046957494,29.983403746183345,0.48931380622682424,0.0011193379151392183,0.5266666666666666,0,NORMAL
0.3600758417458666,0.17184450391737688,-0.0006037424568784546,223.45987592387067,8.888307951700043,-0.0047470557269631486,30.00503947401265,0.5159945995847793,0.00039316271786888154,0.49333333333333335,5,INTERMITTENT_CONNECTION
0.4459252087189945,0.06255285851015144,0.0012669528862706656,224.88349371957108,1.8143291163611368,-0.007427110342888221,35.18597036436158,3.1060088141408415,0.07034846906838668,0.56,2,BEARING_WEAR
0.35023340456285645,0.030776585146543616,-0.00012149424290477768,264.2775998423059,3.09700842478522,0.0004643717947195785,30.019431651544327,0.4405495164703535,0.0011194368322310065,0.5,4,SUPPLY_VOLTAGE_FAULT
0.39099582576561676,0.17182567191774792,-0.0004101497422256461,225.2145091514706,8.742019759089827,-0.007626437151920742,29.934943281468772,0.5055520123159778,0.0012255377915607107,0.4666666666666667,5,INTERMITTENT_CONNECTION
0.3522256941455968,0.02780232107985909,4.039393305022135e-05,224.9838355232616,2.1938261192011597,0.00797128528244343,30.03481437980885,0.47900276002298875,-0.0006252621122393397,0.6,0,NORMAL
0.35063567464321965,0.18385923553441857,0.00018392354632659888,224.93060294208382,9.10018813774364,-0.015104666103947239,30.0419241908944,0.5156158655961144,-0.0017803355403060701,0.5666666666666667,5,INTERMITTENT_CONNECTION
0.3446967669368765,0.17691688384830484,0.0003831612972975004,226.10288006738037,8.696372466260545,0.012099848946731516,30.021856343627455,0.4948701813828694,-0.0023250109669552595,0.5,5,INTERMITTENT_CONNECTION
1.2173719086157575,0.19484201507885887,0.004103395828866335,224.03605986135716,2.3350894672939284,-0.00011843916508582683,41.590081701350826,5.067886089514917,0.11411192587468942,0.64,3,OVERLOAD_BLOCKAGE
0.3803591426627293,0.16839569284062653,-0.00034392412135594424,224.98645430405736,9.5571471632821,0.012804807539523072,29.933854368792222,0.5195464862658039,0.0014439595543800652,0.5066666666666667,5,INTERMITTENT_CONNECTION
0.4653150168893097,0.06816205822486242,0.0014261935073987223,224.95602819122237,1.940157932590329,-0.0019344793296446788,33.54406584040269,2.1527027581211082,0.04771117350224674,0.54,2,BEARING_WEAR
0.44975677709210393,0.034841947378860455,-1.6592035318365677e-05,224.89741247093536,1.8462213693807628,0.005252231360460338,30.02494390379075,0.5121359068466588,-0.0001344068154194012,0.03333333333333333,1,ENERGY_WASTE
0.44872559018839336,0.04173906419046914,-0.00013116132352190813,225.2778580525633,1.9304884952733357,0.0017962257500911754,30.021582918413284,0.488345031491709,0.00014105606663674178,0.02666666666666667,1,ENERGY_WASTE
1.2062971454792812,0.19318142405989217,0.0040094282704776244,223.85406606005418,2.4986569872208806,-0.0010714335186878972,41.87293811467315,5.207688514444305,0.11778636216611589,0.5866666666666667,3,OVERLOAD_BLOCKAGE
0.3582946787022082,0.1750642617756351,-0.0003427586027738492,224.59845762215951,9.262306179753354,-0.011184566482889511,29.98652723509579,0.5255665821695726,0.0005854078746040052,0.56,5,INTERMITTENT_CONNECTION
0.3668063583635713,0.17452933386110908,0.00018927083672489606,225.0589123257272,8.812438010766938,-0.012087832566506466,29.970064483495225,0.525413661669311,-0.00040106006893795177,0.49333333333333335,5,INTERMITTENT_CONNECTION
0.4529454556454605,0.03816813088135641,8.744415959627718e-05,225.00034295823596,2.025195389983189,0.0011940176861323815,29.949327627460505,0.5189645021130322,0.0005557732721250877,0.03333333333333333,1,ENERGY_WASTE
0.3488356069426933,0.024970702782384932,-2.758040463290265e-06,224.92578037349043,1.9109541121591638,-0.005583284056437914,29.941663970569863,0.5240618607395027,-0.001001003596670776,0.6333333333333333,0,NORMAL
0.3407465564195538,0.17514700977906542,0.0003864106588623965,224.12068988082552,8.943027259886033,-0.010331929750934662,29.940276128175604,0.5040971432884015,0.0003551749643276487,0.4666666666666667,5,INTERMITTENT_CONNECTION
0.35065651558760796,0.03279635391030587,2.5821247113288507e-05,225.24661190344958,2.1530191229045577,0.00611137494360385,29.99167007893529,0.5235388342324739,-0.0010981760258903246,0.6066666666666667,0,NORMAL
0.4692706081184576,0.07546997575778513,0.0016235363217104019,225.07670325509244,2.1452414260598136,-0.005687416660071455,35.62380935899184,3.3712681561301996,0.07656781907508456,0.5733333333333334,2,BEARING_WEAR
0.4481616760467521,0.03867852683778579,-5.424971296463684e-05,225.201071851409,2.057683180851832,-0.0026950613393085534,29.990360429824637,0.5091562343953161,-0.001112771260707955,0.0,1,ENERGY_WASTE
0.3334923955644966,0.1825536357579322,0.00022742036538242003,225.37442116019346,8.71268991117646,0.004669182125147417,29.977051167829803,0.5289013470619685,0.0010452032163135816,0.5533333333333333,5,INTERMITTENT_CONNECTION
0.3469901827422607,0.029246259297950716,4.529982061588234e-05,224.9602078709119,2.106829435742078,-0.0032273902961439766,30.036208788648928,0.5463929491397128,-0.003774621194772507,0.4666666666666667,0,NORMAL
0.35342036487512984,0.030944139302868965,0.00014815652747725568,225.1516811813209,2.1558015571034113,-0.0010294809996953139,29.996640406626565,0.5029894269619696,-0.0008053339459082764,0.5733333333333334,0,NORMAL
1.270025539586791,0.23635058480337737,0.00513942195612098,223.87209774727273,2.4327320635267826,0.0015786340261110027,39.8626787201694,4.065524644359175,0.09056214168676219,0.6466666666666666,3,OVERLOAD_BLOCKAGE
0.4505565946195674,0.03935910568345,3.5312903048701433e-05,224.94346164236075,1.724502523335942,0.0007991823102573958,29.92359535913581,0.4551097671495262,8.840852038780395e-05,0.02,1,ENERGY_WASTE
0.3466569520801943,0.170850928113108,9.668301249347516e-05,225.88056990325796,8.993455076965464,-0.0018452485110841525,30.009375891938404,0.4833978708822642,-0.0019185122784265566,0.5333333333333333,5,INTERMITTENT_CONNECTION
0.4471995127738313,0.04134822029549728,-0.00011358930049905874,225.20291647656845,1.9860299916548678,-0.002847075648016792,29.991842591768425,0.49629281550615933,-0.00033191814447506245,0.04666666666666667,1,ENERGY_WASTE
0.3646330080939786,0.17701297447437878,-0.0005312674025978928,224.2436067574512,8.813448544568828,0.01589240438091482,30.074014200570844,0.5163576542071199,-0.0009054679015640136,0.5266666666666666,5,INTERMITTENT_CONNECTION
0.35068099170675593,0.02891652972215573,8.899157651391544e-05,257.952583754415,3.0035651409739628,-0.01026416992601567,30.03858591394327,0.5044917447361502,-1.0657189102369292e-05,0.46,4,SUPPLY_VOLTAGE_FAULT
0.34997436747368993,0.030657225104632792,-0.00010205655052531594,224.82361048171674,2.01926483559589,-0.006478183295648718,29.940167865554624,0.5044616110981549,0.00016940817668807085,0.6533333333333333,0,NORMAL
0.35140873938633777,0.025998300134048545,-2.2545593170690787e-05,225.11336270664367,2.017631975493834,-0.004659295879163457,29.990995851512913,0.5090710976706556,0.0007885558756512338,0.6533333333333333,0,NORMAL
0.44536873107402736,0.06480015411858658,0.0013182527335870505,224.8531606331162,1.8038582450222036,-0.004039656697239561,33.10223540390788,1.9079813872437628,0.04192838731303188,0.62,2,BEARING_WEAR
0.34782929007739183,0.17382438770330025,0.00026808950462294803,225.2721305072102,10.042453061999732,-0.00017066702054684637,29.975562748491072,0.5218475229592068,-0.0008304610744954096,0.52,5,INTERMITTENT_CONNECTION
0.3514742419775773,0.1866107507902947,0.00037033283588295765,224.0824857356471,7.888861630676279,-0.010852319941268692,29.997866471334866,0.5109704488636831,0.0015943152343370077,0.5,5,INTERMITTENT_CONNECTION
0.3485951908479802,0.027937701655157837,4.7123360142555896e-05,191.0196237018052,3.053329766600033,-0.009837481444591342,30.00135890783559,0.45413901518196836,-0.00042889606470332154,0.44666666666666666,4,SUPPLY_VOLTAGE_FAULT
0.4551044525059989,0.06479547067642535,0.0013253411794954253,224.98956179294993,1.9822855909554262,0.0005842882298403326,34.296442310110166,2.595927472219867,0.05808110501231588,0.6333333333333333,2,BEARING_WEAR
0.3620644416894174,0.18145638666827812,0.0005329514326976759,224.2517964811109,8.339202695780676,-0.01425351374512063,29.9941374265926,0.4321344471543948,-0.0008848981028800505,0.4666666666666667,5,INTERMITTENT_CONNECTION
0.4529990405214049,0.040672991755442735,3.895368147488975e-05,224.94048640112558,1.9646310336283814,0.0030788674168688857,30.02832075826386,0.4340304692532163,-0.0006938646611734591,0.03333333333333333,1,ENERGY_WASTE
0.352419513380551,0.02890640629239129,3.664560708114284e-05,179.94811657507285,2.829981451096949,-8.337122863150348e-05,30.018621631586054,0.4945100785055816,-0.000736931797844664,0.5266666666666666,4,SUPPLY_VOLTAGE_FAULT
0.35020306685920616,0.032998335495850704,5.099839741446935e-05,193.5016175324223,3.2859381763614626,-2.0162331357144856e-05,29.972947194787423,0.5213331133225495,0.0010132345998160217,0.5866666666666667,4,SUPPLY_VOLTAGE_FAULT
0.4345232972986592,0.05695374854016583,0.0011602616226267534,225.12492163175844,1.9946196297265244,0.000864564668259748,33.94348698147264,2.379849118852119,0.053189442404611376,0.68,2,BEARING_WEAR
0.32451583403096185,0.16616316774039971,-4.319506590133697e-06,225.91734119371307,9.01381995688762,-0.003077611365799766,30.029657720376598,0.5209019436805336,-0.0015847962950039718,0.49333333333333335,5,INTERMITTENT_CONNECTION
0.44943954317811174,0.037737868121351145,2.259359059142554e-05,225.0906593422912,2.017498227258139,0.0009308181206193645,29.973956977900112,0.44937051126767785,0.0007751971138583521,0.02666666666666667,1,ENERGY_WASTE
1.1951519836410558,0.18884931725238605,0.0038871141125979406,224.0992064002192,2.612429306167251,-0.006505521811989595,40.85047957822069,4.480879972770208,0.1009533281549446,0.6133333333333333,3,OVERLOAD_BLOCKAGE
0.35021280674336336,0.03142538215737278,-2.3452651024279528e-05,225.11037877533693,1.7802018075986967,-0.0041388765728342,29.935224938481213,0.5067386860544371,-0.0013268535172585828,0.6,0,NORMAL
0.4883377785099131,0.08938246668205108,0.0019530760379523483,224.8873252670016,2.1261458360307826,0.0009938379639494227,34.451293824769664,2.660524637608636,0.06000093458496,0.5733333333333334,2,BEARING_WEAR
0.35027643804975805,0.03145609973462401,-9.042424947076176e-05,224.83064326673684,1.8867549825872298,0.001973885897784042,29.96995659403218,0.46158178844514386,-0.00048298232919774206,0.6533333333333333,0,NORMAL
0.45417061869233816,0.07271686899795159,0.0015061518570852516,225.04741686508186,2.0620606404138746,-0.0010325099240748147,33.83515525321923,2.351888754303762,0.053000678545931094,0.5666666666666667,2,BEARING_WEAR
0.44883701870578646,0.044851571807582626,4.5707479082040425e-05,225.38588857472888,1.8588423354474377,0.00395866873276638,30.043737515350866,0.5047263343069841,0.0011360870126766113,0.03333333333333333,1,ENERGY_WASTE
0.4462110091398181,0.041809510579018654,-4.776566622854895e-05,224.87113662779123,2.2962805904865142,0.0011099212068778166,29.99997894563463,0.47450733701393333,0.001609245904478139,0.006666666666666667,1,ENERGY_WASTE
0.4371879937057649,0.057096134498343394,0.0011500054849314957,225.39403720994736,2.0323551760709875,0.004561550647359077,34.40918349444004,2.7223719786157954,0.06127882989013952,0.6466666666666666,2,BEARING_WEAR
0.3454352929622149,0.17709400376098405,-5.64965701063712e-05,224.91153357230303,8.79511596108213,-0.02397309828804375,30.027540136354787,0.5156063082314449,-0.0008544478440466028,0.4666666666666667,5,INTERMITTENT_CONNECTION
0.44799170096929647,0.040389832764831275,8.058728687069287e-05,225.08289274770712,1.9454423359559707,0.0014348343719377545,29.985547487447548,0.4993395832729111,-0.0011208927522365162,0.02666666666666667,1,ENERGY_WASTE
0.3505732938222348,0.029231043166538965,2.4336097244430836e-05,266.9694335189449,2.7059990503001945,-0.0032950679023978,29.984698965275104,0.5074991405868384,-0.0008790190876482471,0.5666666666666667,4,SUPPLY_VOLTAGE_FAULT
0.3474385588346512,0.02967134978793628,-1.8548056845532116e-05,274.988754551207,2.613026521614683,-0.001082457758010156,29.989442034162956,0.46566267110739346,0.0008193187524688214,0.58,4,SUPPLY_VOLTAGE_FAULT
0.3655279707341335,0.18218946171706338,-2.0482357537272237e-05,224.390741624165,9.458500069117443,0.01102691093278238,29.89940454136397,0.46448505515270394,-0.0021345774178249083,0.5666666666666667,5,INTERMITTENT_CONNECTION
1.1561251556886327,0.17080640364134952,0.0035012620083845255,224.00303163105733,2.6724971254499144,-0.002732213187987187,39.61208094409874,4.06606122848194,0.09035972534195601,0.5666666666666667,3,OVERLOAD_BLOCKAGE
0.4446710177458287,0.03668275525117946,6.293993088355737e-05,225.27378222148874,1.8992599449475804,-0.0016026578085068873,29.97837735689447,0.5027674955524091,-0.00011944715244667042,0.006666666666666667,1,ENERGY_WASTE
0.35174781464707505,0.03322832869695225,0.00011611291009838446,184.6636918880808,2.7247149785510314,-0.0007635687924106018,29.978086259910565,0.504730283223538,0.0004042335444852758,0.52,4,SUPPLY_VOLTAGE_FAULT
0.4466391454441678,0.0443343845554137,-0.00011129071539002272,225.1359271308383,1.9689643258194953,0.0036245753250640257,29.94696313518747,0.46790410778783037,-0.0005865481293822376,0.02,1,ENERGY_WASTE
0.4723482668792052,0.07657548187479411,0.0015979115800054252,225.3220289417042,1.9106491788748499,0.0019233353920950394,33.13480631563115,1.9714135689572578,0.043297857922964866,0.6133333333333333,2,BEARING_WEAR
0.34912608700040515,0.16669646595780446,0.00036933253417766607,226.22471080276785,10.125957938296324,0.020607135917337302,29.949614679108116,0.48421056203212176,-0.0002585734476325978,0.49333333333333335,5,INTERMITTENT_CONNECTION
1.151863484435996,0.17151449501457072,0.0035347386357488545,223.71432449777237,2.378096520373639,0.00634836726533581,40.940849912275766,4.721262683240604,0.10692598080558674,0.5933333333333334,3,OVERLOAD_BLOCKAGE
0.35599045828120224,0.1731802596208559,0.0002055513503464217,224.16160483798052,8.98655556193723,0.005456807449988043,29.96209430968252,0.4993032808771015,-0.00034293668177299533,0.44,5,INTERMITTENT_CONNECTION
1.2206826167546982,0.19921194875998424,0.004217610162690626,223.6000840696192,2.7948064930459116,0.006061841664653395,42.06860974689121,5.3963284182104445,0.1223796076503087,0.6,3,OVERLOAD_BLOCKAGE
1.1645188929004235,0.17893921654412093,0.0036804715079488373,224.0790000822772,2.5153380263564458,-0.00129877579746828,39.840675843423185,3.934603509504442,0.08834617501833862,0.6,3,OVERLOAD_BLOCKAGE
0.4947222780535587,0.08972640933059163,0.0019717498374123973,225.0659389838366,1.9696664925853398,-0.008421811452213438,34.093496722198196,2.3946042049296206,0.05347918206482752,0.5866666666666667,2,BEARING_WEAR
0.3561435875166815,0.033318323957816795,-1.9196447857400458e-05,225.08263888431878,2.1623998106946605,0.0015463062200349452,30.01644382628763,0.4720109184802591,0.0002633422520897129,0.62,0,NORMAL
0.3382055678540135,0.15734169901098094,-0.00035835802772402037,224.2828573213811,8.26732543353036,0.006300026835202456,29.987886517695383,0.5078928391889677,-0.0010478442564827617,0.5533333333333333,5,INTERMITTENT_CONNECTION
0.36847772247959676,0.16693593432862386,-0.00042144794238918105,224.43382104153628,8.545926604320774,-0.01809920545412212,29.994313666320075,0.5110022629573818,-0.0008601632287437236,0.5333333333333333,5,INTERMITTENT_CONNECTION
0.35262415275278686,0.028444891093257475,7.920800087320651e-05,225.0981239514002,2.06905023911676,3.250926853718067e-05,29.97954983481542,0.44382505732585514,-0.0008817287922670078,0.68,0,NORMAL
1.2198368340221648,0.20645546915103924,0.0044050484283550155,223.89776598848314,2.498547610315579,0.00034395561336205565,41.80498415024693,5.061431579482628,0.11460005442748791,0.5933333333333334,3,OVERLOAD_BLOCKAGE
0.4479517463657716,0.038677042875400504,4.143940573655941e-05,225.00099236091162,1.853262576514099,0.004921478879194625,29.927959031429708,0.540957557274203,0.003165798949984564,0.02,1,ENERGY_WASTE
0.34737451403487096,0.028960582050849643,3.298352704809853e-06,257.8161519568234,3.085800104933452,0.0009862576239179457,29.97553626206415,0.5031803540705206,0.0014505311682941771,0.5133333333333333,4,SUPPLY_VOLTAGE_FAULT
0.3514290803143328,0.02802028574452927,5.187958370102289e-05,194.2350847396767,3.0071282639891637,-0.0014188224437825224,30.040322043640458,0.4897908064265928,0.00036949868150380516,0.46,4,SUPPLY_VOLTAGE_FAULT
1.2164667922143129,0.19755572031671226,0.0041928262154728385,223.77013980824975,2.3975607026402583,-0.005711975088657088,42.73087665425286,5.739803168935963,0.13035861984425343,0.5533333333333333,3,OVERLOAD_BLOCKAGE
0.35059382375233494,0.03171481767038152,3.1361221764863384e-05,255.1969682559432,2.9342942921567325,0.006704464982717108,30.03102980001744,0.495450898322298,-0.0019413712861700487,0.4666666666666667,4,SUPPLY_VOLTAGE_FAULT
0.36108202181824445,0.16919742688529993,-0.00022564032888290728,224.81404776299178,9.484431326170787,-0.02166273022212741,30.00364478921879,0.4603191279389598,0.0002746159007521066,0.5066666666666667,5,INTERMITTENT_CONNECTION
1.2223377285212234,0.1977912106385693,0.004169581158447711,223.86090084147654,2.3424321525957987,0.007851150398403077,42.4243833319532,5.661156197367755,0.12910956901879123,0.64,3,OVERLOAD_BLOCKAGE
0.45071883534389173,0.03722520013383615,3.0149525583600823e-05,225.13367646922785,2.056667127706698,-0.0012895571090688362,30.023376489076266,0.5563103288704835,0.00220381143874123,0.04,1,ENERGY_WASTE
0.5082317512540245,0.0978299408148525,0.0021656931660516982,225.03410361646175,2.02157972827783,-3.7636612585722196e-05,34.23086035376956,2.550033181602949,0.057301527425900514,0.5133333333333333,2,BEARING_WEAR
1.271067525649577,0.2246517070331484,0.004860242527613129,224.3531920487685,2.3885963841306874,-0.005688629847045015,42.58989685676742,5.709089957751669,0.12991249096317503,0.5866666666666667,3,OVERLOAD_BLOCKAGE
0.3511564410296352,0.029928924517405715,7.972942291628933e-05,225.35369251091478,2.1338725931090647,-0.007988425808621082,29.974107717948172,0.4983065575061321,0.00022408916565469365,0.5866666666666667,0,NORMAL
0.34431176276634934,0.027364533015396018,-8.618416244766652e-05,175.322424636718,3.2509905765107128,0.005004236330827349,29.971967175412004,0.4697845743244627,-7.244337831357771e-05,0.49333333333333335,4,SUPPLY_VOLTAGE_FAULT
0.4503786596904724,0.04108032759882905,-0.00011500507798398615,224.8899784683133,2.003383088788006,0.0018733175184873847,29.94474142102589,0.5241793084542201,0.0006038276995858578,0.03333333333333333,1,ENERGY_WASTE
0.3521192391962413,0.031538321067828334,-3.466464788292295e-05,225.27927786772992,1.88696923806197,-0.007327281040198709,29.951869944140807,0.4448670524552739,0.000729491392302128,0.5733333333333334,0,NORMAL
0.42651896763842884,0.056298209320252895,0.0010693805441984912,224.93427571593628,2.1613353690526225,0.0018815996269930762,35.176896527908305,2.9485094792720443,0.0667449520726657,0.5733333333333334,2,BEARING_WEAR
0.3491897436207888,0.03053654312094915,-9.392130573848222e-05,274.4488409699353,3.2175132002341296,0.005972641672084707,30.01264101583468,0.46723139349695286,-0.0014321103734478565,0.54,4,SUPPLY_VOLTAGE_FAULT
0.4518729692065661,0.040223544635295615,4.0721533601295784e-05,225.2421746148035,1.9284289615336994,-0.002664209990412,29.996516912628323,0.547328011049766,-0.0013723724321210553,0.013333333333333334,1,ENERGY_WASTE
1.2024890211029338,0.19590453247875084,0.004151410368836847,223.98166456332902,2.5437463398372504,0.0028141887749442394,39.42888343847297,3.7791895885574744,0.08380651370461138,0.5866666666666667,3,OVERLOAD_BLOCKAGE
0.35537350869824186,0.19509884417419907,-0.00028296251805170813,225.38563125011987,9.842463394122635,-0.005918034751538442,30.044535367962343,0.5421621052078477,0.0008288482567392201,0.49333333333333335,5,INTERMITTENT_CONNECTION
0.4691664229651188,0.07802304633294832,0.0016782950160166568,225.04806630738642,2.0313301682147347,-0.0014322121935943382,33.53961574802677,2.053580986371692,0.04557265835637051,0.6066666666666667,2,BEARING_WEAR
1.1317385826608588,0.15839553169494977,0.0031368927666779694,224.02466216783077,2.564685213909209,-0.0019155333323213888,40.79301826660588,4.537782233327912,0.10221470812220246,0.5933333333333334,3,OVERLOAD_BLOCKAGE
0.36554388982453156,0.15934416098078552,-0.00012388264145584327,224.60066886656665,9.86299984126635,0.028306137697851588,30.030475175595164,0.5185338724973573,-0.0020114922356030173,0.52,5,INTERMITTENT_CONNECTION
0.3579345238214476,0.18119426713045192,0.00030652340693506757,223.6205949508986,8.911688099375603,0.007338899824044727,30.054516969026565,0.4816667306507869,-0.0005750099734148721,0.4533333333333333,5,INTERMITTENT_CONNECTION
1.2143885451320913,0.2061736177272697,0.0043017791845362694,223.82269946947258,2.3977849009461263,0.006563402496913391,42.79562767817573,5.84806061821483,0.1330504192929857,0.6733333333333333,3,OVERLOAD_BLOCKAGE
1.2553331286654248,0.2270372940553935,0.004879236009422621,223.86530937045833,2.4349057400724683,0.0053173559077110575,40.24580170540994,4.3124335407353325,0.09699874082474093,0.5666666666666667,3,OVERLOAD_BLOCKAGE
0.4415542338977017,0.062182771190867125,0.001265976762532719,225.12395124634378,1.9386745186819385,-0.007103969537850867,35.090109625137046,3.047242502320848,0.0692553179943447,0.56,2,BEARING_WEAR
0.3536884459518051,0.02832370487079679,1.2727615594648834e-05,225.02189630496972,2.0880561579285666,0.0014939624257356045,30.07799030511486,0.5217476540485698,0.0007081922174621283,0.5333333333333333,0,NORMAL
0.4524656842326371,0.0369163487715721,4.1812839798388205e-05,224.4440623773745,1.908841431254284,0.0027312894143317746,29.998184003854682,0.4634460908163492,-0.000534909914091086,0.02666666666666667,1,ENERGY_WASTE
1.150158059118257,0.17195875924460938,0.0036269785560758936,223.8160802182078,2.4451733089148306,0.0033682757633360706,39.920200536511715,4.2144108611033015,0.09429820500544427,0.62,3,OVERLOAD_BLOCKAGE
0.3824043461039641,0.17623554038190045,0.00020628238817602332,224.73710760869872,9.295964761973883,0.015057822056213947,30.023623398707958,0.47525899613664035,-0.0015284558541707783,0.42,5,INTERMITTENT_CONNECTION
0.4546730577597126,0.04343207586009676,0.00015324008940559048,225.20320483253823,1.9644136173171391,0.0024223595742275256,29.939060442501905,0.5187451534486371,-0.00147719530833274,0.02,1,ENERGY_WASTE
0.4569674999508895,0.06525962348252644,0.0013586257576177953,225.210410784673,1.8206821663961517,0.0033912098060110245,35.44902584186756,3.170812919719918,0.07196158018391058,0.6333333333333333,2,BEARING_WEAR
0.47172575349025275,0.07932276031163493,0.0016574063478460822,224.9033661403728,2.155833997220521,-0.004829114842607026,33.17801647065654,1.9474765695217078,0.04316452582414674,0.58,2,BEARING_WEAR
0.349549765660745,0.031178265021449467,-5.179971886001038e-05,225.16471939778063,1.9061598356318206,0.004543776250641078,29.95184883775171,0.49249145950644335,-0.0009196220813337517,0.62,0,NORMAL
0.35053617473261706,0.031302793612027036,-1.2712279069378844e-06,224.86752107875887,1.821236028752146,-0.0025060645655967705,29.9521153472139,0.4932564062793597,0.00044581098872612787,0.62,0,NORMAL
0.34779439820140784,0.026892167556561285,-8.554953029945906e-06,193.2074425311235,2.8171940036764678,-0.0023018225725287486,29.99102801873126,0.4600892875955191,0.0012818917226869301,0.48,4,SUPPLY_VOLTAGE_FAULT
0.352497961407966,0.17376574748651377,-0.0002843866303158746,225.7604521381631,9.448306675665341,-0.014900511795378608,30.025183031239926,0.5151869022007582,0.0006490060530986577,0.41333333333333333,5,INTERMITTENT_CONNECTION
0.366962144151572,0.1808890097219851,-1.1079951683686751e-05,224.4507285073626,8.321545094682143,-0.007050832197602954,30.049325020055186,0.48551317633130137,-0.002456550633948681,0.49333333333333335,5,INTERMITTENT_CONNECTION
0.4563833554866948,0.06990230465469013,0.00147273459984791,225.1906391811429,1.6514696850541626,-0.005730549873195047,33.162405158592826,1.9262241563282727,0.04251108580995069,0.6333333333333333,2,BEARING_WEAR
0.3502654257143023,0.028831657259265838,-5.4112429851507056e-05,225.08004760297996,2.1061214307066263,-0.00561453439254879,30.051674450346727,0.4718880749720002,0.0014528982449294506,0.56,0,NORMAL
0.3518627940197383,0.03180383599956011,-2.8755666634370205e-05,183.6710068909271,3.140606492730255,0.005713241241701573,30.0051653015777,0.5091677809312471,-0.0006062214467305392,0.48,4,SUPPLY_VOLTAGE_FAULT
0.4467865775852368,0.04025149169004165,-0.0001548855935087372,224.98540340428124,2.103211765107543,-0.0024220248959732752,30.03393398323405,0.5146629394283356,-0.0006226707494885238,0.03333333333333333,1,ENERGY_WASTE
0.46102159745843363,0.07126174610259124,0.0015035249438835078,225.04003289938856,1.9084867941261365,0.002521653217931772,34.28758649929737,2.4919240858411444,0.05589331615789996,0.6,2,BEARING_WEAR
0.34990798815149476,0.03046052828151937,-6.712686082190614e-05,182.44815874475344,2.870697861406237,0.0044215891134063495,29.942041360321735,0.5061915301685164,-0.0013990435187146595,0.4866666666666667,4,SUPPLY_VOLTAGE_FAULT
0.45159662544526386,0.03765286575371982,-5.903493711741888e-05,225.1506049925132,2.1045789722021344,-0.0018455666748153792,30.058350972984215,0.4864307952229441,0.0006917201529669676,0.02,1,ENERGY_WASTE
0.35436683259612795,0.17679709487527565,0.00010380342655320107,224.467710388036,8.95554202597163,-0.052493770368707365,30.020593324177497,0.4810460649312177,0.0001518969990162419,0.5333333333333333,5,INTERMITTENT_CONNECTION
0.3530054790674566,0.02959558830158884,-4.291797813884658e-05,256.18872740431874,3.004205756155615,0.0006396822969468378,29.976247020837544,0.4898783051931043,0.0019253422198391155,0.5,4,SUPPLY_VOLTAGE_FAULT
0.3492982300389084,0.028756502712407934,0.00010298565262513208,259.22284249841164,2.72031624201129,-0.00045411814112171077,30.04016054628036,0.5113763589109775,-0.0005054401017083564,0.46,4,SUPPLY_VOLTAGE_FAULT
0.385870878457161,0.16172486755405352,0.0001233305905181615,225.3273493804016,9.819219761048789,-0.021201080521342435,29.979206966423195,0.5412824222723525,0.0005207773069967155,0.48,5,INTERMITTENT_CONNECTION
0.33723385608913736,0.17313616670958623,0.00011862405188540681,225.9026582399981,9.29324775128664,0.0009063595162171575,29.942086275318385,0.5184373967244936,0.00026318958233740534,0.58,5,INTERMITTENT_CONNECTION
0.37387297336175324,0.17965210379687332,0.0001671632970467435,223.70038653861275,8.744820526735966,-0.008405281148606463,30.0035034416091,0.4860359845834141,-0.00018593306014898673,0.6266666666666667,5,INTERMITTENT_CONNECTION
0.34820253375081417,0.03021592696120855,0.00014072876696857495,225.06308312903838,1.9605314069660296,0.0004625444751008025,30.054739204862052,0.5222556482502411,0.001022747871164408,0.7066666666666667,0,NORMAL
1.1042117348032487,0.15313347669492855,0.0029983620679158614,223.94144463311997,2.7142438658960018,0.0035428215698888967,40.270060200047496,4.132415713263234,0.09247697513357063,0.6266666666666667,3,OVERLOAD_BLOCKAGE
0.3437237233129901,0.16910085582425965,0.00010278583570484833,224.02519588357555,9.026035988598839,-0.02188348096850197,29.9770996970029,0.4784391411777569,0.0011051015728932646,0.52,5,INTERMITTENT_CONNECTION
1.109335864964549,0.15262068953930702,0.002980132405825568,224.2393531473532,2.4205968460531153,0.001927449978562208,39.87703730613494,4.177406859069196,0.09333349358909009,0.5733333333333334,3,OVERLOAD_BLOCKAGE
0.37836950216825505,0.17774728661984987,-3.699181006026409e-05,225.82052002125874,9.315806757935372,0.014703862695883594,29.983256193174082,0.4628252443555384,-0.000487021298037353,0.5733333333333334,5,INTERMITTENT_CONNECTION
0.43792281895059204,0.058108846912596594,0.0011403240520515426,225.15963211546568,1.787524501296282,0.0045019639353192946,33.61419143418626,2.1523744483342075,0.04781363917901487,0.5866666666666667,2,BEARING_WEAR
0.3463753770247705,0.029442004607585823,-6.728990739777718e-05,225.04612807575168,1.8751218899275448,0.002310671852593121,30.006511998480093,0.4774413490734297,0.0008464115242980013,0.62,0,NORMAL
0.34939297529059665,0.026945732399680244,-8.55464085678747e-05,187.50370268254,3.1048813712082355,0.01199370727776275,30.008104750608716,0.49489107894263035,-0.0013426746316649015,0.5066666666666667,4,SUPPLY_VOLTAGE_FAULT
0.45413408681203643,0.041887509934255475,-1.912332283143436e-05,224.94906384529537,2.005170324482362,-0.004587692218003861,30.095897474523372,0.5155106717250756,-0.0004478309127358824,0.02,1,ENERGY_WASTE
0.4498594880031851,0.04056694879268896,0.00011715143725603599,225.3839957783286,1.876065702479496,0.0019281017886583348,29.954919285014356,0.5341198736843095,0.0002739732805369426,0.03333333333333333,1,ENERGY_WASTE
0.34972305963138334,0.029899394751309937,-3.1039773647006564e-05,225.0861217526829,2.064052263196313,0.0007065461915281292,29.998360221028136,0.496840275311489,-1.3565539764531517e-05,0.62,0,NORMAL
1.2474074914243825,0.2175421045112575,0.004678755622991565,224.1187525499922,2.536002830504112,0.0033115753232916263,39.207569968656195,3.8082810172423462,0.08429570497703213,0.6,3,OVERLOAD_BLOCKAGE
0.44277400350151397,0.05834590011697223,0.0011376357460657401,225.15984823147494,2.013226050301609,-0.008099168346199339,35.500355350480625,3.2422633576295805,0.07367549295669609,0.6133333333333333,2,BEARING_WEAR
0.3498470788312603,0.030108716302299967,1.1302642955389951e-05,224.9122247834615,1.9320643893775924,-0.0005360778347292469,30.004320317771974,0.47936251583313993,-0.000998233540416339,0.6333333333333333,0,NORMAL
0.35097087426482093,0.0279503865937328,-0.00011749005937653921,225.02776592307754,1.81338824727472,-2.8553505962025277e-05,29.96123826269646,0.44995291639919405,0.0005815011362377571,0.5733333333333334,0,NORMAL
0.4807226895584294,0.08512695572135726,0.0018298515634752874,225.05450911737407,1.944639701540793,0.0008900514517941598,35.68520093056348,3.295554713220379,0.07506025977057866,0.6533333333333333,2,BEARING_WEAR
0.34851420391266796,0.030448436550309713,1.5971403006385024e-08,224.66162728687323,1.839454380109673,0.0024567696449064127,29.95793352294945,0.5379116553493242,-0.0009008258460019909,0.5866666666666667,0,NORMAL
0.518231924207539,0.10473030255228168,0.002334346967047244,224.96342830454785,1.8598848568736202,0.006864378203856134,35.226976844988044,2.9956028066509206,0.06775451085167428,0.5866666666666667,2,BEARING_WEAR
0.34607021043046826,0.18634131161943915,0.0002208124216596223,224.50091172768416,9.13776107932032,0.003948041652797853,30.025917743428618,0.5296082669584583,-0.0010047867565035648,0.58,5,INTERMITTENT_CONNECTION
0.3521085301438387,0.02962335900831888,2.4429480302224177e-05,225.20679448846525,2.0418524677934404,0.0027278652519373797,30.0067521984835,0.5112062677186687,9.448057008928503e-05,0.5933333333333334,0,NORMAL
0.44956839476805166,0.03947223137986956,1.3609278164583377e-05,225.16688630568922,2.1605896380881333,0.0023039377112677715,29.987312127765982,0.5433239190017377,-0.0005398669128279677,0.06,1,ENERGY_WASTE
0.34633022903877075,0.17431242001250558,0.0002764659762207076,224.21192916658416,8.342722326593213,0.00889192070336332,29.96795063534202,0.47767095078636673,-0.0011937536360755205,0.42,5,INTERMITTENT_CONNECTION
0.3482884677578617,0.03346587490498098,-5.139202205063343e-05,255.5975572755195,3.0087500652783596,0.0026204564115344664,29.98524116241418,0.4712221804332554,0.0002644656617231741,0.5733333333333334,4,SUPPLY_VOLTAGE_FAULT
0.350648286594459,0.02799842176479537,9.264011859737689e-07,224.97018934060418,1.8651234801694327,0.0003076479704677848,30.021988536999675,0.47314496689266555,0.0016774838495283628,0.5666666666666667,0,NORMAL
0.3491734563253893,0.0284035967705653,2.04858021326908e-06,185.66342144041906,2.8477368180985847,-0.002926611372041745,29.995859283736827,0.4641321106448682,0.0006392961024296121,0.52,4,SUPPLY_VOLTAGE_FAULT
0.35028831266922156,0.02941725041804981,-2.2424511501832193e-05,225.06086319110372,2.0311771698611545,0.003992411195249015,30.0054128746859,0.5113804789039293,4.0231860002879554e-05,0.5866666666666667,0,NORMAL
0.34464115021797853,0.17396693743741584,-0.0008392542646130934,224.97527187112715,9.066082053660683,-0.000640700851747923,30.01624266558717,0.42467776398837964,0.0008498592129750955,0.49333333333333335,5,INTERMITTENT_CONNECTION
0.3426481799476781,0.19144692887670217,0.0003275185044636713,224.42349635736144,9.29129592778453,-0.00523172039675819,29.96334354018661,0.47440211408134986,-0.0004231638890107805,0.46,5,INTERMITTENT_CONNECTION
0.4470107608227126,0.04252171467944398,-0.00010429144298873857,225.09478520787582,2.1727332631707914,0.0012564729842697128,30.07197730331313,0.47317540781701994,0.00045430428595523035,0.04,1,ENERGY_WASTE
0.34672090046500215,0.030412707145329225,9.366631136271326e-05,224.95685692666873,1.9520192730606272,-0.005310314172298829,30.054766004401245,0.49034660537906843,0.0006098592498164572,0.58,0,NORMAL
0.3515792669336886,0.028748968100238873,7.259634131026544e-05,257.73266622694916,2.9204101108755247,0.006643731942882072,30.061100550233895,0.5025645715938172,0.0005783080056623769,0.43333333333333335,4,SUPPLY_VOLTAGE_FAULT
0.35013578878263585,0.0311849515238397,2.2760104707092562e-06,225.14788762029187,1.914988752142757,0.002674908296585218,30.051832234278997,0.5220682095471014,-0.0002347732914702386,0.6133333333333333,0,NORMAL
1.1384947280138242,0.15862869779821104,0.0032465825396997784,224.1276269509679,2.4313936438756927,-0.001702026505034046,39.85230121244546,4.1393095307577,0.09312645229640262,0.6066666666666667,3,OVERLOAD_BLOCKAGE
0.3585378822672244,0.16031393604201294,0.0001595718279795583,225.57682886392985,8.68863893065449,0.02548393567110169,29.865855983897248,0.49493123521400956,-0.0017326112541721796,0.49333333333333335,5,INTERMITTENT_CONNECTION
0.45293958148365787,0.04156086534072135,-9.698745050893061e-05,225.02470427896333,1.9815750447382017,0.0008038677737021588,29.959714550226654,0.4848039719146629,-0.0009670160896485201,0.03333333333333333,1,ENERGY_WASTE
1.2253083004985847,0.20111711623076314,0.004288687277382744,224.2990054723471,2.4691574268003125,0.0009911425673062232,42.314638506204815,5.520176215408693,0.12483720513315218,0.5666666666666667,3,OVERLOAD_BLOCKAGE
1.1726303349410745,0.1787647719247041,0.0036781222930004735,224.20475410814038,2.323700134040866,0.006026381652149923,40.439374149646135,4.376934580200628,0.09788732825556913,0.5733333333333334,3,OVERLOAD_BLOCKAGE
0.342347853373448,0.17912834335704403,0.00026509916041546973,225.24204492550442,9.1184444347924,0.034412529527857456,30.014747835434306,0.4894677685756832,0.000986288155091421,0.5133333333333333,5,INTERMITTENT_CONNECTION
0.3488189074023762,0.03467835017097305,-8.514970023447892e-06,176.8534988310562,2.8791248225704384,-0.005759443888903754,29.94581399267178,0.5228862720801518,-0.0005288845973220411,0.44,4,SUPPLY_VOLTAGE_FAULT
0.5015006442946738,0.09296630018922103,0.002025171969246953,224.95364225327256,2.017952933623337,0.004737490908841723,33.53001217115015,2.150570804461976,0.04756378879121129,0.5333333333333333,2,BEARING_WEAR
0.3552342213312486,0.031387745936359054,3.9617533061870426e-05,184.04094447864424,2.961393333043572,0.008004384880102989,29.952637298200102,0.47013778649823124,0.0005680291126180001,0.4666666666666667,4,SUPPLY_VOLTAGE_FAULT
0.4742026654131071,0.08300037649885357,0.0017943082567728455,224.94547383537108,1.8488161516824944,-0.0006814744575626686,35.21454018544822,3.001080143703827,0.06784304160975024,0.6266666666666667,2,BEARING_WEAR
0.3517106204228008,0.027679004516114616,-6.388347107676824e-05,256.2016077102509,2.9036083094061755,-0.002102273988841026,30.05314627095805,0.5183380161536443,0.0002642048257623281,0.5133333333333333,4,SUPPLY_VOLTAGE_FAULT
1.1366142476279397,0.15104370509465828,0.0029081540321816758,223.7161225652425,2.538238752611237,0.005843387212787326,42.75722101197298,5.850614490513338,0.13281252883741565,0.5733333333333334,3,OVERLOAD_BLOCKAGE
1.1476851870269502,0.15775624548429032,0.0031544581259953775,224.26544105918967,2.529220609339941,-0.0008040300454127346,41.1056785666748,4.817804487901452,0.10913077568450331,0.58,3,OVERLOAD_BLOCKAGE
0.429883130592288,0.05132986285606385,0.0010030662266057565,225.07269471858828,1.8753600150738132,0.0033407066846883496,35.20222313414502,3.121245892164553,0.07059905985293044,0.64,2,BEARING_WEAR
1.152506337117038,0.172608318659486,0.0034386751257573993,224.0248223498973,2.7563775338809555,0.0016127198307672084,39.620361030251125,3.9943795676704563,0.08941911876546817,0.5066666666666667,3,OVERLOAD_BLOCKAGE
0.3415376207814837,0.1631494627669478,0.00026079267368124234,224.63109141544095,8.099191623094072,0.010793013900312851,30.021759592149078,0.5220866583446256,0.0004310885427831101,0.48,5,INTERMITTENT_CONNECTION
0.4799042466078807,0.08176756040041243,0.0017572063944967427,224.75511721738283,2.069155656445423,-0.005888775225371921,33.682468553013884,2.178849666926023,0.048043584359247306,0.54,2,BEARING_WEAR
0.4531401342372764,0.03803898481048319,-1.688313558257285e-05,224.9488565840042,2.124418550992917,-5.118357659619037e-05,30.00639452989073,0.50201374916729,-0.0014638283389928712,0.02,1,ENERGY_WASTE
0.45125248000031615,0.06386313869968707,0.0013108379018018687,225.00222258716818,1.8493760857246266,0.006582408506796574,34.00312241300545,2.412492749604494,0.05418927981647216,0.5866666666666667,2,BEARING_WEAR
0.3585627357687844,0.17321194007632168,-7.256443571699721e-05,224.7816484717308,8.483905220510424,0.01921714141207826,30.023659533912227,0.4920926832237201,-4.0479478436744076e-05,0.58,5,INTERMITTENT_CONNECTION
0.3401362419819425,0.16428378334000143,-0.00019200696771246866,224.92246882918707,8.402475293293717,0.012068526631762506,30.000628583529398,0.5030713226265832,0.0005966993142454734,0.5266666666666666,5,INTERMITTENT_CONNECTION
0.4573449709715981,0.07025049761696074,0.0014865075068256968,224.89593909588555,1.8970926903628624,0.0023748367985849867,33.65468433903373,2.2554749089679658,0.05054656371095347,0.5533333333333333,2,BEARING_WEAR
0.5188583273523489,0.10068761620705886,0.002240288667389389,225.00562647754595,1.8993358417236827,-0.003596866686293469,35.058513783661084,2.909140417033739,0.06560759336639634,0.6333333333333333,2,BEARING_WEAR
0.3368826347941936,0.18284125567516982,-0.00044020227882057535,225.39429888553443,9.206892213973457,-0.006081896312242225,29.94316659979755,0.48197983891965795,0.0022976059551459258,0.5066666666666667,5,INTERMITTENT_CONNECTION
0.4460629128913918,0.06376439822099043,0.0012662899449579056,224.98099463224605,1.9812535734838805,0.007912239564996077,33.80525129317647,2.3122473905484315,0.051985319076146536,0.6733333333333333,2,BEARING_WEAR
0.34607835556667244,0.02959401721984806,-1.7817374888200963e-05,224.83884934749494,2.0170237916547302,0.003547633587687984,30.03270609444227,0.5078558182256763,-0.0005064740965513816,0.5666666666666667,0,NORMAL
0.4552815571009599,0.04264768489135941,2.674835892807529e-05,225.23616683189476,1.9966553994319147,0.002137022628831104,29.986200480529337,0.4971362787534492,0.00028929524656373147,0.04,1,ENERGY_WASTE
1.2305425889544876,0.2070589253075193,0.00440380884296481,223.76646319446726,2.54080724377945,-0.002894713488760631,42.25818444226682,5.464282204878392,0.12395457959773375,0.5466666666666666,3,OVERLOAD_BLOCKAGE
0.3736202794162959,0.17417837046177306,-5.0182195352890455e-05,225.55538139323133,8.175515851044048,-0.007758695693381248,30.031748360230875,0.5547244031013162,0.000995143280634883,0.5466666666666666,5,INTERMITTENT_CONNECTION
1.1573263320539222,0.16674610628579556,0.0034621511059006044,223.97882319006922,2.6333456462474434,-0.004730875842713324,39.995216188263655,4.234511072184795,0.09536124612321416,0.5933333333333334,3,OVERLOAD_BLOCKAGE
0.4532419427315828,0.0379756263531888,6.090276281763459e-05,224.99635148335383,2.114417479021618,-0.002311602035273865,29.971753356197272,0.5455669068620477,-0.0001637037209292936,0.03333333333333333,1,ENERGY_WASTE
0.44848436516980267,0.04115143740172746,-0.00010027598749584204,225.0001302759074,1.9192722229338983,-0.0030822382002806165,30.022531077954852,0.48473417973836513,0.0010094749728664471,0.02,1,ENERGY_WASTE
1.115396926796277,0.15156524314331699,0.002915745950802276,223.75444776477025,2.5104488745863147,0.00027104867053391086,41.2602005757206,4.654511581600734,0.10494405950603836,0.6333333333333333,3,OVERLOAD_BLOCKAGE
0.34046446482786347,0.1815374021884062,2.5608569950809373e-05,224.43784596595583,8.052738965092928,-0.0008939228386470325,29.953653328084794,0.4773535318512277,0.0002876323907422414,0.47333333333333333,5,INTERMITTENT_CONNECTION
0.35368042981077363,0.030551451596337795,-3.005353582514847e-05,265.82714955144,2.8240773948562437,-0.005835941604828632,30.045359827866136,0.48684508604808047,0.00019380615250749354,0.4866666666666667,4,SUPPLY_VOLTAGE_FAULT
1.121415090119583,0.1464072020477788,0.0027966237418900787,224.02130129508194,2.4287819108671203,0.001520756243605077,40.650780187649616,4.474479125489965,0.10081013136547749,0.5866666666666667,3,OVERLOAD_BLOCKAGE
0.42764049380936475,0.05132395943706345,0.0009989342798100752,224.80540393937466,2.071178382582079,0.0061204529903864605,35.15069970311968,3.1164770594548483,0.07047745621906636,0.5733333333333334,2,BEARING_WEAR
0.3469451088506954,0.02957349306219295,-6.265698565526013e-05,224.92818231090206,1.9806869148597024,-0.0013339004128948917,29.99954619378453,0.5045775036943699,0.00048677968405259973,0.64,0,NORMAL
0.5029233363715325,0.09397752545963646,0.00209553822588654,225.05443579695387,2.2313493058484197,0.0026208392852096933,34.71099437108376,2.8002226696749846,0.06306813338917058,0.58,2,BEARING_WEAR
0.3489512830283441,0.029677288063758186,-1.0515508072341484e-05,193.49233498564857,2.8507444033354457,0.004271439124412757,29.999408694701064,0.5307349026051347,0.001456682612029624,0.56,4,SUPPLY_VOLTAGE_FAULT
0.3463183404416237,0.03183834451207221,6.055110905186022e-05,273.04347433823983,2.794983724181581,0.001375556185573677,29.947242425412767,0.4959983817577451,0.001386944065046984,0.49333333333333335,4,SUPPLY_VOLTAGE_FAULT
0.35121598469626747,0.03112630385689088,8.771628192354641e-05,224.88017826230256,1.8043099506042857,-0.001280841692874438,30.00558967730013,0.5040269844191522,0.001119574674486685,0.6266666666666667,0,NORMAL
0.3521160246697869,0.1645682287735076,-5.143618346977197e-05,225.72867390163555,9.624020482305927,-0.011618037565843934,29.938994081102937,0.5411817791760982,-0.0027211137704429146,0.52,5,INTERMITTENT_CONNECTION
0.34573079898356524,0.15236208630962908,-0.00021870300140888025,224.23674239943375,10.359597783905558,0.02002486342302332,29.959695572386128,0.5419687481956498,-0.00203378777770839,0.46,5,INTERMITTENT_CONNECTION
0.3420835817339348,0.17828390185632456,-4.814481529082967e-05,224.92177771613976,7.911094951926481,-0.007119474123734349,29.980793924495217,0.5154890196579632,-0.0008384651835133943,0.5333333333333333,5,INTERMITTENT_CONNECTION
0.44480762101847393,0.04112348216217575,6.178122965495072e-05,224.9222555156065,1.7867064753712227,0.003065582233239699,29.99108745953606,0.554529416530194,0.0010871862901802882,0.02666666666666667,1,ENERGY_WASTE
0.44980762435247623,0.039575201544014546,9.467669820074283e-05,225.26262988610847,2.173642357923108,0.0037135892481300636,29.996209249866006,0.476081199047256,-0.0004434075491716159,0.0,1,ENERGY_WASTE
0.44941815748083497,0.0387305946196303,-1.885363889090753e-05,224.90925772992205,1.887671979539245,0.003194135376418811,30.012867587682393,0.46651818471660444,0.00044473357895112706,0.02666666666666667,1,ENERGY_WASTE
0.34870537251948663,0.16634731716083245,1.5582136436583454e-05,224.98692993721207,9.727094593163471,0.0011215696508771948,30.011291910161052,0.465720692956367,-0.0004155696238390703,0.4666666666666667,5,INTERMITTENT_CONNECTION
0.3496740968128702,0.029851551181754397,-0.0001317387463215817,190.68559956727583,2.6340738308273175,-0.0017986693757449763,30.006066963591802,0.4937685476222359,0.00011457318133792788,0.56,4,SUPPLY_VOLTAGE_FAULT
0.34652404711696394,0.028719567019820907,7.787857171953668e-05,225.06134855790646,2.082585529028081,-0.005168216063976981,29.894499351304706,0.49520472621850353,0.0005350865358096232,0.58,0,NORMAL
0.36126236502601716,0.18200746048369087,0.0004854378747414402,225.01607591613546,9.58523172996353,0.01794488319764139,29.97891024862929,0.4884344886610142,0.0013282419770311712,0.48,5,INTERMITTENT_CONNECTION
1.2116928755888914,0.21206188669770382,0.0045073224426011565,224.0009508736701,2.2462698202938487,0.005617585079514542,39.527485611021376,4.021591764821344,0.0900599849270897,0.6133333333333333,3,OVERLOAD_BLOCKAGE
0.3503129125451658,0.028582979878051095,4.649806184068372e-06,177.69497887143595,2.5826702379532587,0.0073325847013670006,30.056141383163475,0.5541760665891484,-0.0007028199713152441,0.52,4,SUPPLY_VOLTAGE_FAULT
0.4935213211394452,0.09019629092041626,0.0019609522979077863,225.12588359940239,2.113434895812569,-0.0015791635733783027,35.041287374457504,3.004223842795471,0.06809876561818924,0.58,2,BEARING_WEAR
0.4568882466005992,0.0685963265211865,0.0014367558879304465,225.29806740753577,1.9333904231800012,-0.006206780834703773,34.6336747361453,2.744077839739212,0.06222573688833297,0.68,2,BEARING_WEAR
1.2328356957180349,0.21511684173715637,0.004620037348832841,224.1927074886204,2.5020008928368638,0.0003647372470794774,42.73133464350825,5.8662333618446265,0.13319715697582996,0.64,3,OVERLOAD_BLOCKAGE
0.34882771436600685,0.029724928461258158,-0.00011041743351137633,225.05688592138546,1.8948355937866705,0.000648680186081543,29.998688530815702,0.4627748019422206,0.0001813519589558351,0.62,0,NORMAL
0.3505350929318474,0.031059343959720504,3.369400637318614e-05,271.4902608283445,2.884443709199996,-0.0016797257246087178,30.04359764529918,0.5118792936581663,0.0006814304305180737,0.48,4,SUPPLY_VOLTAGE_FAULT
0.3486327498102287,0.02886069897152589,2.5071717950398877e-05,272.7302792612771,3.2330180061081504,-0.007372248819182568,30.006637139985116,0.48325556278794224,0.0011563487674409272,0.5133333333333333,4,SUPPLY_VOLTAGE_FAULT
0.48924714992183227,0.08853690346710046,0.0019460185947774145,225.0522360019481,1.9633421805189828,-0.0007211826749832141,34.54522707365592,2.7642744039434857,0.06214519327331053,0.62,2,BEARING_WEAR
0.3502864854276968,0.027682297124872288,7.798728498408593e-05,272.3041745633989,3.108476924974185,-0.005102644087180118,30.050179796734106,0.5290057035314731,-0.0011519260842012028,0.48,4,SUPPLY_VOLTAGE_FAULT
0.44744283938063634,0.06293129828129826,0.0012815515964311578,224.90836457687053,2.071076187394965,0.00013994853219601708,33.21150566641448,2.0165754346200697,0.044698622734750844,0.5466666666666666,2,BEARING_WEAR
0.4247087461097731,0.05713109613992544,0.0011016319494912298,224.87255254392943,2.0496269088954913,0.0008796092961596659,35.15775453350525,3.0709400305210335,0.06973892324195338,0.5733333333333334,2,BEARING_WEAR
0.4238715422062152,0.05151348336465182,0.0010149960742779753,224.862934206378,2.0461143436821683,0.0008628262376482259,34.25154227967847,2.5921807769468455,0.05817242858640783,0.6133333333333333,2,BEARING_WEAR
0.3750378355024751,0.18073174327212085,0.000434030166482107,224.62623224836545,9.231644919942442,-0.014150760620657087,30.00567462285242,0.4567567541092888,-0.000783050456244564,0.54,5,INTERMITTENT_CONNECTION
0.35171631734025616,0.02965480390819563,3.844080660485955e-06,224.84294221024902,1.9195479015279757,-0.003723909940929908,30.003497729159797,0.4948133700799592,-0.0011300555501535755,0.58,0,NORMAL
0.504648935807111,0.0913046104244856,0.0020012436190395043,225.00464270562458,2.03513328116737,-0.0030135185889844335,34.39410339614723,2.655128161392812,0.05928965365411373,0.6333333333333333,2,BEARING_WEAR
0.44035309208354345,0.062414867261832443,0.001242520421603541,224.96460237453095,2.0651602897810624,-0.000731590013329652,33.71463681526026,2.2209472418725267,0.049255681606128816,0.5133333333333333,2,BEARING_WEAR
0.35021082498534833,0.02952753929928868,-2.2273570894804746e-05,225.17011608859644,1.992011957652859,-0.008625610412497785,29.951161243560286,0.5250404251084853,-0.000648982164203105,0.54,0,NORMAL
0.44590616305645453,0.04181110357736306,-7.913031267849397e-06,224.94975256108785,2.217916068753779,-0.0028464913207546997,30.041892381836877,0.4393082234797589,0.001166182276232391,0.03333333333333333,1,ENERGY_WASTE
0.45246261243548036,0.03693853743062502,-3.4286013227528966e-05,224.91996785339532,1.9036435498625257,-0.0009288438972741189,29.980595551255615,0.4758216832426671,-0.0005504764117734897,0.02666666666666667,1,ENERGY_WASTE
0.34701697249035,0.19876584314768475,0.0005114111075253767,225.23011387829794,9.782525463791176,-0.008029488590857062,29.99732856225642,0.46206065544349284,-0.0011151930735431549,0.52,5,INTERMITTENT_CONNECTION
0.3714643400214459,0.1725065039193167,-0.00018128654704322605,224.09134745440883,8.478290812813295,0.01561533482339491,29.954883968556242,0.49640118922175364,-0.00040025990221050187,0.4266666666666667,5,INTERMITTENT_CONNECTION
0.35151680333855706,0.030820978859755904,2.7833173479104453e-05,224.7388117009899,1.85882101607906,0.0007053920747619114,30.033401858639845,0.4656572482444191,-0.0009939037040237971,0.5933333333333334,0,NORMAL
0.35351741362840755,0.027804326298467994,5.261654904757024e-05,191.94369476398614,2.8867887416499967,-6.693076199768533e-05,30.013173595035298,0.49933832076468837,0.0007318481904199043,0.48,4,SUPPLY_VOLTAGE_FAULT
1.2241216498516614,0.20816368411319008,0.004488111389705938,223.92990615788386,2.452378023068659,-0.003938342577967058,39.75572248350783,3.9994360716558,0.08992018656421498,0.6466666666666666,3,OVERLOAD_BLOCKAGE
1.1624719474928247,0.17541545472957437,0.003577684729869937,224.19798815614783,2.798519043605833,-0.00042247281518298846,41.686617771796335,5.192307389329732,0.11785774561314674,0.6533333333333333,3,OVERLOAD_BLOCKAGE
1.1719304481155262,0.17305677394066127,0.0036124735828127383,223.52050322870588,2.7430843801471996,-0.00013440375202258362,39.1493542784467,3.6013137353820364,0.07941919997609644,0.6066666666666667,3,OVERLOAD_BLOCKAGE
0.3489070347850586,0.028083369007000782,2.131632636755503e-05,225.11560035285564,2.0296364585383455,4.0502661478623964e-05,30.04778088040366,0.5017978204417092,-0.0009195062727800549,0.62,0,NORMAL
1.2378396758651857,0.20582676259378369,0.004354133883213492,224.13699243633897,2.4840982536217173,0.012677113695397053,39.135582418692735,3.7642347987054197,0.08391862823070978,0.5866666666666667,3,OVERLOAD_BLOCKAGE
0.34865617422273265,0.032547103799612884,8.540919489537518e-06,225.123921148892,2.092475469998514,-0.0008965839085743577,29.912930284684773,0.5174808077448575,0.0009327907850432308,0.56,0,NORMAL
1.1973013356331246,0.18907707923851083,0.004042733557874713,223.7204461320728,2.6619591766410147,0.000457046374668084,40.03932541380838,4.088372081863865,0.09145274309427161,0.64,3,OVERLOAD_BLOCKAGE
0.45105035046638914,0.04168790463533063,-7.691191591534527e-05,224.9114922019067,1.9465550543847037,-0.0012704118391298237,29.942065911065917,0.5130984170544549,0.00019550844744304854,0.02666666666666667,1,ENERGY_WASTE
0.35239344902356295,0.02710138870068231,-4.440205687109482e-05,268.0201294672948,3.1064961451939497,0.0010900551035827994,29.94639439219865,0.5417161380872025,-0.0009247354070814621,0.4666666666666667,4,SUPPLY_VOLTAGE_FAULT
0.3496669359783221,0.02868240613512211,-3.912801939580505e-06,224.7064890473525,1.9612329439392522,-0.0016195408828007212,30.008765544547927,0.5259884457314267,0.0008035222173724763,0.5466666666666666,0,NORMAL
0.3500793497094735,0.027647117227333446,-8.57815890548805e-05,225.04322083837536,1.8737594508237072,-0.003946904101823223,29.99272190304541,0.5113036888816975,0.0002602196475873949,0.5666666666666667,0,NORMAL
1.213781306623018,0.19102529904707463,0.004071497072875984,223.8878593546903,2.687809083301677,-0.000354902975823415,42.96935233780875,5.852830011225058,0.13315198389640537,0.6333333333333333,3,OVERLOAD_BLOCKAGE
0.454427204429886,0.06907565773731976,0.0014641042819142028,225.05317091810613,1.869983809368128,0.00013829014630063985,33.09842871528977,1.996922748277733,0.04403877120617573,0.56,2,BEARING_WEAR
0.34900682583917814,0.029227383588446995,-6.577544986347794e-05,225.3819599502042,2.2144264783349152,0.0056149504159101905,30.03796520178616,0.49187097524982715,-0.00012198359407394725,0.6333333333333333,0,NORMAL
0.3461854819498665,0.030270823956215515,2.526321780461738e-05,225.14054170904822,2.090276640705219,0.001522080959107307,30.076677396428945,0.5444780062763572,-0.00015321260295782666,0.6466666666666666,0,NORMAL
1.1836664275567523,0.18115104752825306,0.0038306942836159982,224.14414078092702,2.606516996775472,-0.0022869479788820064,41.75520501615049,5.167289268303143,0.11705802697819614,0.5666666666666667,3,OVERLOAD_BLOCKAGE
0.3493265345886606,0.03184312030026569,-2.206077642151402e-05,257.45195349538494,2.6116121648431667,0.001941147843653819,30.01859218956515,0.5289512136613224,-0.00011441960347451305,0.56,4,SUPPLY_VOLTAGE_FAULT
0.44896538236763395,0.038222654211805616,0.0001142131630245029,225.2403869528942,2.0552428027784204,0.003792177729205862,30.02302856577707,0.4745075803289403,0.0014200287437513626,0.06666666666666667,1,ENERGY_WASTE
0.35257164796232116,0.02870465651999287,-0.00010504984227448395,224.75749683823378,1.8936511133822258,-0.00024175750445157954,30.034966512746298,0.5093832267296711,-0.0001102960578740375,0.62,0,NORMAL
0.3547682709764507,0.17705393320608698,2.5870874612205547e-05,225.33373279611823,8.247511566404965,-0.004555042141648842,30.03527811781197,0.508072670326961,0.0008366311559194436,0.44666666666666666,5,INTERMITTENT_CONNECTION
1.2328276705158048,0.21351833295616304,0.004626994601875602,224.08091534820846,2.58698830665844,-0.0008310518644446177,40.37217845598039,4.380876229002627,0.09834477750443496,0.64,3,OVERLOAD_BLOCKAGE
0.35402390331462336,0.03073629198043923,-5.809761071494816e-06,225.1098825454484,1.9067584478083448,0.001989658282831069,29.948421852112745,0.5182721480085474,-0.0008758889446774728,0.5866666666666667,0,NORMAL
0.3518888268343375,0.032329130991906777,-3.9664150262506565e-05,190.75311520680984,3.086235978456448,-0.006340978053078557,29.952188702979488,0.45085302552287065,-9.100636332302862e-05,0.5333333333333333,4,SUPPLY_VOLTAGE_FAULT
0.46610349118840094,0.07498275326925986,0.0016093625097391786,224.9919373711983,1.9488428163496145,-0.0007450535276408597,35.56495812295407,3.222276791212027,0.07321501801727444,0.5733333333333334,2,BEARING_WEAR
0.3597402049062462,0.17028070519037086,0.0005553610805763489,224.3133389216988,7.963614134446452,0.02086201447710975,30.00687602095786,0.5209217460440623,-0.0009021572123658703,0.49333333333333335,5,INTERMITTENT_CONNECTION
0.5021265052040846,0.09512966278150745,0.002092340693843913,225.10371477114967,1.8362010329987477,0.0030955349236618294,33.940470257835806,2.349866823128893,0.052507507142266714,0.6066666666666667,2,BEARING_WEAR
0.4540470533662157,0.06668217137169871,0.0013826389236710436,224.94164899600176,2.020456655873667,-0.0006805635301742068,35.36651952154917,3.1035125123101626,0.07048790540613176,0.6133333333333333,2,BEARING_WEAR
0.3501484529958501,0.02705831415128041,-3.547609973020681e-05,180.0737834194323,2.9817462996511264,-0.00635276073200346,30.01768865387022,0.49672429278448343,0.000492639822988482,0.5066666666666667,4,SUPPLY_VOLTAGE_FAULT
0.37637205216269043,0.1799189454478764,-0.000177106623863832,224.6084495893109,8.224071751749596,0.000579718842432128,29.961512033458852,0.4835984459223009,0.00019107488938894452,0.52,5,INTERMITTENT_CONNECTION
0.45455226050314973,0.039122149862332305,-1.762996671112543e-05,224.91810175432272,2.0891703380617224,0.0026366611813101455,30.003335606165898,0.5152198802248505,0.0009098254991272765,0.03333333333333333,1,ENERGY_WASTE
0.44832528500568003,0.0432147735655366,2.630223154617869e-05,225.0101978949899,1.8750841618222818,-0.0017456743445989666,30.013606816661245,0.49077368582725783,-0.0007383344311282039,0.03333333333333333,1,ENERGY_WASTE
0.34883629751404166,0.03279116299107344,-4.270179903801066e-05,225.1223075952719,2.0040791434115004,-0.002092685835826914,30.02693903103005,0.4965102715026986,-6.891467093200071e-05,0.6133333333333333,0,NORMAL
0.34407785431920485,0.18656199834092557,0.00012695717424797426,225.64492752089552,8.08373594506356,-0.004227954497122563,30.042522162557955,0.4900846760752713,1.5011079101063462e-05,0.5866666666666667,5,INTERMITTENT_CONNECTION
0.44760291339142344,0.03906505978190475,3.1220625569754725e-05,225.14066207769065,2.0339441121519966,0.001965905205423278,29.9363568891804,0.5093645670214226,-0.001241925013645859,0.07333333333333333,1,ENERGY_WASTE
0.4516160531026619,0.06357821029848047,0.0012940194448057896,224.99475581529384,1.9011662489609087,-0.005119962171866797,33.57778795685653,2.111240135303173,0.04713966791535036,0.6866666666666666,2,BEARING_WEAR
0.34952978358079984,0.028061206554962574,1.7467924405329963e-05,225.0101541621826,1.9955975930590113,-0.004238956408221775,29.990328994877814,0.493745848956426,0.0012797604185948747,0.5333333333333333,0,NORMAL
0.45186323490876795,0.03714906733453068,-1.6516932775933447e-05,225.14358630395878,2.10717764043117,0.00047407411171438666,29.94768621812228,0.5119572602891209,-0.00039615484477800467,0.02,1,ENERGY_WASTE
0.34950293274322863,0.18474351065409328,0.00025720666906106106,225.05176858740694,8.777540878645027,-0.00169739342496984,30.01018061176682,0.4834276450822309,-0.0003071011228361224,0.4533333333333333,5,INTERMITTENT_CONNECTION
0.3512317922932848,0.031563699738563634,-3.6195932347408745e-05,273.7206371999403,3.077430236494581,-0.008684773940713932,30.062174851734163,0.5076980917122134,0.0017050167008311001,0.5133333333333333,4,SUPPLY_VOLTAGE_FAULT
1.1444387646473138,0.1702255044460741,0.0033941294971536725,224.09405349635787,2.3359570599174253,0.00013983482893357754,42.49016821821356,5.721226628443886,0.1299104717472086,0.62,3,OVERLOAD_BLOCKAGE
0.3504445798278589,0.030384036793867423,7.985944390576476e-05,224.91917159118293,2.0565642373158113,0.00014679284415930924,29.984663060677338,0.4980263298737377,0.00040536932458624237,0.6,0,NORMAL
0.34934149629270195,0.031206771534840888,-0.00017516551123422717,256.93732876626643,3.0710216335291345,-0.010096708641323185,29.971494024700636,0.4698393975906565,-0.0005427193764808095,0.5333333333333333,4,SUPPLY_VOLTAGE_FAULT
0.49296345487347953,0.0900916091602915,0.0019598545143251107,225.12891130615714,1.917865716346312,0.002177877885316725,34.03769661250687,2.3741048782813627,0.05331211378053748,0.5933333333333334,2,BEARING_WEAR
0.44767694870393615,0.06523197554909324,0.0013548286033143156,225.04788321125827,2.064486947799719,-0.0009239835283708263,34.32339231296216,2.6599436812397004,0.059701309224674516,0.64,2,BEARING_WEAR
0.4496637595214686,0.04118610438698915,-4.584257074508815e-05,225.16863459553124,2.048409480003883,-0.005869877734435258,30.002141251879486,0.4707864241317022,-0.0004889841681203373,0.02,1,ENERGY_WASTE
0.3439499661281629,0.1714481648286439,0.000128048553302262,226.87475186998424,8.658059909239368,0.011195055567937063,30.05186288008986,0.5180019978317192,0.00012520677503939718,0.54,5,INTERMITTENT_CONNECTION
0.34828753993397005,0.033716396428684486,4.32856204057644e-05,224.89978582198694,2.0746374493367394,0.0039895976198996656,29.925708632537997,0.491799389184097,0.0022565640998882946,0.5533333333333333,0,NORMAL
0.3637278847061461,0.184977812081744,0.00029191043486462536,225.57226679626987,8.203409871251939,-0.030830655547195204,30.003980144912468,0.5299166506378449,0.0018560476065488712,0.52,5,INTERMITTENT_CONNECTION
0.44299952198231823,0.039198178964258354,-0.00012646460813540864,224.83142641942433,1.9428949617458249,-0.0012969743560292345,29.976667459092337,0.5233456298521607,0.0006593971308181026,0.04,1,ENERGY_WASTE
0.3531914994594744,0.02851669135677964,1.9477690460287977e-05,274.17801409648723,2.9555340476627068,-0.003454869461691516,30.039179610341026,0.46977732421520696,-0.0020517697806219457,0.47333333333333333,4,SUPPLY_VOLTAGE_FAULT
0.347558559410755,0.1704614621084243,-8.949578471989728e-05,224.13697725104623,7.983815246251479,0.025968518922412368,29.970670353790933,0.5573819793977938,-9.319536517280983e-05,0.5133333333333333,5,INTERMITTENT_CONNECTION
0.49490156757735365,0.0887468929634981,0.0019441542421488563,224.8905090006969,2.0562528701155296,0.003593873597225826,35.45111547603364,3.2469331880888554,0.07362729404128986,0.5733333333333334,2,BEARING_WEAR
0.34713080156850906,0.029065011565701054,-2.1685320850596078e-05,225.09464876822943,2.033270780054747,0.002972588719548593,29.930939337053545,0.4541200382802859,0.00023696280043498816,0.5666666666666667,0,NORMAL
1.1532290430290781,0.17475152649853318,0.0035404579697541024,223.72229902736643,2.3847968584026837,0.005436680703835821,42.61281012119203,5.671075581955592,0.12891759807379868,0.5533333333333333,3,OVERLOAD_BLOCKAGE
0.34939742997945106,0.032005659411205534,-1.404950457998861e-05,271.8593942925818,2.972959413354802,-0.0015831623080137193,30.036425817915994,0.5298963122481959,0.00016832565818390436,0.54,4,SUPPLY_VOLTAGE_FAULT
1.1926218961060702,0.19259678499202967,0.004096929588147944,224.02441608810807,2.405858062609377,0.003102904848845457,41.292589041932985,5.146631648566951,0.1166495800933042,0.62,3,OVERLOAD_BLOCKAGE
0.4473859822320577,0.038284434255159344,1.1132743683618439e-05,224.9475016273666,2.0743688083134226,0.004859633782105309,29.967234709503803,0.5044579629546357,0.00025167663874240195,0.0,1,ENERGY_WASTE
0.35098572937275657,0.030632684197322593,1.3741230738666315e-05,194.15962589362167,2.998088090887994,0.00539029341565941,30.013590424959013,0.495403455615323,-0.0002947211133920369,0.5333333333333333,4,SUPPLY_VOLTAGE_FAULT
0.3526447734677612,0.03028334655935785,7.863025437466315e-05,224.8276292309261,2.043011305272092,0.0037950772663913617,30.011147700548804,0.4845563039793607,-0.000540952377018321,0.66,0,NORMAL
1.1269687718218957,0.1643893470349026,0.0032572743660717798,223.81548291694006,2.53588652753623,0.006313972854378579,40.50456372172338,4.480455688137703,0.10050365160969439,0.6,3,OVERLOAD_BLOCKAGE
0.348839589516429,0.03346537123916152,0.0001132391669319215,224.82123321007117,1.989660417577314,0.00014371435831473698,29.99782451685975,0.4914423521177266,-0.00027102483651560773,0.6733333333333333,0,NORMAL
0.4814481623647605,0.08426003203612745,0.0017879737389587585,225.18982230078836,2.2758026447605406,-0.008430139768290493,33.86060303943512,2.2944343750209772,0.0511806713721452,0.52,2,BEARING_WEAR
0.3480357966881893,0.028409399777032315,6.498643180976545e-05,271.1263065987468,2.953611462803562,0.0074074686176493695,29.931108287930705,0.48971083653452063,-0.0003545798639414331,0.56,4,SUPPLY_VOLTAGE_FAULT
0.34669309298471307,0.030672372083356703,1.54831445979936e-05,224.52614837648028,1.9208818889659782,-0.00148374025012261,30.004632130855633,0.4857764790202431,-0.0024407242598587045,0.6333333333333333,0,NORMAL
0.5041521506993439,0.09995258155558677,0.002205773207808152,224.86736923988093,2.0537669922890753,-0.0007692179357433654,34.427045574079834,2.6130680326747124,0.05874962463556895,0.5733333333333334,2,BEARING_WEAR
0.4609326433600495,0.06871912151883192,0.0014038759510785444,224.67887563663592,1.9643749732567444,0.005568784542752237,34.14251720281314,2.5038028469374916,0.05585916832979296,0.6466666666666666,2,BEARING_WEAR
0.434482580108624,0.061225187254739494,0.0012479415342280754,225.20073463502985,1.9556313775672898,0.0019654808068158445,33.78401618375271,2.331660844468584,0.05164190256688351,0.6466666666666666,2,BEARING_WEAR
0.5075028867608576,0.09182254194531475,0.002021673638229587,225.0333252822762,1.9677370841889714,-0.004698889446908038,34.56049502987298,2.6884244800553194,0.06067393844347775,0.6266666666666667,2,BEARING_WEAR
0.35151479874824276,0.028211521575564242,-3.7819652664623703e-06,225.08676136419953,1.9471704805062253,0.005148034113117452,30.061649273525095,0.48152114276983177,-0.000577886130812981,0.6266666666666667,0,NORMAL
0.4464958445692983,0.0402853787784321,-9.01921278079941e-05,224.82312375604613,2.0724939225079018,-0.006048647603325636,30.02624512576943,0.467039289077183,-0.0005598141296966088,0.04,1,ENERGY_WASTE
0.3674872498224426,0.17699377211995893,0.000630867113776549,225.27092022696087,8.695925628229238,-0.012607025309637653,30.058941544721673,0.5209455690465455,0.0011211893140063711,0.5533333333333333,5,INTERMITTENT_CONNECTION
0.35040955898962767,0.02775248897784816,-5.801846900520158e-05,224.9397910565978,1.8705088935896874,0.0014929319399404554,29.992857497128764,0.4854075819221279,0.0004090599186429466,0.62,0,NORMAL
0.3459074559731915,0.03019892918652979,-0.00011902858402631556,224.7184180786676,2.0052366823469057,0.0038418368280409313,29.998632061387017,0.48363210398967577,0.001980802387737939,0.5933333333333334,0,NORMAL
0.3504671766312477,0.02761897362835032,4.814942427909088e-05,258.4683312090566,3.1964673909428414,0.006324498186013619,30.02435426772117,0.48756625654424984,0.0010448962202142737,0.5266666666666666,4,SUPPLY_VOLTAGE_FAULT
0.35057588165108894,0.02948454617966995,3.2946789070535616e-05,224.79095537460333,2.0407686428713316,0.006710553697773463,29.977529436954427,0.49689462378265786,0.0005238029908795286,0.6,0,NORMAL
0.44694743425649763,0.038761259745791955,0.00023057314058780583,225.01180061870517,2.142806710429292,7.313556560813205e-06,29.966613427213204,0.5406136880802447,0.00043136137827857145,0.04,1,ENERGY_WASTE
0.45350812116781763,0.041104319605630595,-5.0893044980520694e-05,225.01708651742717,2.0723207183567456,0.00016300689026211708,29.96283168988693,0.4620929381395458,-0.0006019929005983651,0.02666666666666667,1,ENERGY_WASTE
0.35174796675046854,0.02962505898316351,-1.3948447355693025e-05,194.62510609638372,2.672917066626839,-0.0014369612343604228,30.00839271046813,0.5040133784026287,-0.0007456426353630008,0.44666666666666666,4,SUPPLY_VOLTAGE_FAULT
1.1905475188371484,0.1796004330875641,0.0037571490045479844,224.27494536632264,2.510179139666648,0.0014411554167620031,42.050289617856194,5.341488881347316,0.12151965805459015,0.64,3,OVERLOAD_BLOCKAGE
0.45453392447053886,0.06511866686678158,0.0013398047052647622,224.96677075682862,1.9807211063114112,0.0018489161818186774,34.02667346193235,2.4595672579633105,0.05526273743591588,0.6066666666666667,2,BEARING_WEAR
0.3482984334830017,0.030301817165134318,-3.749560364679468e-05,275.1799847357691,3.0548950209033237,0.00477638683198391,30.015092126859443,0.5272940880400789,0.0007891990637914888,0.49333333333333335,4,SUPPLY_VOLTAGE_FAULT
0.3561087682861862,0.027900567860617315,4.51164748211698e-05,225.0799733792987,1.8689245452703909,-0.0008612458752017474,29.86786531084004,0.47259226310876273,0.001740465897410839,0.6333333333333333,0,NORMAL
1.1036694106084306,0.13974863576192556,0.0025978333224441104,223.67597574763593,2.6393047544585824,-0.0011547227415423886,40.07791563466603,4.2199024072387985,0.09477652580303438,0.56,3,OVERLOAD_BLOCKAGE
0.3527625241428235,0.026771246093050784,-3.22608695203922e-05,225.0385377265127,1.9867828046231322,-0.0014081804010536972,30.10814750754252,0.47176351623116075,0.0009351384439239508,0.62,0,NORMAL
0.446296219404782,0.04128658162471503,-1.2748208298345912e-05,224.9972998564222,1.8917450939757694,9.879125853038956e-05,30.02916173607853,0.41411202403400127,0.00018803357107536383,0.02666666666666667,1,ENERGY_WASTE
0.44942140602987574,0.03982966804782046,6.943037924310211e-05,225.05833849022727,1.9177089086795762,-5.335618443689693e-06,30.012523609723225,0.5159254923621549,-0.0014886522523321532,0.03333333333333333,1,ENERGY_WASTE
0.34524687325883086,0.0315946529231967,6.840653166518494e-05,180.33242747603936,2.9482941516507792,0.004798453165060341,30.053162377856363,0.4628516721280235,0.0004222297231954591,0.5133333333333333,4,SUPPLY_VOLTAGE_FAULT
0.34895392368376094,0.030636198746690275,1.6567775231325802e-07,179.88477601158203,2.9250502587761744,0.005624068246170311,30.04625509806768,0.48506981209130723,0.000237063900900511,0.5533333333333333,4,SUPPLY_VOLTAGE_FAULT
0.45117184217701567,0.03867203206468355,-9.695053287811467e-05,224.92140243349925,1.8237842689758033,0.0006291502228130053,29.9041409045099,0.5139714398396578,-0.00011658798375686018,0.02666666666666667,1,ENERGY_WASTE
0.4577506719593918,0.06499660312311963,0.0013485420284782413,225.03064239179244,2.161860364349688,0.004501555816410658,35.81520591916244,3.410185231607895,0.07780842403198773,0.52,2,BEARING_WEAR
0.45155261326463486,0.041303584952081064,1.5473608790934998e-05,224.9065227656759,2.0319994406037467,-0.007370937634082979,29.999041226601033,0.5064659233931252,0.0018479386440378822,0.03333333333333333,1,ENERGY_WASTE
1.0972230691168818,0.1470667740000162,0.002915168951288973,223.95522708822392,2.617450071294288,-0.007006594385590981,42.25442836881186,5.441224393813142,0.12346144292294607,0.6133333333333333,3,OVERLOAD_BLOCKAGE
0.35087062549852743,0.030345731650377437,-1.9394432486414273e-05,224.6231386806262,2.2722671986716425,-0.0003423746374786312,30.05802703208683,0.4879468588898933,-7.018357760241586e-05,0.6066666666666667,0,NORMAL
0.44614373365790966,0.04385275210211114,-3.1653380181442165e-05,224.99691553830226,1.916327885065416,0.000498956534119089,29.953516601534762,0.4944573474501761,0.0014062137961926107,0.03333333333333333,1,ENERGY_WASTE
0.3495475880471848,0.03143172353004313,-3.7583921550254654e-05,225.00977106394342,1.8625765864176573,0.0003567494109121495,30.018659580121504,0.5501961003845274,0.0005134453607735477,0.5333333333333333,0,NORMAL
1.2008179361262485,0.1952758146765982,0.004076871091389072,224.06393162406346,2.5668311431305986,0.0064468300273714625,40.44878996395239,4.57161437621104,0.1025065458383546,0.6933333333333334,3,OVERLOAD_BLOCKAGE
0.3520826678508781,0.029866867199519115,-6.0917570888784433e-05,273.04093485745875,3.2297978784143266,-0.0001143005357659411,29.96019817724396,0.45117236535465577,-0.0005490823723259056,0.52,4,SUPPLY_VOLTAGE_FAULT
0.5023295665275045,0.09481612895356288,0.0020731210812875173,225.07314557378703,1.854534944614084,0.00082774017420671,33.946315267024694,2.3217719822715233,0.05166682233330183,0.6066666666666667,2,BEARING_WEAR
0.34459670887555394,0.03259033600875916,2.6013859007751598e-05,262.87002397386476,3.024372817287942,0.002364032708194581,29.991326920132863,0.4572631998441518,0.0008255795866893539,0.46,4,SUPPLY_VOLTAGE_FAULT
0.44553800851381625,0.0366553839681512,-8.507858169248157e-06,225.11080936189614,1.8876285030204552,-0.0025318770677722965,30.005075855226792,0.5144795517705163,-2.1365029329749197e-05,0.03333333333333333,1,ENERGY_WASTE
1.1032957284490987,0.15176134836986585,0.0029919914916698306,223.85055146360727,2.312696439460848,-0.0022606667515629357,40.059503239915855,4.152914925939589,0.09283358273415956,0.62,3,OVERLOAD_BLOCKAGE
0.3209974391664623,0.1511778935398811,-0.00033385274113740333,225.08409226157644,9.302138030334788,0.009428208895530343,29.923239382156293,0.45024426419730446,0.00033689718876742954,0.49333333333333335,5,INTERMITTENT_CONNECTION
0.3401527581888473,0.15884457412078248,1.3708393821729232e-05,223.6806067123389,8.64064832417415,0.0013178912402292847,30.024963468491674,0.5282980029210202,-0.0003153665306082806,0.48,5,INTERMITTENT_CONNECTION
0.45286683942656375,0.0375088680941969,-1.7288905115112747e-05,225.00143913067413,2.023829255075427,0.002216856130147334,29.936289114140042,0.49889548539433015,0.0005518382744588707,0.04666666666666667,1,ENERGY_WASTE
1.1569280974674057,0.16551103552872148,0.003419116946642548,223.8113455084368,2.277366777053228,-0.0013494031305409204,42.465581643027214,5.604068309581533,0.12739804532380133,0.5533333333333333,3,OVERLOAD_BLOCKAGE
0.36012039674299484,0.19363023919123237,0.00024430388366889036,224.28432381814093,9.592256112117987,-0.005161627552563808,30.005654646584183,0.49823277283907375,0.0005861942289233235,0.5466666666666666,5,INTERMITTENT_CONNECTION
0.3534014813817865,0.18099652225791152,0.000265060127756417,225.09014037947327,8.543996605273163,0.001867196256736053,30.024657610890777,0.47928351166850414,2.976093924248225e-05,0.4866666666666667,5,INTERMITTENT_CONNECTION
1.1496092097629202,0.1729171559359671,0.003512630327131711,224.15139569331524,2.2455167982961077,0.004301472358020147,42.4793995409617,5.519057830824523,0.1254521369281071,0.6533333333333333,3,OVERLOAD_BLOCKAGE
0.35175949819027835,0.02656522544129496,4.9724423214603763e-05,255.60861396775493,3.311438025370186,-0.0026451974697845717,30.013810684396656,0.4894489577678122,0.00017493553193734961,0.56,4,SUPPLY_VOLTAGE_FAULT
1.2306277039063434,0.21038509501847857,0.004405832582728469,224.06772462185535,2.618786286038347,-0.010245110346419528,41.813442713893345,5.237274659740696,0.11859681748587822,0.5266666666666666,3,OVERLOAD_BLOCKAGE
0.3485910871116448,0.029080532016529093,1.846000576435261e-05,270.36788244432876,3.1746808211733946,0.002348306838908366,30.06894337683123,0.49766242665094096,0.0004985291632430301,0.5666666666666667,4,SUPPLY_VOLTAGE_FAULT
0.3400071654835918,0.1869982251409947,0.0006732672387815277,223.949463396483,9.067889176527357,-0.007129391238585482,29.967856011515153,0.4689047219150039,8.952341247274283e-05,0.46,5,INTERMITTENT_CONNECTION
0.34836071086427617,0.18576199725074322,1.5400178229957444e-07,225.47132426493297,8.430560795091253,0.011408270919089676,29.899020542538995,0.5176910669411171,-0.000792731403029455,0.5,5,INTERMITTENT_CONNECTION
0.3498466545121811,0.030559793115857433,2.0296409444623886e-05,182.82707931552716,2.9335903905896776,-0.007394626736819923,30.04681050681554,0.5029653024856741,0.0019225065812103234,0.5066666666666667,4,SUPPLY_VOLTAGE_FAULT
0.4964084359140994,0.08680846405104009,0.001896870563810717,224.95685537540993,1.9769333231216162,-0.0009791832213631247,33.16336278334949,1.9390692647431962,0.04251434252754992,0.5866666666666667,2,BEARING_WEAR
0.35284792350135913,0.02718735303807372,8.935277199680803e-06,225.15748806641767,2.310874293592507,0.0014885329501664584,29.972411378773007,0.47262504487747037,-0.0011033343521172914,0.6,0,NORMAL
1.1530388305685737,0.16214900236793747,0.003253997743668619,223.87459620796034,2.535416583170946,0.0016711290607361747,40.874055834514806,4.625888889640168,0.10432298978403379,0.56,3,OVERLOAD_BLOCKAGE
0.47719898482903567,0.07789764981405566,0.0016519554888357105,224.77011742281223,1.8994454242752186,-0.005169968499113354,35.55383935991852,3.2993909789581903,0.0748170779050019,0.6,2,BEARING_WEAR
0.3478700091824066,0.030062160326908092,9.279847064097437e-05,224.84255988641905,2.0175984809593634,-0.002284208263194565,30.04708267047732,0.46557849731063855,0.00072681700853473,0.5733333333333334,0,NORMAL
1.2168883177913794,0.19229454357551815,0.0040105215022502114,223.82357480835537,2.372219241838563,-0.001981028854087404,40.457007503197545,4.386218212248196,0.09894998794437568,0.5733333333333334,3,OVERLOAD_BLOCKAGE
0.3450878418072461,0.03005693104775667,-1.7576233697014525e-05,224.93266408135943,1.892269360638427,0.0002386098962752315,29.983337324681106,0.5777986744826213,0.0019878324528734503,0.6666666666666666,0,NORMAL
0.35441213321736903,0.1723616268262933,0.00039617310502044513,224.5939774127489,8.461023967981808,0.03430752466856155,30.005666408904776,0.4844606720733477,0.00018683273175092909,0.47333333333333333,5,INTERMITTENT_CONNECTION
1.1355898432286564,0.15905045425615139,0.0031150570522532604,223.95534262465307,2.232195597821406,-0.0021291519418724677,39.02452246293446,3.8412836566409596,0.08571640318429272,0.5933333333333334,3,OVERLOAD_BLOCKAGE
0.35243364934339527,0.16778703578353077,-0.00015347612425424233,224.88682642494985,9.80143000944165,0.0011302663185286106,30.04461688743315,0.5323031614601448,-0.0005873266749556485,0.5266666666666666,5,INTERMITTENT_CONNECTION
0.34995208688691476,0.030953503809081406,-4.953265448197662e-05,273.6720193033864,2.900967070389523,-0.010731993519765608,30.005250512357026,0.451711774484762,-0.000481793510944014,0.48,4,SUPPLY_VOLTAGE_FAULT
1.1723776483408226,0.16755254191741886,0.0034677744924654164,224.00178546317693,2.536155038762808,0.0056053476277878505,39.705589651495984,3.981776358700747,0.08922550864065033,0.6,3,OVERLOAD_BLOCKAGE
0.4336019103311804,0.0541767189656873,0.0010628532923043514,224.91512151900884,1.9792833314746305,-9.896776730916796e-05,33.721132601735,2.2198836433549265,0.04919051115904738,0.6466666666666666,2,BEARING_WEAR
1.2017021885700134,0.20297101994978295,0.004251055285942285,223.88690526411878,2.5384171012083985,-0.005406390261163486,42.35718898914057,5.736707907521824,0.1302470272090654,0.5933333333333334,3,OVERLOAD_BLOCKAGE
0.4543567708095757,0.03761945797743538,1.6219250886986413e-05,224.77891939088698,2.1435154025586662,0.0022735613262849295,29.92372616696706,0.5168439721484495,-0.0009952127391692797,0.02666666666666667,1,ENERGY_WASTE
0.3485734598961948,0.030528779539549813,-0.00011443691374231387,224.66031503172854,2.0205369908609567,-0.00206935751034079,30.07363309280335,0.4667554570958438,0.0004542199937014247,0.62,0,NORMAL
0.35709711058407423,0.027390083743070393,-1.5539683897637575e-05,266.7488980458599,3.0173579611166854,-0.0015801512970843841,29.986611555349402,0.5026990698268782,0.0005552693712387324,0.44666666666666666,4,SUPPLY_VOLTAGE_FAULT
0.33991807739169727,0.1860267200719435,-0.00022202991421668402,225.8553469910492,9.556401801437723,-0.006530639352567961,30.01433023235957,0.4747043567040819,-0.0007027649083420434,0.4266666666666667,5,INTERMITTENT_CONNECTION
0.44356781550739793,0.038768496088436896,0.00010843924403436949,224.89225235437567,2.068878920880127,0.0026789924746337076,29.993108747257768,0.5029890511641423,0.0005112112088843749,0.02666666666666667,1,ENERGY_WASTE
1.1356872317220308,0.15769643537125758,0.003127366812033869,223.9006814515516,2.5786347207768596,0.006544203093401566,39.32454693304052,3.70542486809113,0.0826996396321152,0.7133333333333334,3,OVERLOAD_BLOCKAGE
1.2246105254364947,0.21091502017715663,0.004558459460911322,223.96401203061376,2.6671325699968724,0.005540800056532563,41.7149862333395,5.098148332284638,0.11557836366205332,0.58,3,OVERLOAD_BLOCKAGE
0.34969954754337135,0.030899534651339843,-2.928052165303838e-05,183.40930076193945,3.098693513581164,-0.0018116541683991254,29.96453099408489,0.5211415669254339,-0.0006572622657257402,0.5466666666666666,4,SUPPLY_VOLTAGE_FAULT
1.1935480218771264,0.17994733869390364,0.003766101189960515,224.28453826135583,2.6932604603356984,-0.008035359060965933,42.14963769942167,5.435671839188557,0.12335629505743899,0.6333333333333333,3,OVERLOAD_BLOCKAGE
0.4515527425872184,0.04029084020617742,1.7200776786963945e-06,224.82232838453302,2.1226189162674944,-0.0014517012229895493,30.043683698456928,0.50725418305075,-0.00021805055573089147,0.02666666666666667,1,ENERGY_WASTE
0.44728464069433016,0.040373417392629424,-0.00014352685836671868,224.68072953386388,1.7744757738029877,0.0051122548984427075,30.064024427853777,0.449504770380063,0.00026427285369502306,0.05333333333333334,1,ENERGY_WASTE
1.1211972182485856,0.14237827326547303,0.0026851330185637956,223.99892363659592,2.9379188083897296,0.008647894025443807,42.64414392667734,5.672557998901136,0.1290954419186571,0.62,3,OVERLOAD_BLOCKAGE
0.35466481936709643,0.027341701018512285,6.830273806491055e-05,180.61638671636044,2.767607617955016,-0.005060544706755611,29.98259309314361,0.4750636159977227,0.00012123566804729188,0.47333333333333333,4,SUPPLY_VOLTAGE_FAULT
0.44448514008863876,0.06064302704741635,0.0012479650896226877,224.84105981504558,2.043621268556461,0.0031562990355044262,35.2360789550761,3.087349085414268,0.0697106439869726,0.54,2,BEARING_WEAR
0.3502827991618023,0.028270337684272916,-2.8652435334332157e-05,189.28223664507226,2.999040056768014,0.0008734072485454637,29.996133431544514,0.5053490960783983,-0.0015627768861751089,0.4866666666666667,4,SUPPLY_VOLTAGE_FAULT
0.4577174961481177,0.04166694700837209,0.00014643762871359206,224.8112780246697,2.0059553808062742,0.004818353151315128,29.970019376204814,0.5284307226895799,-0.0005248304787596624,0.013333333333333334,1,ENERGY_WASTE
0.4885311465624765,0.08171102403601185,0.0017514715555254313,224.98953325128096,2.044143724782458,-0.0018441424025431672,35.77708409875267,3.4179272157722274,0.07757132734742928,0.5866666666666667,2,BEARING_WEAR
0.3385950018470574,0.17266900574281074,-0.0001464998433883124,226.00555174961104,9.450599551057278,-0.00854339158282394,30.02343518052946,0.44543107665669834,-0.00022982376088868467,0.5333333333333333,5,INTERMITTENT_CONNECTION
0.34852167899675573,0.030376026834030595,1.547216166340052e-05,264.5806364518434,2.873848521742298,0.001502462419664706,29.976223318222104,0.5339274639550663,-0.001524206309054343,0.5133333333333333,4,SUPPLY_VOLTAGE_FAULT
1.113101876767116,0.15143949864569733,0.002962153123495985,223.7234343114502,2.3954245057285553,-0.006545825359356003,40.22249240013889,4.409906898398503,0.09941112038996001,0.5733333333333334,3,OVERLOAD_BLOCKAGE
0.35263296522690807,0.03326962133267587,-4.2246239486381635e-05,225.06216877118024,2.1111598641325235,-0.0019456373024241116,30.023862259807792,0.4567846764356943,0.0007836073524172025,0.6066666666666667,0,NORMAL
0.5054647926392923,0.0984764818615808,0.0021921767530774356,224.9245841505289,1.9401432544076274,0.0017354737965086663,35.676671497469314,3.2688387075376686,0.0744664307513019,0.58,2,BEARING_WEAR
1.15272282944403,0.15640385516460714,0.0031044349242529143,223.88892616149988,2.2542992360119314,0.004355277916167774,42.270981033452045,5.637884432473039,0.12820418949106258,0.56,3,OVERLOAD_BLOCKAGE
0.4518021653888376,0.039697293857195635,0.00013946829896456175,225.0478240225194,1.8433110418734897,-0.002216736630938948,29.945426836890825,0.4878193811983404,0.0008671358789653139,0.02,1,ENERGY_WASTE
0.4655217481532,0.06798435076953081,0.0014130100168232385,224.91355135132926,2.2074800396358274,-0.0034339657048210767,35.09861487405076,3.0296328213469534,0.06867428183412512,0.58,2,BEARING_WEAR
1.1295104187750495,0.15883706249102258,0.003112978718304978,223.99559121612992,2.4048227691124144,-0.007201255435091946,42.583409064272224,5.654017437601257,0.12862280431006537,0.6066666666666667,3,OVERLOAD_BLOCKAGE
1.2078390333170417,0.20208499130921787,0.004301090824504294,224.19595109257511,2.4567228924236266,-0.0016438103593728643,40.00123622712179,4.104890577862764,0.09196061961315138,0.6266666666666667,3,OVERLOAD_BLOCKAGE
1.2370616262183356,0.21057472865448604,0.00451828278683624,224.36848840705497,2.6144913571996495,0.0029866346129283653,40.649866894715814,4.55300861385865,0.10208322135015369,0.6,3,OVERLOAD_BLOCKAGE
0.45214927313055614,0.03662066443601643,-8.851552577780574e-05,224.58730343261647,1.7752438434724729,0.0021240832105131856,30.062817551436627,0.4454071873223181,-0.0006332930948664388,0.04,1,ENERGY_WASTE
0.3517403492198039,0.16181524825730143,0.0005680214227801747,225.4412969640916,8.348328486102528,-0.022773793109105395,30.00581126381422,0.5269455879791486,0.0020673757379506648,0.4266666666666667,5,INTERMITTENT_CONNECTION
0.5126863065229097,0.09863667301994532,0.002170776616449663,224.8164879242551,2.1354303630021616,-0.007005451549888481,34.77487051223185,2.8519356154408513,0.06431399257444591,0.6066666666666667,2,BEARING_WEAR
0.4712244282290811,0.07666148544897695,0.0016387104221703818,224.98161901073723,1.8284634858858644,0.0008310959624984205,34.035430197081936,2.4195322223136104,0.05437892643285917,0.5733333333333334,2,BEARING_WEAR
0.3464764135017168,0.03024102169488849,7.029808696438419e-05,181.79266723640393,3.236544787453279,0.007126010490109091,30.022292153253662,0.5156001571589133,-0.000697689636688001,0.4866666666666667,4,SUPPLY_VOLTAGE_FAULT
1.1712051068387386,0.1634317071941589,0.0033075473402151925,223.97656932323724,2.372191902739734,0.004461398390323408,42.01354473572531,5.388382942896238,0.12246261237050922,0.62,3,OVERLOAD_BLOCKAGE
0.34765176906253115,0.030042172496164716,4.197770116950918e-05,271.0052178614903,3.187284447409913,0.0004033826366454802,29.968342539989184,0.453054661849006,0.0002588760213592633,0.49333333333333335,4,SUPPLY_VOLTAGE_FAULT
0.4657668418842683,0.07289937461301704,0.0015651636088164858,225.28128260543434,1.900937926827023,0.002324849440132047,35.57926116561727,3.3033973275607154,0.07512825899088166,0.5666666666666667,2,BEARING_WEAR
0.3446642420882409,0.03248001850951045,-4.9938853980427425e-05,225.12841901172303,2.0360937815184488,0.0014707434765516725,29.981895895631055,0.5320070032501644,0.0010564575992768849,0.5533333333333333,0,NORMAL
0.45685323964104946,0.036362085003085805,0.00013097185103593084,225.05175712142452,2.431420398852125,0.002095355482339109,29.943599053956188,0.4919098648377085,0.00036289528227406617,0.04,1,ENERGY_WASTE
0.350320790373385,0.030124008046853796,5.25861974329842e-05,263.188881591622,3.287981121284484,-0.005469855974841161,29.955343986270062,0.49901134663970026,0.0007833818600876104,0.4533333333333333,4,SUPPLY_VOLTAGE_FAULT
0.3490445293765123,0.029121999401861737,1.186457484364767e-05,225.05028226196345,1.9519260250312849,-0.0031702088870345976,29.99752059917732,0.5252695971233186,0.0006191178600835224,0.5933333333333334,0,NORMAL
0.35384552737141034,0.03163639863827425,-1.3391194738898861e-05,267.6856899239623,2.8452361715412686,-0.006562740795891478,30.006990299999963,0.4684160393031515,-0.0010876480387620607,0.4866666666666667,4,SUPPLY_VOLTAGE_FAULT
1.090074895488818,0.1426491137115535,0.0027220527796135174,223.99046460757546,2.4781603243121397,0.002272744194475841,41.87690665969754,5.187001276158789,0.11736875620498315,0.62,3,OVERLOAD_BLOCKAGE
0.46619622139658995,0.07550544235874623,0.0015939106753375088,224.84067208203095,2.0090782933127973,0.00420680211340783,34.57824392752589,2.6790414586624305,0.06045731029981541,0.5866666666666667,2,BEARING_WEAR
0.4833750227903415,0.08297641002331789,0.001785382667331704,225.03936152702585,1.9705131338440012,-0.0008644532725874545,35.773569497627925,3.32488958913098,0.07574036699111107,0.62,2,BEARING_WEAR
1.2061352914030654,0.18769787433435195,0.003985914336595845,223.6790643436774,2.3598788836156563,-0.000638374773308979,39.46066463937988,3.8985715966614514,0.08716523037093313,0.5933333333333334,3,OVERLOAD_BLOCKAGE
0.5130000449980091,0.09714931531265175,0.002133427057750098,224.92743794104754,2.0472118363914604,0.0007896779525471075,33.011596982307296,1.797372487804152,0.03924693794818623,0.6533333333333333,2,BEARING_WEAR
0.347912213307468,0.02780487700175336,-7.321760197095146e-06,186.77480068555624,3.138146664651874,0.009731209086508092,30.017885145955564,0.49288025064825824,0.0002465828650916441,0.4866666666666667,4,SUPPLY_VOLTAGE_FAULT
0.3533066132621083,0.030671856520324465,-0.00011371503558824248,225.2997959533417,2.0050166891285173,0.001114162382005466,30.021532977876703,0.5279378697361469,0.00044061793648238846,0.64,0,NORMAL
0.5009803940523544,0.09195958607853304,0.0020280600019860298,224.96037301520852,1.946181589023467,0.0036258020875852815,35.80147992826491,3.424148283717437,0.07780529513351049,0.6133333333333333,2,BEARING_WEAR
1.2910386446235003,0.23157813872381292,0.005065959875523668,223.96907928113177,2.826237096115948,0.007529236854308719,42.23911365764352,5.590042492265032,0.12673226998294304,0.5933333333333334,3,OVERLOAD_BLOCKAGE
1.2743692679131011,0.22794393379365302,0.004922327810377854,224.15214649015843,2.433190714770728,-0.0009304149713943427,41.89566785222758,5.301075314573766,0.12018950365799719,0.5866666666666667,3,OVERLOAD_BLOCKAGE
0.4447662777573185,0.06442907201939847,0.0013336063158848254,224.87591590300397,1.7348009091913936,0.0015207501384258287,35.59607157002746,3.3264714642899955,0.075582168844123,0.58,2,BEARING_WEAR
0.4564154590609485,0.03941986636437312,-3.1505776519785936e-05,225.035076564989,2.071162184818279,0.0014132228784495356,30.021784932959303,0.4685695656087559,0.00023500567739199782,0.05333333333333334,1,ENERGY_WASTE
0.34937847272133826,0.027286581317107497,4.554270817863814e-05,181.40691724688688,2.984094635055511,0.010686491163525666,29.98175737214294,0.5081389549467522,0.0013208286961776995,0.4866666666666667,4,SUPPLY_VOLTAGE_FAULT
0.34937165299188366,0.031184638254441736,-0.00010273520255894921,274.14664934720605,3.0912240001295332,-0.0020310890002219213,30.05516082687487,0.5642461232517858,0.0008844153804027487,0.48,4,SUPPLY_VOLTAGE_FAULT
1.1244303731804626,0.1432719667147083,0.0028532565452665027,224.00876787720622,2.3625953515645985,0.0007704697488436659,41.987153697646036,5.428547336281556,0.12320318083268773,0.6666666666666666,3,OVERLOAD_BLOCKAGE
1.1939724557457658,0.19677252998953693,0.004136128375200172,224.26009501341352,2.7969191664677036,0.004598883080467158,42.2431099706513,5.398391108070171,0.12268478929920154,0.62,3,OVERLOAD_BLOCKAGE
0.448782578677142,0.04253748864349214,1.6203587630473883e-05,225.14675384821592,2.183322505820204,0.0004541889576268951,29.915220718525912,0.5064409099673859,0.0004719509186482639,0.02,1,ENERGY_WASTE
0.3507510635784589,0.028695235220552572,-9.063007226693886e-05,225.04803693268337,1.9662590279610583,-0.0007510165388777017,29.999307480890785,0.4878950122289788,0.001458612580354808,0.56,0,NORMAL
0.44677619335143987,0.03924711076524194,-9.583284115725526e-06,224.85235628411752,2.110969856806451,0.006805165789375615,30.019745303376773,0.5255378538343957,-0.0010195381617237392,0.04666666666666667,1,ENERGY_WASTE
0.4532209666399428,0.03597361458049471,-1.9366836217360053e-05,225.11136433400782,1.97942075028964,-0.0012053957362071028,29.975803703178183,0.49914261346631106,0.0010668216837569056,0.02666666666666667,1,ENERGY_WASTE
0.3404371594454752,0.1756852188037459,-1.4463111583289385e-05,225.12507902586566,9.35537609495117,0.007889185241392897,29.959874919699196,0.5276663073605794,-0.0008873758397889522,0.5066666666666667,5,INTERMITTENT_CONNECTION
0.45225395477405794,0.04161719263894836,-7.339359179262697e-05,224.88574780952393,2.1167552311331144,-0.003190679720868914,29.900837968097125,0.4795274289463697,-0.0009926843007483017,0.05333333333333334,1,ENERGY_WASTE
0.3500474112229262,0.03050350569777862,-7.051191212379452e-05,191.68832286041288,3.053023742835065,0.0023357791114648916,30.000104711168593,0.4979775942664479,0.000849042752025557,0.49333333333333335,4,SUPPLY_VOLTAGE_FAULT
0.3430622116888156,0.16711966542355078,-5.3499646034006304e-05,225.29777692964475,9.159713929642308,-0.005615393898861635,29.986258978286926,0.49076016239941406,0.0007615211026295259,0.48,5,INTERMITTENT_CONNECTION
0.35014150226776736,0.029846679444440746,2.0437820616118607e-05,224.98415049530217,1.8939220103423495,4.380799326514862e-05,29.97134547712322,0.4800259804623262,0.0001241125945693427,0.5466666666666666,0,NORMAL
0.4486319614287864,0.04236088952181648,7.118032091124581e-05,225.02904457790356,1.9419363882506013,-0.005229069256923554,29.991795396741637,0.5136795978863458,-0.0007914795161770876,0.03333333333333333,1,ENERGY_WASTE
0.35412950224775347,0.029585482292830565,-3.6278437435487214e-05,273.82663598828606,3.124941330219675,0.00201947523711008,29.983783301624996,0.5379676323609903,-0.0005081277976251976,0.48,4,SUPPLY_VOLTAGE_FAULT
0.4501663116952377,0.041741114206168904,-4.663726548789022e-05,224.9765811583062,2.0060817601201326,-0.0004298031091766934,30.047975635177476,0.49815199282162975,0.00015972694968970324,0.02666666666666667,1,ENERGY_WASTE
0.3368947243285115,0.17202576382370272,0.00034231569041991963,225.74221607823037,9.206265935591375,0.003030165769900972,30.017480738833736,0.5272178291553481,-0.0012449294165601677,0.47333333333333333,5,INTERMITTENT_CONNECTION
0.43988394053930097,0.05683098310372137,0.0011380361369118196,225.09441594372154,1.8466082316983548,0.008637850045319348,35.75067844388957,3.3140131181047328,0.07535689751253502,0.62,2,BEARING_WEAR
0.3573710438429511,0.17224200210833038,-1.7771792383705003e-05,223.96054423548213,9.162496065765213,-0.009351639617667771,30.052406130890475,0.4938585074231727,0.0015232014556482464,0.47333333333333333,5,INTERMITTENT_CONNECTION
0.46702666452416963,0.07522192618393632,0.0015977231601015664,224.89133269402558,1.8300901993214445,-0.00045993996624444576,33.18402180580876,1.9362475903853738,0.04233838490209131,0.6866666666666666,2,BEARING_WEAR
0.34959944467685355,0.03278878806890549,2.5594949764508784e-06,263.5771750543441,2.846679345246495,0.001943025123346514,30.08206430324517,0.4988631801678943,7.275712730654852e-05,0.52,4,SUPPLY_VOLTAGE_FAULT
0.3788055850832381,0.18610384651483622,-0.0002088584546676136,224.66877976524498,8.54762143267612,0.012713025562921858,30.03074199418547,0.4758338040426017,-0.0002364956861644585,0.47333333333333333,5,INTERMITTENT_CONNECTION
0.3474168235731268,0.02854422367201277,-9.196831742607659e-05,272.9573768087651,2.8706436237835797,-0.01087599262977931,30.09045049662161,0.4987746111605533,0.0007315581643046973,0.5666666666666667,4,SUPPLY_VOLTAGE_FAULT
1.17648148376503,0.1822968364755504,0.0036961108348537008,224.4097136991076,2.4754648444530183,0.01138359177932998,40.923905612115526,4.711251099444554,0.10658019550422189,0.64,3,OVERLOAD_BLOCKAGE
0.3503543135816063,0.026649262717342272,-5.093754255237742e-05,191.28366005078317,3.2246122260750387,0.0026456804573259216,30.013811558708458,0.5308992645662897,-0.0001411558656204549,0.5066666666666667,4,SUPPLY_VOLTAGE_FAULT
0.4527575413078885,0.043748939692809644,9.50742565628249e-06,225.1192198265841,1.9562541823341317,0.0029861773250675467,29.97424275797211,0.49213467788199594,-0.0006047986298724654,0.03333333333333333,1,ENERGY_WASTE
0.48812318536669097,0.08391247598811191,0.0018238586301543853,224.95543843256397,1.977458203204092,-0.0008201105041773523,35.94326204404533,3.498168804495403,0.07981423981669028,0.6333333333333333,2,BEARING_WEAR
0.4514160972491125,0.04071340565793202,-2.7527643524019042e-05,224.9095533438265,2.0624641219938136,4.437831169683404e-05,29.991891600924482,0.5408540818953196,-0.0001009960599395022,0.03333333333333333,1,ENERGY_WASTE
0.35146854553926193,0.03163631298133064,8.399132153248276e-05,188.71869884430848,3.0501953743350714,-0.005417929953849295,29.976878899319473,0.46051251493125406,7.564744965827054e-05,0.4866666666666667,4,SUPPLY_VOLTAGE_FAULT
1.2006100804496607,0.1797858955471157,0.003736128528412934,224.37549107356753,2.369053364692218,-0.006069547551620318,41.410433248284406,5.02842765027401,0.11376070912845385,0.6133333333333333,3,OVERLOAD_BLOCKAGE
0.4482477790410231,0.03361003959289932,5.899055031175642e-06,224.77601864963043,2.024646856002591,0.001659468961579818,30.00781969376071,0.5184361876677309,0.001508004628495588,0.05333333333333334,1,ENERGY_WASTE
0.3507013600679234,0.030566300260484073,-1.8879331207150566e-05,224.71025742465537,2.0883065728913346,-4.025009356601406e-06,29.977173700686993,0.45049694636483123,-0.00039781025584304376,0.6333333333333333,0,NORMAL
0.34515829498072925,0.1846170475818945,-0.00018371679418759947,225.26617454683327,8.566821699329266,0.003819349964990052,30.0461575987681,0.4664567125237717,0.001209632838000333,0.4866666666666667,5,INTERMITTENT_CONNECTION
0.4883344322987386,0.08360746370817554,0.0018054266153270735,225.04702786994537,1.9938295711894825,-0.005206060745051477,34.137661168949904,2.441400823621236,0.05450568269376956,0.6466666666666666,2,BEARING_WEAR
0.3524226803967581,0.17631677315482755,-0.001011223646962908,224.9695965598154,9.007457777256157,-0.01377992145341036,30.054533116830147,0.4835649714921281,-0.0012539817589164483,0.5333333333333333,5,INTERMITTENT_CONNECTION
0.3280789579668299,0.16313872902776505,0.00040943296247241144,224.46444978592908,9.641318116205124,0.010288395511184774,30.009496688592602,0.48459780217846754,0.00045376359729694236,0.48,5,INTERMITTENT_CONNECTION
0.3480854088884014,0.03189076873426745,8.210375057929073e-05,225.03515934984384,1.9172352352830977,-0.0051656740144576,30.037010865369666,0.5024531462168216,0.0002658772022170329,0.5933333333333334,0,NORMAL
0.4479382020137583,0.036132624707494815,-3.145640301978114e-05,224.76742198381797,1.8423391044086594,-0.0018321774056904128,29.995336156156966,0.5505050737522162,-0.0005795542435851638,0.013333333333333334,1,ENERGY_WASTE
0.35283451481885114,0.02919353028408419,0.00011252830592327726,225.21221019122314,1.9979715695619178,-0.00015152247123583726,29.98718961947767,0.492837760342134,0.0010250047077601495,0.5333333333333333,0,NORMAL
0.3525847336428083,0.029330020611252967,-6.788909948412107e-05,224.87009198773052,2.029338178331787,-0.003626114659389469,29.954956261495898,0.49667992228623853,0.0010916444742575747,0.6133333333333333,0,NORMAL
0.4796607719851943,0.0820064549381485,0.0017865375933977209,225.0575751305556,2.0134955020000755,0.007113470102522138,35.214649257847526,3.0361981484720193,0.06899350828666587,0.5933333333333334,2,BEARING_WEAR
1.3064571136944756,0.24622621264223668,0.005320477397196613,224.2074416954116,2.427021859425272,0.004225409423573386,40.71203682559201,4.650759122862087,0.10483914794604776,0.5666666666666667,3,OVERLOAD_BLOCKAGE
0.3514413358718652,0.031269815257464355,2.575832272954787e-05,194.76550973666625,2.5756405248016185,0.003154598530959205,29.958646133660576,0.47690124480384294,0.0023168615714788386,0.52,4,SUPPLY_VOLTAGE_FAULT
0.4863030241529566,0.08238120254241134,0.0017843153985176727,225.04577758163708,1.9233283537305443,-0.0010370656481299041,33.655740310856544,2.223469489117047,0.04923043702209643,0.56,2,BEARING_WEAR
0.4492314432723909,0.04314930167802828,-2.2047087313737916e-05,224.81474836634453,1.8426127069967229,0.0016100398305369642,29.93829276188335,0.4791435346471777,-0.0003417956980968433,0.02666666666666667,1,ENERGY_WASTE
0.3497571300354489,0.030337695925211124,-3.015138624168236e-05,225.23548115130612,1.890655147878169,0.006606334589026058,30.03159945433455,0.48128917362525514,-0.000851046053064453,0.5866666666666667,0,NORMAL
0.3520591243700713,0.02884344124032522,-2.4269146392788697e-05,224.89123100734128,2.041032631905795,0.003773388562413756,29.97259376124338,0.5075959044861682,-0.0009630064400486464,0.5866666666666667,0,NORMAL
0.452575020407048,0.04109187537068894,0.00012001520522135355,224.9798693254917,2.0518068900309694,0.0016985290932060172,29.958109289357647,0.5164586413903757,-0.0014775019684829735,0.04666666666666667,1,ENERGY_WASTE
0.4525299300046106,0.0408483203408362,-2.3554638439397315e-05,224.88952589782625,2.046070302701318,-0.002864400935015013,30.019417745328052,0.5252923358445495,0.0013621134670306664,0.013333333333333334,1,ENERGY_WASTE
1.1240901778697503,0.15221324815459125,0.00300229345561841,223.9520115723866,2.376922208639951,-0.0006918988675174691,41.73681153390162,5.24288726753755,0.11826572535377106,0.56,3,OVERLOAD_BLOCKAGE
0.46764730756916645,0.07725505148566646,0.0016462186631918487,225.04684656322317,1.7561242644233253,-0.0014878274044811206,34.70950561109399,2.840378557062419,0.06421114332978632,0.56,2,BEARING_WEAR
1.2435986253481932,0.21724355305960763,0.004645571532276497,224.27653242077446,2.5437875339788505,-0.00013201127987798742,39.36846960702599,3.981720542248311,0.08909080636998985,0.56,3,OVERLOAD_BLOCKAGE
0.5027716767537569,0.09150286562479296,0.0020071340252296073,225.09166444604674,1.9403872953111783,0.0016649857797184288,35.73587432366592,3.4209459037173526,0.07768632535749828,0.6,2,BEARING_WEAR
0.3872201024030701,0.16250172097775392,0.0001366603874089149,224.60261593090243,9.360383537592199,-0.0034199961547722864,30.044860151665077,0.4874125522132993,-0.0005579095200088187,0.4666666666666667,5,INTERMITTENT_CONNECTION
0.346757825204647,0.030302136067184526,-2.8939407110030927e-05,185.11041871537543,3.2235776646073906,-0.0016626414392405806,29.958989226345498,0.4975354144736609,-0.0010806856267897443,0.54,4,SUPPLY_VOLTAGE_FAULT
0.3506682127295324,0.03221848332862143,5.614892223007589e-05,177.8954206429286,3.0628221345636257,0.007087599484074319,30.09135252868119,0.5099702437571352,-0.0002569902319226356,0.56,4,SUPPLY_VOLTAGE_FAULT
0.35065667285344987,0.027260392628847222,-4.9394583588508446e-05,264.48894740106584,2.8378855305296815,-0.002366507045066947,30.056272894546286,0.5248200615874538,0.0008638386993058766,0.5133333333333333,4,SUPPLY_VOLTAGE_FAULT
1.1589761809324708,0.169219899960802,0.0035221509148756656,224.08692022201228,2.3405327163539575,0.005357411506979098,41.670119944971226,5.08879477414732,0.11553898182903732,0.6666666666666666,3,OVERLOAD_BLOCKAGE
0.3600203680361565,0.16333757068454643,0.00029470336673538777,225.98126263694664,9.459163511629214,0.02300457217611464,30.033893285568958,0.478887090416114,0.00014033445344115988,0.44666666666666666,5,INTERMITTENT_CONNECTION
0.34998075944106416,0.03140352664105123,-2.3542859853959213e-05,225.22310803949543,1.9583844474209733,-0.00305599504281703,30.023633708306697,0.4723734615079646,-0.0010181036900921033,0.6933333333333334,0,NORMAL
0.4493928644896484,0.0408424073400254,1.5706860135191308e-05,225.19793085596913,1.9151336775276504,-0.0020155836882080644,29.94019414376422,0.48774240346834813,-0.0017312792183890593,0.013333333333333334,1,ENERGY_WASTE
1.1260402003395875,0.15531135090756198,0.003133049393815385,224.01139831684034,2.4597826999603045,-0.004622669622085575,41.87241180407957,5.42196836540985,0.12317215179125136,0.6266666666666667,3,OVERLOAD_BLOCKAGE
1.1132541470702475,0.15197412789373313,0.0029164560652724532,224.10633250738096,2.7631808645380005,-0.0004212217985484722,40.54237662830237,4.508758488237897,0.10130712048788378,0.6466666666666666,3,OVERLOAD_BLOCKAGE
0.5256846199442812,0.10478761141847878,0.002306855804700664,224.99074403555753,2.0822774795071863,-0.0011307933746496392,33.50577012021892,2.1595578105943405,0.047766797054602475,0.5466666666666666,2,BEARING_WEAR
0.350210605389744,0.031014754382226343,2.716447877828927e-05,269.38098445940886,3.01200696035737,-0.004746421154799832,29.995535768657895,0.4834295084055045,0.0015282013065214969,0.5066666666666667,4,SUPPLY_VOLTAGE_FAULT
1.1941552438008212,0.18766503196210005,0.003861434888330397,224.32067357122747,2.3491535494731406,-0.006866366342034055,40.09115757446557,4.286928329428528,0.09612351259058972,0.5666666666666667,3,OVERLOAD_BLOCKAGE
0.35107688977729934,0.034675567097094684,2.8415878760897967e-05,225.0014336425553,2.0818875247192934,-0.001673286449483356,30.01984683601308,0.48913932261425086,-0.00031455269458235046,0.64,0,NORMAL
0.35806595292792004,0.16734824904534834,0.00041055884103993214,226.28063067509157,9.24811753505244,0.011647765571726434,30.007792423122126,0.5380716158814371,-0.0013662810034178552,0.5266666666666666,5,INTERMITTENT_CONNECTION
0.44593292748159646,0.04028053175590499,-0.00013962698979791633,224.98473260001737,1.9006969584615834,-0.000954988341118548,30.022367943848778,0.45644961679449797,9.139410706972413e-05,0.05333333333333334,1,ENERGY_WASTE
0.3719551655660579,0.1726151127618978,5.738708742559432e-05,225.35183316803858,9.180925607563896,-0.016927397888425642,29.94971227413065,0.49311613062661236,0.00018885442572606385,0.5133333333333333,5,INTERMITTENT_CONNECTION
0.3455700664543959,0.030769033869962558,-9.203725452456107e-05,225.2615089218981,2.0379328557714746,0.0017769340427486553,30.00390867827044,0.5187636728349159,-0.0005714442362468953,0.6333333333333333,0,NORMAL
0.3457938899661761,0.029983791258958992,-4.3666544363251706e-05,270.5432970402706,2.8810578342511883,-0.00568482408721395,29.971018269966958,0.48125976425385114,0.0009164938666835535,0.56,4,SUPPLY_VOLTAGE_FAULT
0.3582872170918303,0.1599647730006082,4.592605050102891e-05,225.24964209482326,8.3174529297928,0.03442871356969339,30.023330094204507,0.4844225489790432,0.0014479158380942066,0.44,5,INTERMITTENT_CONNECTION
0.3488348713875999,0.0330907095219606,-7.302759458800527e-05,189.13694635718332,3.1055484245772425,-0.006275814481357663,29.950944410625016,0.49443970401186355,0.001990351607047469,0.46,4,SUPPLY_VOLTAGE_FAULT
0.3513332868117343,0.030926576140607735,1.288613348917177e-05,225.20095665026835,2.067576881838131,0.006107075147205493,30.08213808430556,0.5084305841725126,-0.0011579649540634199,0.6466666666666666,0,NORMAL
0.33591292420466745,0.1698669769308425,0.00022510077695736482,224.77635071951534,9.12954220378389,0.015141756692315938,29.99658567756799,0.5034108611565206,-0.00043572694544641045,0.5333333333333333,5,INTERMITTENT_CONNECTION
0.46823062470447685,0.07668552795479487,0.001622167667322525,224.76495506221565,1.8778408267924604,-0.0024658660990498206,33.442406773319796,2.153308713823308,0.047646170219671144,0.5533333333333333,2,BEARING_WEAR
0.35046112096528914,0.02978026143657341,1.0212228369031022e-05,262.8192262104556,2.977844500483147,0.003410475768497231,30.020355191677137,0.4721039606771219,0.00014395462472441007,0.47333333333333333,4,SUPPLY_VOLTAGE_FAULT
1.274227159726657,0.24917875592249872,0.0054230426028672365,223.81986592811305,2.482620501457793,0.002358314347179036,39.80948162672398,3.9149412621905144,0.08759726484221013,0.52,3,OVERLOAD_BLOCKAGE
0.43514307609176484,0.06022672612679231,0.0011532755274326894,225.08538179470062,2.1816458305906496,0.0006596102667153748,34.62843822406576,2.7314221720842204,0.0615539529881184,0.5933333333333334,2,BEARING_WEAR
0.45029941427903014,0.03474467503865562,5.869429055748292e-05,224.76945992157184,1.867369531319282,0.0050205126654540005,29.964313426890737,0.5187581123537577,0.0018633064401532525,0.03333333333333333,1,ENERGY_WASTE
0.3461152372023395,0.029082075755609976,-7.570159613555692e-05,266.88930329370896,3.1504450845693848,0.003856088127095712,29.940235910899283,0.43596018204823855,-0.0012279088441012735,0.5333333333333333,4,SUPPLY_VOLTAGE_FAULT
0.35009406702813683,0.02839978955929843,2.1117043200164716e-05,224.81744036217822,1.9375424956491185,-0.0010806342697108216,30.010936251578812,0.46123209107905694,-0.0010102879036314144,0.5533333333333333,0,NORMAL
0.352802426514149,0.03016542704840368,-8.040579946332407e-05,178.3490963908151,3.049900840168223,-0.0019407051495123982,30.0378310939695,0.5064747258672079,0.0005240500643774484,0.5266666666666666,4,SUPPLY_VOLTAGE_FAULT
0.3470061120312267,0.030680312011161396,-0.00010561527400272728,266.38733535996556,3.061251999386045,-0.01059773779808159,29.990135244915898,0.5085039485478774,0.00045740824976452186,0.4666666666666667,4,SUPPLY_VOLTAGE_FAULT
0.35414951989706095,0.029829854136964068,-6.354144436357903e-06,225.10945412387392,1.7999815356863689,0.0034025393959674745,29.97598241080642,0.4821251103912619,-9.379440932843618e-05,0.6133333333333333,0,NORMAL
0.44837926147673046,0.03776931588064591,2.290753916795738e-05,225.20953584707274,1.9948332915304507,-0.000198898856089668,30.02235980444524,0.4796458726811612,-0.00046930145329993864,0.013333333333333334,1,ENERGY_WASTE
1.231227825424928,0.20470281886490369,0.004328028026464518,224.18671507901055,2.609382739823063,0.006870584026427268,39.15416109493998,3.643527512518035,0.08096940882051047,0.6066666666666667,3,OVERLOAD_BLOCKAGE
0.45082066290898565,0.04098188515503843,-2.7480564815066953e-07,225.1353055964294,1.8080907121221337,0.0016097987104038034,30.010211504289455,0.5182919690973232,-0.00048407390564482434,0.04666666666666667,1,ENERGY_WASTE
0.35070791236524684,0.028214233779613435,0.00010840952376890177,225.0751657690292,2.0427823941948096,0.004852533698625665,30.064447012617936,0.5026271092360405,0.0005447598270326968,0.5333333333333333,0,NORMAL
0.4474060458632515,0.04013353664104051,6.716240037887119e-05,224.88310652087858,1.7740343025410827,-0.002528177214958108,29.980034635606778,0.5087089388573525,0.0007431660849156051,0.05333333333333334,1,ENERGY_WASTE
0.4883044165760094,0.08225451634821164,0.001780405572852413,224.81963105324337,1.7379878965425093,-0.0072600457149814826,33.567100534848834,2.2063823799747064,0.04871603655006075,0.54,2,BEARING_WEAR
1.225457149737803,0.2061435013851823,0.004327614771198673,224.10473020121077,2.5585565617027415,-0.0027768171383108263,40.28355292888244,4.459157130764915,0.100320251991977,0.5866666666666667,3,OVERLOAD_BLOCKAGE
0.35075420886380254,0.029706444758343574,-8.665894542801845e-05,224.93976555094517,1.991208125970376,0.0017582488713531114,29.97651151808444,0.5237520070118162,0.0018948541003793568,0.6066666666666667,0,NORMAL
0.3454662537353484,0.034291302720198605,2.8349854472246396e-05,182.08522780299177,3.1480093377958904,0.005602218202667498,29.991995008599915,0.4732725367573274,0.0007337394996523027,0.58,4,SUPPLY_VOLTAGE_FAULT
0.42734736118725153,0.05195421512829904,0.000994996038926129,225.10914351815148,2.0866997821303115,0.004444972128788421,33.10521833887017,1.8737533289941586,0.04128508030990007,0.5933333333333334,2,BEARING_WEAR
0.35110725717710617,0.029699387483196442,4.3807628312479806e-05,225.12216991675348,1.7630591218685683,-0.0017281337534018277,29.965496317175628,0.4475675852530113,0.0002737265110761069,0.5933333333333334,0,NORMAL
0.4509092428686161,0.03928106649210714,-5.367141594164871e-05,225.3111741619172,1.9867979431517373,0.002934105998085718,30.007399666433365,0.46204045355038026,0.0011447611130930443,0.02666666666666667,1,ENERGY_WASTE
0.5061462333742879,0.09252134365957797,0.002030942042084615,225.17910835155175,2.0076731507399175,0.009449721974687256,33.20205459748813,1.961373334026747,0.04308275507729761,0.66,2,BEARING_WEAR
0.34874877061132986,0.028994181586477045,7.926649084742776e-05,256.45853085392224,3.3497698108452147,-0.011153817346140281,29.9859730560996,0.4950456216574405,-0.001176734641466411,0.5066666666666667,4,SUPPLY_VOLTAGE_FAULT
0.35045814955819193,0.029219842366864455,1.762637807073733e-05,224.88632246482123,2.066600072366722,0.004917333977057778,29.940269878509856,0.4984310817559081,0.0003521299039430632,0.56,0,NORMAL
0.34629747198266964,0.032573394219929545,-4.6654482213295564e-05,224.9348205860657,2.0052370905204224,-0.006039816767535414,29.95073888726062,0.47690873256078026,-0.00011111629653983216,0.6666666666666666,0,NORMAL
0.348034944579614,0.028308674421302145,-8.946762978888686e-07,180.74216076612618,2.877965969976557,0.003139936122219291,30.018952790826553,0.52882676317047,-0.0009258144279329498,0.5933333333333334,4,SUPPLY_VOLTAGE_FAULT
0.5233077594242911,0.10430202197736702,0.0022987033644215316,224.90546233019887,1.8471278781884775,0.0004071565606272156,35.81143913482289,3.36687253378613,0.07617185746911036,0.64,2,BEARING_WEAR
0.34953512071125065,0.02728937839532132,2.7650356306843985e-05,193.47612106161034,3.2030859820088997,0.002935909741406007,30.014570271601553,0.5187943681449348,8.316645962865368e-05,0.46,4,SUPPLY_VOLTAGE_FAULT
0.5220703765994834,0.10448216407130655,0.0022933110836801177,224.7332816345205,1.7988481152820737,-0.003432538536960041,35.19197827186958,3.0264269123781897,0.06857928325644151,0.6466666666666666,2,BEARING_WEAR
0.47286576932958707,0.07579558151897518,0.0016144920136005726,224.85803274760474,2.067629429128308,0.0023038204451239744,35.43117194441702,3.2347176027489994,0.07343680488093773,0.6133333333333333,2,BEARING_WEAR
0.34732484293603816,0.029889027002299336,4.27706830250863e-05,224.7588158900406,1.9551913671556262,-0.0003253442989531775,30.01933102712057,0.4742503732227867,7.800850669605563e-05,0.5933333333333334,0,NORMAL
1.1774440935685588,0.16677567085564518,0.0034204646972081807,224.17981899108787,2.613186505761209,-0.0027020633296231666,40.11280959515392,4.0561414622933505,0.09076053716216724,0.58,3,OVERLOAD_BLOCKAGE
1.148581605116587,0.17444969506129912,0.0034937119085546703,223.6462461286565,2.3865064016785147,0.0039294137975352285,42.053048927761,5.409746351489806,0.1227364694518979,0.5666666666666667,3,OVERLOAD_BLOCKAGE
0.4754515504633671,0.0820150652547008,0.0017763842093249077,225.18972791584446,2.114904941581838,0.0015775765906656794,34.354759745234645,2.5891387473985032,0.058067616424458096,0.6133333333333333,2,BEARING_WEAR
0.34846330211820536,0.03055831370861337,-7.982603484502735e-05,256.315565226609,2.8709271066237902,0.0012876189179636594,30.075100850231024,0.47526056332723643,5.5562345397722455e-05,0.5,4,SUPPLY_VOLTAGE_FAULT
0.37280188955492294,0.1746589260466944,0.0003954596068738135,225.50981055612817,9.938850721540236,0.04803433716455495,29.94266753812079,0.5127771733793075,0.0005166834191543878,0.44666666666666666,5,INTERMITTENT_CONNECTION
0.35141527067153433,0.03020312176711645,-4.78425130979868e-05,181.98170045998341,3.029299705933558,-0.006910901647820845,29.9899921558651,0.5213094555509312,-0.00010070542795467275,0.5866666666666667,4,SUPPLY_VOLTAGE_FAULT
0.3710444566985279,0.17110478010080374,0.0004117756956893195,223.40187114202223,8.330169088708882,-0.02399087761338333,29.970510226854447,0.46099102698497435,0.00161492736258157,0.4533333333333333,5,INTERMITTENT_CONNECTION
0.3493987207478218,0.18643789738098415,0.0003958742545880341,223.6491068429492,8.992040245034294,0.010210951296031886,29.94982694317172,0.5163611730452519,0.00041794607425070187,0.5133333333333333,5,INTERMITTENT_CONNECTION
0.35332992665881396,0.03222651176394325,8.534778477297584e-06,257.41656142256556,3.0670975298230685,0.0029469662881082335,30.074338036028305,0.5192045306899654,0.0011392674423815108,0.4533333333333333,4,SUPPLY_VOLTAGE_FAULT
0.34925607492168725,0.029124325535280316,2.930648155585515e-05,188.3505827043454,2.878383586470773,-0.0012576570876006205,29.98019836316485,0.4505638417831651,0.00037314296606076114,0.5,4,SUPPLY_VOLTAGE_FAULT
0.34298184720386243,0.15792729394042074,-8.170034101609975e-05,223.5410212587358,9.52280607633715,-0.0001987404944810518,29.996916765683213,0.504024773896447,-0.0005832818735962311,0.4666666666666667,5,INTERMITTENT_CONNECTION
0.3212988811204255,0.1826524463634165,0.00021758241995397385,225.37801909088924,9.091328857027596,0.0036095544345586938,29.943230714587845,0.4899248877002911,-0.0005801758265098348,0.5266666666666666,5,INTERMITTENT_CONNECTION
1.3046954061192877,0.2410752154034868,0.005228173697106425,224.2671618545065,2.5394269335965536,-0.0051836454384514745,42.030573494273476,5.390418429628992,0.12205717664160332,0.6066666666666667,3,OVERLOAD_BLOCKAGE
0.35208357159468934,0.02982532536772343,-7.95302784472067e-05,193.8838647509377,2.9914792377277912,0.001140236741071311,30.032873456171437,0.48762060475403474,0.0009867754254383203,0.5,4,SUPPLY_VOLTAGE_FAULT
0.35051840642142945,0.03071564556697695,-4.862201314977765e-05,177.4461042487724,3.0017760721141755,-0.005290602499252365,30.00957958908802,0.5421909624102336,-0.0001107796014153059,0.4866666666666667,4,SUPPLY_VOLTAGE_FAULT
0.34224657549538023,0.17082584960808372,-0.00053633959539885,225.46362846146434,9.365815583344121,-0.0010610514148498994,30.05400134895067,0.5166336135402367,0.00020451454924836376,0.46,5,INTERMITTENT_CONNECTION
0.47341792408787947,0.08194818132546634,0.0017596047652373367,225.05868552039573,1.8834322867035869,0.0007915712206174631,34.620733640836015,2.7053213697539804,0.06072864631122362,0.7066666666666667,2,BEARING_WEAR
0.3550889710085316,0.17134189942427674,-0.00017902237028443794,225.48698551044265,8.268164592814959,-0.021363179533561018,30.031502637319644,0.4976028806260116,-0.000858932756164463,0.5266666666666666,5,INTERMITTENT_CONNECTION
0.347637584673659,0.029566283043901076,-3.331220018678554e-05,225.0529530551467,1.926239642745289,-0.00019364726058494799,30.046718305098814,0.480034099451767,0.0008398532949900017,0.6266666666666667,0,NORMAL
0.3457756290153448,0.029289470403985787,-4.343565520602387e-05,184.6322910001348,2.980891539769491,-0.009595666534040256,29.986577319359093,0.47072995728555683,-0.0005641372793628834,0.4666666666666667,4,SUPPLY_VOLTAGE_FAULT
0.3451666946768972,0.19884527332215526,0.0004441397941692324,224.70668419209497,8.328333692837875,0.0315784817833219,29.977622667771563,0.5337987235556643,0.0005642667068669081,0.5066666666666667,5,INTERMITTENT_CONNECTION
0.3493848633100993,0.030197115401889865,-6.549211491470174e-05,178.9033902275545,2.86860071100144,0.0008702640438733047,30.05440181209542,0.4662070462265404,0.00045254204179891134,0.4533333333333333,4,SUPPLY_VOLTAGE_FAULT
0.3499234697691883,0.03171835477302192,2.9874831089784122e-05,224.845423910101,2.1858678829533,0.0061090718921598605,30.00633424130187,0.5147872564438242,-0.0013434542352237023,0.62,0,NORMAL
1.275735483832657,0.24252148403454143,0.005265451255050505,223.91503280596817,2.4504601362903067,-7.449316918814182e-05,42.3019069964781,5.531727520809002,0.12539325942639326,0.6066666666666667,3,OVERLOAD_BLOCKAGE
1.2742100596833965,0.23052369659010039,0.005010207717493502,223.86546945125826,2.488059309406594,-0.004403582615137085,41.63832702263731,5.294736506360226,0.12039844833265566,0.6533333333333333,3,OVERLOAD_BLOCKAGE
0.34804434818774377,0.027502457698691474,-1.0797333893230506e-05,224.90744063896693,1.8240445019843066,0.0007127810746406363,30.06734742602085,0.4790105736118352,-0.0005870023105893331,0.6333333333333333,0,NORMAL
1.1263793751277682,0.14694598061212222,0.0028681984045517057,224.2273590498281,2.3738404582848527,-0.002740045231651811,40.58421342311381,4.513770404057293,0.10096298576496159,0.58,3,OVERLOAD_BLOCKAGE
0.4450610206978064,0.065438568253463,0.0013130327598592504,224.93576264303303,2.122370312406121,0.0017542344680158235,34.07982613959091,2.5082002009972992,0.05616851241595415,0.64,2,BEARING_WEAR
0.34106928431443556,0.17343710636292428,0.00043577993015533314,225.86754354187346,9.209390086495704,-0.022510003570980108,29.971459915520246,0.46741628408826047,-0.00023049351419496438,0.4866666666666667,5,INTERMITTENT_CONNECTION
0.3503240251549365,0.03158123459855492,1.561458853592674e-05,225.12224098026036,1.9471853874842633,-0.0007096028273172116,30.014436810441413,0.4926657460470431,0.0019276886730972597,0.6466666666666666,0,NORMAL
0.34062434816163517,0.17493191102477945,-0.000322727848825085,223.65609043561562,9.130931643238254,0.02784677268998905,30.01626167226054,0.4646023947876046,-0.0013000280358987529,0.5466666666666666,5,INTERMITTENT_CONNECTION
1.2456131084815496,0.2338697831523258,0.0049736792048134535,224.0770939788534,2.32654801563459,-0.006599078869755001,42.758775264745104,5.644171627690337,0.12840641069013237,0.6466666666666666,3,OVERLOAD_BLOCKAGE
0.47881624983613885,0.08257159681848493,0.0017840386137917385,224.88012856135737,1.7992364689805953,-0.00043866343685692596,34.40090268474898,2.6816744798615857,0.060171971983917515,0.5133333333333333,2,BEARING_WEAR
0.4467230968709746,0.0391903093973549,-0.00011012504888665542,225.09961623242387,1.9705391741057807,0.0021790611090326565,30.02248129501493,0.46882920582147697,0.0007301614385776765,0.04,1,ENERGY_WASTE
0.450077248919915,0.0653165024754117,0.001351488695361406,224.94194967167442,1.8540592997118008,0.002754151545915895,32.926812568165076,1.786856220685381,0.039164106438193146,0.6,2,BEARING_WEAR
0.3506296378143579,0.029428224106978842,2.780651384668869e-05,225.23349532267991,1.8633319116744111,-0.0020089707760218246,30.01865833660141,0.5092586523001794,-0.0007590305668857035,0.62,0,NORMAL
0.45317490339519234,0.04264865694730047,-8.386316344033756e-05,224.97438184757553,1.7933299212747158,-0.0010562668232775702,29.973181468822148,0.5827556076217957,0.001055180680468269,0.06,1,ENERGY_WASTE
0.35281077824371776,0.027805381782929187,6.80686627565261e-05,258.21061275256835,3.0974700627587817,-0.0002874238947961837,30.041026406706163,0.4867133364745875,-0.00032715242492225275,0.5733333333333334,4,SUPPLY_VOLTAGE_FAULT
0.4851067476739726,0.08660780421873703,0.0018777535480943976,224.82982349653156,1.7409407925634843,0.005273641211556561,35.96796418796764,3.4942760326053586,0.07943531584352186,0.56,2,BEARING_WEAR
0.4518333716929225,0.062134389739955165,0.0012746244244940203,225.00050849793897,2.011693125212741,0.004752179746272895,33.681969945989664,2.2521654521137666,0.05021550357236489,0.6,2,BEARING_WEAR
0.34973478115301543,0.030856742667912933,6.198944598246551e-05,273.514405810358,2.9845840460136324,-0.010422855037073459,30.0374969377184,0.5165063802890294,-0.00045180603140252226,0.5,4,SUPPLY_VOLTAGE_FAULT
1.1591358645484267,0.16601027400397458,0.003430892239161201,223.97359736534708,2.5533874195105244,-0.0008367935316653512,39.29309571819373,3.604804285884259,0.0806681951237067,0.6466666666666666,3,OVERLOAD_BLOCKAGE
0.47624087318073277,0.08223509089056945,0.0017578885747137785,224.79013791399512,1.8553999636880203,-0.0017468631790667503,33.697281823159635,2.298097410910002,0.05092165750818315,0.5333333333333333,2,BEARING_WEAR
0.45336583366249045,0.04120965680210714,-0.00011252138236548044,225.20510509010975,2.0063342993716,-0.0012315200407966033,30.023016078314672,0.551716111062588,-0.0005260403188006951,0.03333333333333333,1,ENERGY_WASTE
0.46852903280546265,0.07620254420825072,0.0016144523137250817,225.18687783058732,2.0577855542634937,-0.0025327142054166387,33.919765802897125,2.4042484700268627,0.05369852906750193,0.58,2,BEARING_WEAR
0.35178529561537497,0.02792501377194942,5.347479627420025e-05,265.63531824292846,2.8423653684890993,0.003003078065480898,30.017603715026016,0.46113979934472316,-0.00031101756846743715,0.5266666666666666,4,SUPPLY_VOLTAGE_FAULT
0.4736522974839801,0.07902576431329598,0.0017147160903943194,225.10728114886072,1.9160648961683133,-0.006507801651982674,33.593569884585605,2.09652435640993,0.04637800049463493,0.6333333333333333,2,BEARING_WEAR
1.158544447765548,0.17138186616084927,0.003508329911071569,224.11852503446067,2.3299494449470575,0.004221631260849121,41.77775528196687,5.163471205717051,0.11679280882739551,0.6533333333333333,3,OVERLOAD_BLOCKAGE
0.3488423435085245,0.030191747909637398,-6.071358237420975e-06,175.33068326925843,2.987865563125867,-0.00765359457529528,29.94450769999609,0.5505413091143202,0.0006469761945164728,0.5466666666666666,4,SUPPLY_VOLTAGE_FAULT
0.3520301791212303,0.029694702244024616,6.964177991717836e-05,264.4309769448693,3.193624834782201,-0.0036666298355890027,29.955314163620557,0.516679766555357,0.0006863612345170696,0.46,4,SUPPLY_VOLTAGE_FAULT
0.35675364722980185,0.030039846284745594,1.9934686394946316e-05,225.0556424700335,1.840918487408608,-0.0005236411495186886,29.990057299301824,0.5555441788314848,-0.00045441409587088815,0.62,0,NORMAL
0.46179792311498224,0.07103598551750769,0.0015053215786367384,225.04889159048417,2.065596519923504,0.0010840253604675896,34.626755161502224,2.7534764299851093,0.062114831534589826,0.6333333333333333,2,BEARING_WEAR
0.35502633467427375,0.03253039390549761,-4.5821623332811034e-05,259.34896453438427,3.105216534514986,-0.005871780012328092,29.97390435361825,0.48469372458047755,0.002225436469291603,0.52,4,SUPPLY_VOLTAGE_FAULT
0.4535164295727673,0.06543887652422689,0.0013572520675445682,225.04102756100562,2.0340024028169075,-0.001497294525605483,35.653818049264615,3.3213674785017955,0.075475401969857,0.62,2,BEARING_WEAR
0.3530160868496115,0.030336450569987704,2.5026033208278288e-05,224.93055223754303,2.0219172540987285,-0.005183101994790063,30.075471452990264,0.5126783638078521,-0.0003959021966145561,0.6066666666666667,0,NORMAL
0.4940082535370793,0.09574614061641491,0.0020852346547394094,225.05152961187036,1.9198680603204503,0.006583847144228129,34.17757142978569,2.45622327523529,0.05498534568244008,0.58,2,BEARING_WEAR
0.44857243106086175,0.038581706458875584,-1.7473615600914984e-05,225.0122989301271,2.1844529979833904,0.0007198569864388179,30.017819052850996,0.4803257605520067,-1.628371131281095e-05,0.02666666666666667,1,ENERGY_WASTE
0.4638293502971326,0.07186093747015998,0.001522854738088816,225.21188549835304,2.0494595499690553,-0.0015927934785887668,35.50830335685538,3.2482821168485687,0.07362391972667437,0.6266666666666667,2,BEARING_WEAR
1.2081009902805093,0.18535302868496373,0.0038260005968107436,223.825259601728,2.658504882415575,-0.0006853204831866917,39.77418418926054,4.055920472895464,0.09061700684381067,0.5666666666666667,3,OVERLOAD_BLOCKAGE
0.435366308917026,0.06341838966909283,0.0012665429007481103,224.98179688991678,1.748461703178239,-0.0011106564163537933,35.54665630916978,3.279879057178427,0.07438852246525697,0.6066666666666667,2,BEARING_WEAR
1.1706276055351659,0.16612331654357165,0.003362152763209408,224.02384846796429,2.199180782414645,0.0026727331176320773,40.32847730749913,4.253006732693202,0.09581084160257643,0.62,3,OVERLOAD_BLOCKAGE
0.3564682190502078,0.1704971421551562,0.00015573518407148743,225.67089923263208,9.102633090017088,-0.009783018579231868,29.99330417329446,0.4804948313748349,0.0018401292292845608,0.5,5,INTERMITTENT_CONNECTION
0.35027099122248906,0.03029695728130208,2.1149082209526798e-05,224.98833815623723,1.9395344948818394,-0.007447032738899788,29.98402710185245,0.47774143873823316,-0.0008162198989236423,0.5333333333333333,0,NORMAL
0.3588876874892909,0.16377275212511785,-0.00039929552266755705,226.81235274784427,8.77882666554166,0.00813807243863919,30.04694432627948,0.46179915608504457,-0.0009734278199956157,0.5133333333333333,5,INTERMITTENT_CONNECTION
0.3481381850613937,0.03122849860441734,9.436492914014341e-05,270.389250775989,2.9997438111508963,0.0008996505279577383,29.998252674871818,0.4982697262848481,-0.0015207490774233042,0.5533333333333333,4,SUPPLY_VOLTAGE_FAULT
0.3497286595065624,0.028927899012575337,-2.4680719298891067e-05,265.295683399662,2.9208907169820595,-0.0033945857316115147,30.052240687734326,0.4982487951222634,0.0003691302697617304,0.4266666666666667,4,SUPPLY_VOLTAGE_FAULT
0.38163892929085186,0.1816376072353647,4.963688612391448e-07,224.81247858608143,9.639978813029972,-0.011510822025306492,30.063326598107274,0.4910927953009713,-0.001358595425093976,0.5,5,INTERMITTENT_CONNECTION
0.35103627645940283,0.02905804222965647,-7.363455733111756e-05,178.1855977389086,2.955971110563359,-0.0008651054310677014,29.982340941730072,0.5018230515998885,0.0007638382629429169,0.5266666666666666,4,SUPPLY_VOLTAGE_FAULT
0.33441692610767,0.16162570994760506,0.0004924008244113702,224.48811883384735,9.211416472261416,-0.003156549442745903,29.93728420402895,0.5113904346089005,-5.3976710808933705e-05,0.54,5,INTERMITTENT_CONNECTION
0.34474824214005356,0.17899077405455144,0.0006086094588522989,224.93549151527967,9.130756809934054,0.0017019702672416322,30.00417836141596,0.5057216791829939,-0.0008340043512924775,0.4866666666666667,5,INTERMITTENT_CONNECTION
0.4491920519279488,0.04256076265200734,9.535815488309495e-05,224.90104213179322,1.9103518603329097,-0.0059465241709394,29.992811325703133,0.4731015718952019,-0.00027551401734967175,0.006666666666666667,1,ENERGY_WASTE
0.4245547762041006,0.05313248915265969,0.0010556921389258671,224.76065675253383,1.9176726344628108,-0.0007978601184151311,34.45010796667443,2.5826668207032166,0.05776582077229707,0.5333333333333333,2,BEARING_WEAR
0.35410588512029645,0.03127176905632109,3.564906492350048e-05,194.6980083295894,3.0337357445902753,0.0037197587167041983,30.013788909198368,0.501458492398378,8.005093749358142e-05,0.47333333333333333,4,SUPPLY_VOLTAGE_FAULT
0.4994029913134033,0.0896113459163811,0.0019510425596608214,224.9365068214814,1.8646212310090051,0.003670396320798345,35.21902642863884,3.1588640812849884,0.07169558242394979,0.6,2,BEARING_WEAR
1.300748443040873,0.24910761977609683,0.005458493552304607,223.8842705382458,2.3693896699061514,0.0028315992780694756,40.12696720621406,4.270896894076585,0.09600385259512673,0.5933333333333334,3,OVERLOAD_BLOCKAGE
0.34792168191584727,0.030734236068006994,6.136337888636113e-05,225.02003131993095,2.001291786492726,0.0004538475237931139,30.033135505560864,0.5407661707517928,-0.0009616748361025425,0.6333333333333333,0,NORMAL
0.3486076236725752,0.03000945471216349,5.252367215881231e-05,269.9916858589217,3.085290809160768,0.012000344499469809,29.964855620945393,0.4915548948979168,-0.0005016011481990239,0.5466666666666666,4,SUPPLY_VOLTAGE_FAULT
1.0935025503811324,0.13895458467297753,0.00260360108511117,224.07898494599354,2.4984554127250003,-0.001295824133098631,39.23413404348449,3.763904720579243,0.0838449002003119,0.6066666666666667,3,OVERLOAD_BLOCKAGE
0.45420743054853185,0.040119012427983824,-0.00013919801235418635,224.7871477951029,2.105716356593178,-0.002331251838331285,29.990029374565964,0.5170312613372091,0.0006869612692487573,0.04666666666666667,1,ENERGY_WASTE
0.45409074638058505,0.040575997622559534,4.366679147966859e-05,225.18900376939405,2.07466770533956,0.0028624201596256895,30.00914468083778,0.4830333615358701,0.001010807912973604,0.04,1,ENERGY_WASTE
1.2665292174225173,0.24493742486795791,0.005286493909231223,224.32280023016273,2.652297802368841,0.0024134556345586,39.19557871998356,3.8196050082008846,0.08492860966914435,0.6466666666666666,3,OVERLOAD_BLOCKAGE
0.35170170335176215,0.030235406458076434,-5.659658292825241e-07,225.29532098438762,1.703534996999881,-0.005357216400313742,30.0303131415854,0.48937660508344866,0.002616910999824103,0.5,0,NORMAL
0.437509237544643,0.05762748926501876,0.0011317677063830947,225.14302254305338,2.1444453332032003,0.003196613201688556,33.84272570918276,2.3110894020605985,0.05127829567991123,0.5733333333333334,2,BEARING_WEAR
0.34910757879535764,0.03127567840841926,-1.4040695459463883e-05,225.13962112564914,2.0447377432912086,0.0006962325390893604,29.996127541934293,0.4695739157985205,-0.0015002786324242482,0.6066666666666667,0,NORMAL
0.3475930437798038,0.028351032870417573,3.315964152400102e-05,192.21640786991082,2.722943917881356,-0.0072015041971568074,30.04568720760795,0.44390575543450045,0.0017078727705519328,0.4533333333333333,4,SUPPLY_VOLTAGE_FAULT
1.2498066646611006,0.21126007635886102,0.004575065788093144,224.22298304938784,2.7437182290802715,-0.003737154064455129,40.769590945307364,4.57311495504891,0.10293052845888348,0.58,3,OVERLOAD_BLOCKAGE
1.2330266777407757,0.2171375650254784,0.0046532954142100074,223.861098177521,2.416060775640061,0.0013359967419147034,39.58990065674928,4.0441279386793925,0.09056776433383198,0.6533333333333333,3,OVERLOAD_BLOCKAGE
0.3416520120709038,0.1616122054267115,-0.00023464230283103674,225.52162049938943,9.749643498365629,-0.004690659038121192,30.038152803862957,0.46981220498889814,-0.0001101284903222116,0.44,5,INTERMITTENT_CONNECTION
0.3543512645500639,0.027353847114528294,9.22900692022558e-06,224.94066463520323,1.9683774396155165,-0.0005301855334906249,30.010379518178325,0.5026623584850857,0.0007810954380176087,0.6066666666666667,0,NORMAL
0.3438691809860628,0.17187941645071778,0.0001669317985129856,223.77467153260858,8.014388862677842,-0.004409677031205945,29.989106477708454,0.4890268764721839,0.0008926817033834865,0.47333333333333333,5,INTERMITTENT_CONNECTION
0.35224353928613433,0.02969620775430115,-1.738463330287508e-06,225.10146538478963,2.0242210741780124,-0.001678944770599209,30.00447276926603,0.4582886836430306,-0.0007124419988844877,0.6133333333333333,0,NORMAL
1.2675768133523582,0.23104017864409482,0.005030745894250247,223.83832966644505,2.491119692190516,0.003215053628353124,41.444139507468556,4.921759530905708,0.1115970075719351,0.66,3,OVERLOAD_BLOCKAGE
0.34712778332364586,0.029597716617039836,-0.0001068642677887627,188.6034462327191,2.9803093446215967,-0.00692407344415012,30.024062767613724,0.4800139053349697,-0.0002546528948687064,0.5266666666666666,4,SUPPLY_VOLTAGE_FAULT
0.48946155374579936,0.08824318238390785,0.0019154102263460226,224.92747755238184,2.025874913388156,-0.0029884422339690824,34.985894309518976,2.90241145879007,0.065559903209057,0.56,2,BEARING_WEAR
1.2025434070880003,0.18681767144682868,0.0039246846348128216,223.90873904822413,2.5552411856070174,0.004553554501681857,41.812256314040525,5.264269031687717,0.11958143982310175,0.5933333333333334,3,OVERLOAD_BLOCKAGE
1.2472758411808238,0.21073207452077736,0.004476858181679123,224.09988742923218,2.449985012955433,0.0015355853386183364,42.40170119888395,5.626634885773635,0.12748335674636102,0.62,3,OVERLOAD_BLOCKAGE
0.45889901648102105,0.06841282859226826,0.0014374082068875336,224.8957500479184,1.888089181716742,-0.0030904403993988624,35.4905520046175,3.3288270619667495,0.0757281805315503,0.64,2,BEARING_WEAR
0.4439895975447005,0.03956427943829975,-1.3878533892968497e-05,225.13632608283996,1.930875565520899,-0.0008745082199411124,30.021648275802704,0.4841997565018538,0.001938931831072951,0.04666666666666667,1,ENERGY_WASTE
0.44427790738494366,0.03983896975789775,6.92661178575268e-05,225.07509180936546,1.9866600077510272,-0.005057771937514867,29.968840100370645,0.5408988633337596,2.9541430509872713e-05,0.02,1,ENERGY_WASTE
0.3473812797903497,0.029355914610900438,-2.251571899991317e-05,224.9812412596326,1.961735370100417,0.00027418717233779346,29.936778020124997,0.5068708751181649,-0.00076439418116696,0.5866666666666667,0,NORMAL
0.35999365225492996,0.17049242853512103,-0.00032888381161993877,224.39346937435397,9.991175152454108,0.0055950695492509965,29.97172580152499,0.5123954307332359,0.00018272051210055737,0.5066666666666667,5,INTERMITTENT_CONNECTION
0.3485610780900806,0.02887884771964831,-5.534606741213361e-05,224.98749273128666,2.0744987360242195,-0.0023193657263437706,30.02213320213814,0.5152487828070944,-0.0003493496400731965,0.5533333333333333,0,NORMAL
0.4352550409803924,0.05697995625855163,0.0011516458004217666,225.23893431936852,2.277985273070541,0.0023483953152922976,35.58342977027718,3.2143741775872665,0.0729804809275267,0.5533333333333333,2,BEARING_WEAR
0.3449454639753885,0.030543832877415106,-5.005705959469867e-05,182.38128885052163,3.21782244174409,-0.004187141228234547,30.065011609631412,0.4914015613560253,-0.0021832600433398996,0.5733333333333334,4,SUPPLY_VOLTAGE_FAULT
0.34872000056666946,0.026424055577589246,4.674673374830692e-05,270.47873586577754,3.3798617065418752,0.0007113502235528997,29.98367397151155,0.4893958445328699,0.0005536135236449362,0.4666666666666667,4,SUPPLY_VOLTAGE_FAULT
0.4405531346357076,0.05897455315870255,0.0011393801115032482,224.9834670535811,1.959360086043227,-0.0008214605808588152,34.28390839113219,2.581813581657841,0.0579251947038979,0.6333333333333333,2,BEARING_WEAR
0.4459346571436034,0.03605197318414981,-9.07171661071414e-06,225.2380896098092,1.830525198420695,0.000972618917316644,29.95916827395919,0.45180746842670844,0.000356057116054055,0.04666666666666667,1,ENERGY_WASTE
0.34897491390750796,0.028183417606973023,-2.3839887663234878e-05,225.062817484439,1.9292933343491956,0.0036527481710153225,29.982794534930125,0.49080870413206884,-0.00027523952708788754,0.5866666666666667,0,NORMAL
0.45045841206362564,0.03974650562013316,1.9375223719443375e-05,224.92929359034852,1.8582254618697127,0.007165135769290374,29.98352671994733,0.471104350926308,0.0011591902767845506,0.02,1,ENERGY_WASTE
0.5121496557537246,0.09743019394243653,0.0021596694190935623,224.57128831131976,1.8757626679296886,-0.001877674205267303,34.485958333687925,2.6824163629452027,0.06063748738281348,0.6466666666666666,2,BEARING_WEAR
0.3483517464874183,0.029447691704356998,-3.422798032687014e-05,260.29325544716323,2.9347141463530644,0.004435850522325414,29.968346765560067,0.46068293394359233,0.0007048500603688187,0.4266666666666667,4,SUPPLY_VOLTAGE_FAULT
0.45142663870538474,0.034955932364524094,-5.559324614963601e-05,225.14186486378443,2.1675091560195643,0.0010847356724873031,30.01570357483676,0.511451012255403,-0.0002975039387793579,0.03333333333333333,1,ENERGY_WASTE
1.2301701167029149,0.21115511326212089,0.004487263594020016,224.0781025977816,2.5942513594988927,-0.003793440680003605,42.30641027356017,5.613033257818297,0.12768895739506944,0.5466666666666666,3,OVERLOAD_BLOCKAGE
1.1417159891281565,0.16461831256769996,0.0032860282148119467,223.94119350118,2.325373290468029,-0.006096441512025522,42.288198260293136,5.693652517731518,0.1292030150911596,0.5533333333333333,3,OVERLOAD_BLOCKAGE
0.4558696579185395,0.03715705689822619,-4.0115320056354146e-05,224.7573010796748,1.8660967799670942,0.005354433030254145,30.017944080698623,0.46236112388769945,-0.0004085591959885035,0.06,1,ENERGY_WASTE
1.198763052847972,0.1997949615117992,0.00417904315638816,224.12711609940172,2.316546741539004,7.691777128728839e-05,39.17367417202254,3.689555292563088,0.08201662179547703,0.6266666666666667,3,OVERLOAD_BLOCKAGE
0.34840646006907233,0.028382757923652756,-5.537723192248802e-05,224.99614753266496,2.0691703802378245,-0.0037986754705291044,29.969657505581562,0.4960960891653684,-0.0015654917266846441,0.6266666666666667,0,NORMAL
0.4494874313628098,0.041736534360858175,-8.40952858685696e-05,224.99478990002478,1.9229780499922804,-0.00045541485467917494,30.032663058179665,0.5059929436552493,0.0017739231635286884,0.02666666666666667,1,ENERGY_WASTE
0.34207988117064775,0.16904821305337644,0.0002510144318095566,223.4468270548098,9.202468079656539,-0.0270156058031244,29.94800518798598,0.5183313224777876,-0.0017724757766543722,0.5,5,INTERMITTENT_CONNECTION
1.2807378519236692,0.24469206703787766,0.005337038957973678,224.04019553970372,2.619473676953706,0.004807426332277444,42.185829140017695,5.278703194609678,0.11989906107645382,0.6,3,OVERLOAD_BLOCKAGE
0.3398639007093226,0.18198796998910835,-0.0001440789225500647,225.69675674060733,8.324292676717034,-0.007419721938399626,29.877826044215567,0.4768059620356056,-0.00017971160744864153,0.6,5,INTERMITTENT_CONNECTION
0.5095281035536527,0.09612893638070914,0.0021054616280491403,224.7817765202791,1.9932238509458093,-0.0003323918065303933,34.72167712471951,2.807946878238791,0.06315380278218105,0.6,2,BEARING_WEAR
0.34160154776632495,0.1778992331541231,-0.00033172868767993935,225.63351529311467,8.231742659291278,0.022232394562333772,30.00810829746156,0.485629418482271,0.00028702430307781164,0.4066666666666667,5,INTERMITTENT_CONNECTION
0.48601246535229603,0.08408304652751872,0.0018171159550299488,225.1288528190949,1.9362882787605904,-0.0010219945112255296,33.45093617679798,2.0942555305136894,0.04651737453325689,0.5866666666666667,2,BEARING_WEAR
1.184123337730819,0.1833820252422647,0.0037565683745957095,224.0614371427278,2.3499149357074245,-0.0037625273269966653,41.60526214822862,5.319111425196352,0.12078278431406596,0.5666666666666667,3,OVERLOAD_BLOCKAGE
1.1619764558724122,0.15875315272360363,0.0031037549189498314,224.13402858495465,2.6058983119555146,0.0024145253313599185,40.451086162556344,4.485722490955248,0.10072152418333707,0.6133333333333333,3,OVERLOAD_BLOCKAGE
0.45080555325860405,0.04024030339620667,4.646205601209079e-06,225.14211049948975,1.7852882128315306,-0.0011656876075133583,29.90746377602086,0.502737779862926,9.710938310680676e-06,0.02,1,ENERGY_WASTE
0.3406737399525732,0.17676766491344817,0.0002804892361535959,224.47356561582114,8.938803523301118,0.00571825277808346,30.013918422716973,0.48065819211368505,0.00011521339542990102,0.5066666666666667,5,INTERMITTENT_CONNECTION
0.3494296090775333,0.02978327522971755,5.4698188496616215e-05,224.73599015849481,2.0291302954082693,-0.00045553953546059663,30.01074119625134,0.44627469683764165,5.430672302118933e-05,0.6,0,NORMAL
0.38307945680121064,0.17024443678811302,0.0003550595308573145,225.41452785249587,8.340546480350776,-0.04819252618574421,30.00079938292513,0.5215121739676016,0.0013794057180838745,0.5866666666666667,5,INTERMITTENT_CONNECTION
0.3511888840540214,0.031050406013122995,-4.934236146576008e-05,267.5281081324525,3.2304265545309483,0.0014845567137229826,29.98975463825756,0.47617858483194253,-4.00122610968285e-05,0.5066666666666667,4,SUPPLY_VOLTAGE_FAULT
0.44827648841618517,0.04261496721920348,1.905263764966562e-05,225.2231002058567,1.8363008386745248,-0.001718040724112821,30.007364806116044,0.5075906861124626,0.0021121747883470535,0.02666666666666667,1,ENERGY_WASTE
0.449154526666465,0.03708299663628758,-4.703255502876155e-05,225.00724289491063,1.9997548611159255,0.00044232097046755376,29.94533622434652,0.5030237978572321,-0.0003826522848505353,0.02,1,ENERGY_WASTE
0.4496865006005428,0.04413456272464237,9.967422789358761e-05,224.84345064582,2.1032774066468973,-0.0013645110243358845,29.99584443631167,0.4964598090620967,0.00023030721460159243,0.04666666666666667,1,ENERGY_WASTE
1.258310902672851,0.22558256241596475,0.0049166242243472045,223.85028126443348,2.574202797139876,0.0004079056276786365,41.49772756034376,4.939135316231073,0.11185640454163667,0.56,3,OVERLOAD_BLOCKAGE
0.3497977343239049,0.03188195538672768,2.974515549931551e-05,225.12478741563595,2.0949237671129435,4.873790449436473e-05,29.96805384266012,0.5041081180036497,-0.002153771297637514,0.6733333333333333,0,NORMAL
0.45604178468013257,0.041672627054929,-4.7013718823525685e-05,224.93559320337053,1.7797642687983153,-0.0026283012504494086,29.962933568292563,0.4358519951033409,-0.0019292894897563607,0.006666666666666667,1,ENERGY_WASTE
0.35147810146952946,0.028870219773813523,-3.944829701408455e-05,225.2175461244269,1.9762002217380241,0.004128824375797343,30.011838884170828,0.49371819454202404,-0.0005125856479696763,0.6733333333333333,0,NORMAL
0.3517800342518496,0.028149203715182453,5.011745071952301e-06,270.09414910741083,3.0856843760903243,0.0012791537668643356,30.033247910901373,0.4781620983484589,0.0002945374405710709,0.4866666666666667,4,SUPPLY_VOLTAGE_FAULT
0.34456471062975763,0.16363301828586535,-0.00021562660464363584,226.97582885065844,8.815005762226901,-0.005618447310515791,29.962270255889706,0.49174673160451066,-0.00040552261066488944,0.5066666666666667,5,INTERMITTENT_CONNECTION
0.34502258464227853,0.02922923284734548,-2.21030926054082e-05,224.92268753222922,1.9741666118265278,-0.0018105144578535253,29.96513468632945,0.5406548637104989,-0.0018054793077987598,0.66,0,NORMAL
1.1892665286904602,0.19048484369609928,0.003996898331157619,224.06106113425554,2.3584972173179475,-0.001703624281444522,39.64203860761473,3.961003549402904,0.08864599103669163,0.72,3,OVERLOAD_BLOCKAGE
1.206190928288411,0.1898989477643286,0.003968855067526111,224.01915976942817,2.3941472062854885,0.0015360418175485969,41.36062272436325,4.941180609351565,0.11139813086981473,0.6666666666666666,3,OVERLOAD_BLOCKAGE
0.34673565585799887,0.030805139638357276,-1.1091267537131428e-05,190.61333410661993,2.8386608801627395,0.005230767142188033,29.969328109530974,0.5340754944236108,-0.0009224397385118414,0.5466666666666666,4,SUPPLY_VOLTAGE_FAULT
0.3567135531380431,0.19220563353155096,-0.00030785525919615054,225.39062704297305,7.7805153145339006,-0.004516974327285118,29.99481630068629,0.5336785449168151,0.001226441143753711,0.5666666666666667,5,INTERMITTENT_CONNECTION
0.3464322359174869,0.031643488668534406,-4.5992307208954086e-05,189.364842869059,3.188319519022323,-0.0022228673105174324,30.009354808367302,0.4720264404811042,0.00016314324888411173,0.5333333333333333,4,SUPPLY_VOLTAGE_FAULT
0.44698761892920735,0.03975999516448319,-1.582091297562788e-05,224.82309642171148,2.066270771648111,-0.00567803082897939,30.04123078167087,0.45445663462203617,0.0005955083853687855,0.013333333333333334,1,ENERGY_WASTE
1.2844082973933044,0.23720757340357862,0.005082607532834217,223.72042900401001,2.375110929391094,0.0013974140543256785,41.190623648367364,4.772651555556141,0.108315920933251,0.62,3,OVERLOAD_BLOCKAGE
0.34897569115465954,0.028770702237424672,-6.538007930966435e-05,268.9586356239767,3.038132547770553,-0.000885837921483922,30.03813219456233,0.5036697192238478,0.0006516561624678409,0.5333333333333333,4,SUPPLY_VOLTAGE_FAULT
0.3493943510334514,0.029589630772167808,5.474400984117467e-05,225.02531172675023,1.9212035346451906,-0.0009049486595182826,30.049690531505647,0.45263863296070717,-0.0015415994338690865,0.6266666666666667,0,NORMAL
0.3528573247915664,0.030502820180445762,6.204870236729232e-05,177.28607441243693,3.0920236842224265,-0.00581827812815998,30.011267593433175,0.5086105869483576,-0.0004814675341368847,0.54,4,SUPPLY_VOLTAGE_FAULT
0.36846785680412886,0.18525476098135307,-0.00041312801953499907,225.105819365566,7.901878795487077,-0.021852400702951733,30.0155601733673,0.522361487134279,0.0011440722570001235,0.5933333333333334,5,INTERMITTENT_CONNECTION
1.1257989711273186,0.14714189554774776,0.002854270654988607,223.8373686520401,2.42217593130834,0.005700557611113151,40.57709032887503,4.582497513621013,0.10236679896356118,0.6,3,OVERLOAD_BLOCKAGE
0.4877924158561594,0.08478697293632728,0.001855769727904635,224.82886345977667,2.1846068547065474,-0.002481785252333168,35.01144525266961,2.991596138881488,0.06788472680631702,0.5933333333333334,2,BEARING_WEAR
1.1527579198007856,0.1545345881027157,0.0030940945394031492,223.92195271182592,2.4466393750470377,-0.0021355853864957,40.707320415566,4.576593589631918,0.10312036034788236,0.5333333333333333,3,OVERLOAD_BLOCKAGE
1.1743813657888829,0.16009116038627236,0.003264722688353558,223.9709250576888,2.4669940526763483,-0.0006520932514298205,41.386087388256676,4.962272168995367,0.11213637207534415,0.5733333333333334,3,OVERLOAD_BLOCKAGE
0.3620923541709822,0.16450638551364835,0.00028586186301044045,224.92561464703414,9.520507045635908,-0.01302579286735858,30.014705586553415,0.5139713869689733,-0.0015852193254604022,0.4866666666666667,5,INTERMITTENT_CONNECTION
0.34860063431613414,0.031013283000245678,-6.400931493715661e-05,181.44473941719153,2.942769215946013,-0.002286422970264534,29.9491704797651,0.48533248999387946,-0.00026153099004195705,0.47333333333333333,4,SUPPLY_VOLTAGE_FAULT
0.3453450964999227,0.028589882433117227,-4.4802369925699104e-05,264.3847388051001,3.09135665098047,0.00031532607851721806,29.967550957694026,0.4883000392127048,5.017450574706285e-05,0.5666666666666667,4,SUPPLY_VOLTAGE_FAULT
0.3484702960621784,0.02891895429709667,-8.447441723447564e-06,224.814699685419,2.051845433359722,-0.003001920560614273,30.002636340866623,0.4952058206752879,7.436313611509423e-05,0.64,0,NORMAL
0.3490184402842624,0.028443620219499265,2.6046223948771173e-05,225.13081036318655,2.094746771930471,0.0026542439250555002,29.958912965992884,0.5105909947538728,-0.00012399345077658956,0.5666666666666667,0,NORMAL
0.347965944783404,0.026386591115992397,5.057342652745236e-06,267.95791204317277,3.1876404448533515,-0.002701839702402892,30.003047176021948,0.47402034027226964,-0.0008080491147573701,0.4533333333333333,4,SUPPLY_VOLTAGE_FAULT
0.37841891677853295,0.1775438092050796,-0.000218766902373407,224.35175405417792,7.963599312226071,0.019751974270764482,30.009710710290094,0.4345681802157753,0.00016309020201008565,0.52,5,INTERMITTENT_CONNECTION
0.4451614444414421,0.06409411319527927,0.0012624499166607782,224.82864358189127,2.2509008704634113,-0.004325842621322658,35.558993159332886,3.220982428997381,0.07305840704171149,0.6733333333333333,2,BEARING_WEAR
0.508612975500952,0.09571190825995518,0.00207158727582246,224.9059659269812,2.0521304977223402,0.003486405009123566,33.07701963362298,1.8821464955451643,0.0411811702684738,0.5866666666666667,2,BEARING_WEAR
0.4529529390220747,0.0445761655736108,5.0435374722319784e-05,225.3137416721872,2.030274551939897,-0.0013513665216894656,30.051760837876113,0.5330375728177796,0.0010229974278918375,0.013333333333333334,1,ENERGY_WASTE
1.196076960733638,0.18787532906589952,0.004041124052807497,223.55729790429686,2.401252258367746,0.003377546051068162,42.957175106184636,5.79813958880688,0.132391821143311,0.6533333333333333,3,OVERLOAD_BLOCKAGE
0.350793258283069,0.027757626761281164,-7.673886307145728e-05,225.02296395013738,1.8527650460498122,0.005832660065690249,29.996892027246954,0.4992734780718436,-0.00014393309102175356,0.58,0,NORMAL
1.19157454155136,0.1899187913941668,0.003942374989341586,223.63109752534373,2.502512611117637,-0.0007629347558184525,43.013990595324756,5.720496418182508,0.12985408775073284,0.5266666666666666,3,OVERLOAD_BLOCKAGE
0.3490531669371892,0.0302204930209394,4.5099892260512894e-05,225.11169371458348,2.0628509618818485,-0.005887976717996166,29.99655484976994,0.4777862012392958,-0.0007952340687511636,0.5666666666666667,0,NORMAL
0.3497507156827748,0.03006080112009877,8.15782313821475e-07,255.3214873090797,2.6382434289239125,-0.003094484568833635,30.070125906693622,0.4386590531076848,0.0012297991610035104,0.47333333333333333,4,SUPPLY_VOLTAGE_FAULT
0.35012829559670233,0.026062055788778345,-1.9488462982118034e-05,224.80627999115183,2.020184193573551,-0.0015181479319158057,29.966484776163245,0.48911793019657795,0.0011905318037272804,0.6133333333333333,0,NORMAL
0.4283434481013516,0.05537990383223855,0.0011116300323171671,225.0274796090961,1.9540518221412964,-0.006498860517623388,34.53897627820869,2.6050975984113824,0.058497688663445825,0.5466666666666666,2,BEARING_WEAR
0.3520158700454757,0.031055852285120592,-6.125978434488893e-05,224.91545144145766,2.0536048068393944,0.0019437741120532897,29.98267048347757,0.538702203213764,0.0005892648878875266,0.62,0,NORMAL
0.34936881244455714,0.0299131038348356,1.569204900667332e-07,225.04472731430334,2.055253972744593,0.002270065405732592,29.91598116288088,0.45880647969204247,-0.0008182214343611173,0.52,0,NORMAL
0.35054264165194204,0.029806823540173527,-0.0001278339478409047,256.1759993262631,2.798603210814283,0.004313320892152137,29.96814319829335,0.5106053887339537,0.000908760292477011,0.5333333333333333,4,SUPPLY_VOLTAGE_FAULT
0.3467642252949505,0.03273053786337977,-6.335031531143219e-05,257.32891625574257,2.989308984591654,0.004074941080826829,30.073945976714032,0.46565131599010184,0.0012425524444504852,0.5333333333333333,4,SUPPLY_VOLTAGE_FAULT
0.44840524440420976,0.06453581257838979,0.0012921654389006865,224.97614205965016,1.9954850422155543,0.005039181191067288,33.86335121665477,2.3099343142475695,0.05149993579751598,0.64,2,BEARING_WEAR
0.35150030837448926,0.029981701671348303,-4.343722517293417e-06,225.1942345917425,1.9481173848211693,-0.0022739043810724078,29.98091121234234,0.48129011280785833,-0.0005117917686930624,0.58,0,NORMAL
0.47441938505702524,0.08100100220395434,0.00174265682623285,224.8946175295081,1.9568121972170538,0.005915372886938047,35.79718086985734,3.443506691998255,0.07824910574827591,0.6133333333333333,2,BEARING_WEAR
0.35120581390161165,0.02829693825190183,-1.4497688247030148e-05,224.7330937942288,1.6591837436344783,0.00028274558128057553,29.94683786659933,0.5292846922795446,-0.001530932573764045,0.5533333333333333,0,NORMAL
0.34909163638924756,0.029055173518005937,1.8414876343668517e-05,225.17217433788989,2.30917040417647,0.006027519795524114,29.890186241268868,0.4730952409602976,-0.0005714603480784009,0.6666666666666666,0,NORMAL
0.45219029864142213,0.04002920871643566,6.85236326641971e-05,225.19599910473988,2.015337343720239,0.0035962019209092814,29.969260978569267,0.5278913596942095,-0.00046012036151885576,0.02,1,ENERGY_WASTE
0.35014507945802636,0.031232280042046787,-0.00014947528290762166,259.84057941925346,3.0079720805637837,0.0036689911892072227,30.07384041174676,0.4280682257391771,-0.00025490693143536135,0.44666666666666666,4,SUPPLY_VOLTAGE_FAULT
0.349235513070495,0.027720446728967896,-6.184227100738549e-05,187.54349335015544,3.149166212856975,0.00011346374801262388,30.05230981312596,0.5034553270354428,-0.0002951166317080342,0.54,4,SUPPLY_VOLTAGE_FAULT
0.44373073733364343,0.0397621491230641,7.105550581668228e-05,224.9889272487358,2.0451036178694535,-0.002029905745193349,29.9276429547864,0.5057960897266143,0.00019666211232396275,0.02,1,ENERGY_WASTE
0.3513444209140054,0.02852524803246466,2.05339993656356e-05,225.03111802441515,2.083945164039099,-0.0011271040072069348,30.01680250086722,0.5771266945397618,-0.0013434747642413663,0.64,0,NORMAL
0.353218838133748,0.029132171772482864,1.3052730779878683e-05,224.7709043174584,1.9599592737730196,-0.0009859630306305743,30.032912564751726,0.5447071258748936,9.540870452767743e-05,0.66,0,NORMAL
0.44950855081659086,0.0367033917295233,-9.418141272468163e-05,224.93549597744442,2.035343577675389,0.009082471957372494,29.985114070922506,0.4936372950762736,0.0006752585410572229,0.03333333333333333,1,ENERGY_WASTE
0.35111569111787483,0.03148089814494427,-5.2772232288068774e-05,224.9926175003164,2.045694890678603,-0.002886737069317923,29.99408609171922,0.5022845714216261,0.0006049620865961668,0.6,0,NORMAL
0.445522572313857,0.04069509335125422,-6.679392684575791e-05,224.9680386196336,2.0949917185636937,0.007776382147447103,29.920357950366796,0.45309357041886594,-0.0005869114784503801,0.02666666666666667,1,ENERGY_WASTE
0.34320139183630544,0.1821410930597835,0.00033285858487282417,224.4327626169337,8.718866358939827,0.005195669209944155,29.996583444817684,0.5046419528682685,0.0006587252223290264,0.4866666666666667,5,INTERMITTENT_CONNECTION
0.3424882517382083,0.1811306251259194,-0.0006437348044250099,224.02434506036894,9.098335663357972,-0.01205962454595227,29.985574286095584,0.4727386474608347,-3.454664060229079e-05,0.5,5,INTERMITTENT_CONNECTION
0.34677910460617445,0.025026304703942175,7.303358107603916e-05,225.03625749811272,2.0263496384782993,0.0007279605686942946,29.93298513482389,0.47842698060705396,0.0008909973999972298,0.6666666666666666,0,NORMAL
1.1562529743302457,0.18775917844284137,0.0038303210066431416,224.03152828011505,2.4962838590745853,-0.005710656657694686,39.691787614745834,4.005807343923356,0.08934267754374374,0.6,3,OVERLOAD_BLOCKAGE
0.3545627922007384,0.03207090012776591,6.215601639150367e-05,260.605312871864,3.012446483235913,-0.0012743652067543937,29.9753387183649,0.5174040403610154,-0.0014569573969601946,0.5333333333333333,4,SUPPLY_VOLTAGE_FAULT
0.35012000319266795,0.027945255141748004,-2.157845363152027e-05,182.669152117106,2.794897810194407,0.0013189928184004635,30.04104564390124,0.46975062202993456,0.0017664827034480962,0.4866666666666667,4,SUPPLY_VOLTAGE_FAULT
0.3362241601827495,0.17510583910546074,-0.00033038470195249486,225.22481264983674,9.398903212397679,-0.022512976106880682,30.003091644363177,0.49728758288439906,-0.001171598590215831,0.4666666666666667,5,INTERMITTENT_CONNECTION
0.45459624679679583,0.044294202234868185,2.3329827048497802e-05,224.9911749770862,1.9529068448005404,-0.0019705220428150997,30.012647250833634,0.4972109492995041,-0.000528825557244524,0.02,1,ENERGY_WASTE
0.48443247299793446,0.08161802153707307,0.0017581353299494162,225.04692088508193,1.8341157061056277,-0.0020462061180863654,33.4481550242868,2.1030578915532296,0.04627507403903031,0.6,2,BEARING_WEAR
0.3506318507675699,0.027093538395509143,4.454583229215228e-05,224.89429153893803,2.0110825870552387,-0.006846315540205964,30.065203574796104,0.5126241227965586,0.00013381480906081124,0.5866666666666667,0,NORMAL
0.453988345101155,0.0366068933485243,5.3029344839945285e-05,224.85953068733866,2.04715531675438,-0.000767912855435219,30.06703559425294,0.4627774571554191,0.0002958522093661374,0.02666666666666667,1,ENERGY_WASTE
0.4467654802075565,0.061186091443521155,0.001246778624509787,224.65065723810326,1.760026366343435,0.0024268038720535474,35.755868901056886,3.356587043606418,0.07641166116466741,0.5866666666666667,2,BEARING_WEAR
0.45361575139334265,0.043568465272881614,2.6021110536666307e-05,225.1014753626404,1.8968886793277573,0.0033549059860452997,29.98948356685836,0.48559020809725806,-0.0012774578302357591,0.03333333333333333,1,ENERGY_WASTE
0.35009481263611897,0.03021952790006305,-2.9943042310170263e-06,185.88978992618937,3.0267831820285105,-0.0016131063659763623,30.03924088181087,0.4789036194472827,-9.00428438291472e-05,0.54,4,SUPPLY_VOLTAGE_FAULT
0.3480229814002537,0.029233625609088234,5.1765847391584396e-06,184.71459827487823,2.7005471053569656,0.005504292413818524,29.919014841458434,0.516409537101692,0.0002248438825132958,0.46,4,SUPPLY_VOLTAGE_FAULT
0.44366850886199016,0.04272150660358303,1.0564287375964824e-05,225.0216760004429,1.9470716718797925,0.007373928596378362,30.047480565574162,0.5206799813062634,-0.001435054941754698,0.04666666666666667,1,ENERGY_WASTE
0.3443528638284364,0.029650365263387095,-4.645461114786753e-05,224.7627273878755,1.884428932023294,0.0031846074555954055,30.024293072050764,0.4548258088693868,-0.0011906325789665035,0.64,0,NORMAL
0.35338343865690974,0.028526288541765952,3.996603527201957e-05,177.50419258275696,2.7673823116698206,0.0015862161722312313,29.9651410004073,0.5138747871412302,0.0002162075563295713,0.5466666666666666,4,SUPPLY_VOLTAGE_FAULT
0.453599874156238,0.03552222555616562,-4.6936730048176025e-05,224.93105353176188,2.0568996421196095,-5.797229541104212e-05,30.002997452787277,0.4718744687259499,0.0003161163850515392,0.02,1,ENERGY_WASTE
1.2801365034462053,0.22895052819681574,0.0049419193618354396,223.88136046095605,2.493693120644361,0.004538899964068158,39.22865124417604,3.8917058196201975,0.08717585557596298,0.6066666666666667,3,OVERLOAD_BLOCKAGE
0.3531219245759224,0.02847105886696718,-2.8184837551880227e-05,225.00287648235022,1.9824527442793318,-0.00416804274559599,29.966190200578154,0.4771134603747613,-0.0006948598968609383,0.6133333333333333,0,NORMAL
0.34837868155146423,0.03055394337755811,2.6816132905845335e-05,274.13254812628077,3.077820453359325,-0.002204513200336183,29.98644630489673,0.4785744696192492,-1.70130438760736e-05,0.5066666666666667,4,SUPPLY_VOLTAGE_FAULT
0.3510089959216017,0.030290870735180143,8.757247417016142e-05,192.95833386796338,2.9413753156255016,0.005284247418632519,29.967658005735103,0.5056946375007111,-0.0003533795383608523,0.5,4,SUPPLY_VOLTAGE_FAULT
0.4531218278004566,0.04016046908200282,-0.00010631590225599642,224.791468598845,2.087657163669188,-0.0022619414229648744,30.063894479622444,0.4792966786113561,0.00028520241570722214,0.013333333333333334,1,ENERGY_WASTE
0.34589769128041503,0.02927554972052504,3.982729596498365e-05,224.9163773255448,2.131164748702274,0.010519152896733996,29.992716478622878,0.49574843183467,0.001390782637597447,0.5266666666666666,0,NORMAL
0.48480880129381576,0.08558086871321856,0.0018302824017848462,224.96732883062106,2.037703017538009,-0.0011266961923729634,35.4630179979131,3.2109455914844274,0.07296958549963208,0.58,2,BEARING_WEAR
0.44981971048781494,0.03946839263446222,7.710602858128719e-05,224.85832871295628,1.9493149630574327,0.0007257052730059759,29.963854613760706,0.48915102301450986,0.00042507985680775937,0.03333333333333333,1,ENERGY_WASTE
0.35139687616601006,0.03239384024109398,3.5353279353358586e-05,225.1274274990646,1.8042791792586657,0.0034425910604396486,29.973063547774462,0.493878973755687,0.0007555087748028591,0.6066666666666667,0,NORMAL
0.5146226824615636,0.09791740400468872,0.0021600697342611234,224.96993836158586,1.9643362289324657,0.0006171276016769176,33.78453244781971,2.3393820011295965,0.05208794902948982,0.56,2,BEARING_WEAR
0.3494815908268034,0.026005370557210184,3.852729475793443e-06,263.20567792572314,3.0836869727571745,-0.003743636793410267,30.010481553136525,0.4985659403823211,1.130802710421251e-05,0.52,4,SUPPLY_VOLTAGE_FAULT
0.5149015078292344,0.09957945294579866,0.0021720107213256145,224.78817995121335,2.1761901389275486,0.003359447822255679,34.93962998001107,2.923811360868774,0.06600503634917188,0.6,2,BEARING_WEAR
0.34568588578791,0.03320629504065798,-1.6508787757658633e-05,264.200925990271,2.960932138728634,-0.0014274092744222843,29.981186966316685,0.4904632506390337,-0.00022774853144853544,0.5066666666666667,4,SUPPLY_VOLTAGE_FAULT
0.3503112239136707,0.03273655251193312,1.6259618304614778e-05,181.0593551385714,2.8704346108329633,0.003384945608805426,30.06209515632921,0.4953427120948775,-0.0006650007598862365,0.46,4,SUPPLY_VOLTAGE_FAULT
0.443509167573721,0.06279597663411912,0.0012624013180961133,225.1488948774559,1.8843309196274391,-0.0066648489317774244,35.97670014827455,3.489526877114952,0.07951579791843015,0.5933333333333334,2,BEARING_WEAR
1.156359067656852,0.1714866210923833,0.0034441705093645166,224.21155637350526,2.356280605712519,-0.0034513638331013455,38.96691757151863,3.7405462077054357,0.08357587137771363,0.5733333333333334,3,OVERLOAD_BLOCKAGE
0.3513183412135877,0.03169347829227774,0.00013575132264288909,189.56974958907787,3.31909518283646,0.00023510871233708907,30.033021889580972,0.48822406852074907,-9.595080214532846e-05,0.5,4,SUPPLY_VOLTAGE_FAULT
0.3481944967540069,0.030324076757175817,7.502205008215484e-05,189.97116412585603,2.77223717718073,-0.00013684619304630706,30.013233567361326,0.5253149641899418,-0.0019196029957128486,0.5333333333333333,4,SUPPLY_VOLTAGE_FAULT
0.34964614401351485,0.029705873557407367,7.990398830762688e-05,224.93585442823507,1.970177593536193,0.00238282956823335,30.067542213446348,0.4986854917777844,0.0002553494945524573,0.5533333333333333,0,NORMAL
0.44385415887956,0.038944474513690874,-9.011031087142e-05,225.01612203861228,1.8450715222681022,0.0034340239332797838,30.060332926596143,0.5241261041869438,0.0019739528076293785,0.04,1,ENERGY_WASTE
0.3363033427908065,0.18123083993413128,0.00016139912612583753,224.71453140595142,8.966669192926126,0.005537216846374657,30.0212534974119,0.47592132858305586,7.011638166140702e-05,0.5133333333333333,5,INTERMITTENT_CONNECTION
0.36101409200768714,0.17679395095496686,-0.0006896713778146806,223.98345324199502,8.295531230562085,0.0027236661009863057,30.018385591801913,0.47618227582267253,0.0001688278198918019,0.4866666666666667,5,INTERMITTENT_CONNECTION
0.3775350694300055,0.17447572678894704,0.00013460145850668155,225.07731342031212,8.846070060229108,-0.010790054783269753,30.084161912759942,0.4829991735614275,-0.0015307005562386182,0.49333333333333335,5,INTERMITTENT_CONNECTION
0.35206088816112885,0.03244745353337808,0.00011308925597481712,225.02988319288468,2.0955399524169795,-0.007388463635085848,29.959896911069347,0.4921326064241853,0.0005940670048078416,0.6466666666666666,0,NORMAL
1.2424931524978535,0.2112721250710585,0.004578468502422517,224.21092271018642,2.599413282195891,-0.0065551947220330205,39.146281815935396,3.764949300672684,0.08374148590465877,0.5933333333333334,3,OVERLOAD_BLOCKAGE
0.34804975902070273,0.028319701144022477,-4.65410494232082e-05,177.10402488122145,2.8846374232323875,-0.002400195036494301,30.00671803179459,0.5006328797953113,0.000508470198854642,0.4666666666666667,4,SUPPLY_VOLTAGE_FAULT
0.4498004111426126,0.04021793641006367,-2.5849276276573314e-06,225.04481184124816,2.124135668609261,-0.0007678450134170242,30.027657943595575,0.5620617897824695,0.0009289624285326403,0.05333333333333334,1,ENERGY_WASTE
0.4440867214071748,0.03849154439023916,0.0001240921964620277,225.0720468446493,2.028416623269347,-0.004314319326972009,30.01677257400106,0.5081384621283864,0.0006468188760624552,0.02,1,ENERGY_WASTE
0.4534654651060809,0.038362299470166755,-4.5606149884024676e-05,225.06811448809168,1.9462251651522782,0.00038056483856953874,30.028905741449513,0.493082864302112,0.0012458557048582205,0.02666666666666667,1,ENERGY_WASTE
0.4492662300893714,0.037514917049658335,6.125599333103208e-05,224.86058441706845,1.8020020734380786,-0.0003358083547222317,29.985688531905048,0.4511533223816686,0.00010344281635525587,0.04,1,ENERGY_WASTE
0.3540683460117399,0.19148326072187674,0.00036606443172284344,225.59617868458818,9.379193803764638,0.05306975897395292,29.96364675666641,0.46613424415081106,-5.214494628713913e-06,0.54,5,INTERMITTENT_CONNECTION
0.37666622315866477,0.16243719814532737,0.0002880383076587064,225.38076388414305,10.06989529138565,0.012367725335797419,30.075336997271588,0.5161416924895735,0.0005628123447876673,0.5266666666666666,5,INTERMITTENT_CONNECTION
0.4481981095421032,0.03955368361620315,-7.777769573920319e-05,224.8480527930637,1.822231209926904,-0.002373767707304283,29.930472775210475,0.49785082514662327,-0.0001380774293333127,0.02,1,ENERGY_WASTE
0.35273956482048685,0.030723798447938787,1.706471501716433e-06,178.03484249147468,3.0412741032311814,0.003555657459538128,30.000302484531943,0.48293976168991776,0.0010461492000899148,0.44,4,SUPPLY_VOLTAGE_FAULT
1.172167555981094,0.1789882401498358,0.0036104111483820866,224.30272404071292,2.3525840713344204,-0.010518957632850693,39.32168849169845,3.686046154949786,0.0818083334207103,0.6266666666666667,3,OVERLOAD_BLOCKAGE
0.34674660627304443,0.031215524726074095,7.680074146444439e-05,225.2136385050742,2.2670297263873236,-0.0018756412344037407,29.983979695450103,0.5092509407313587,0.0001379788810273365,0.6333333333333333,0,NORMAL
1.1630171934023763,0.18080482926307948,0.0038012915117992,223.9262911404412,2.256485156612025,0.0005759036151596187,42.10259487276118,5.291562681575974,0.1199708350323055,0.5866666666666667,3,OVERLOAD_BLOCKAGE
0.4460951533831718,0.06263332942049588,0.0012818526007479778,225.19758489403674,1.9525850078020313,0.005420000485618018,35.45157126514743,3.2855961993381246,0.07490219800903519,0.58,2,BEARING_WEAR
0.35211783567531296,0.02896609836315526,-6.966626474024005e-05,194.34627631157238,3.1992232379958767,-0.0024473575382663345,30.061685117871228,0.4922973987242644,0.0009586472208168782,0.43333333333333335,4,SUPPLY_VOLTAGE_FAULT
1.1662276625588233,0.17139851136452722,0.0034826043327562226,224.0279002880213,2.4202580711895663,-0.002849877969815719,40.52310308229351,4.432239879628516,0.0997068314364441,0.6,3,OVERLOAD_BLOCKAGE
0.35134289874619024,0.030430445581771663,-9.876026384073514e-05,224.9474982541361,1.8836438792890609,0.003515987271074265,29.90613068517326,0.5475015794219287,0.0006199938447939069,0.5733333333333334,0,NORMAL
0.36035640963729615,0.1659439687769988,-0.00011679983500724982,224.57648483913286,9.376651010310814,0.010524113553306725,29.98535972755657,0.47357828705122046,0.0010275291681449946,0.58,5,INTERMITTENT_CONNECTION
0.35059433887877917,0.030398373246965222,-6.359425563623499e-05,225.32285231904058,1.9783835805548293,0.0007799615354014015,30.04422789534565,0.5182891886407005,0.0005181477251057081,0.62,0,NORMAL
1.2382296634092163,0.20088356822232853,0.004265703118097233,223.9744343342242,2.486140197146454,-0.006663582169456742,39.98235180225714,4.192617631090949,0.0938297330795972,0.5866666666666667,3,OVERLOAD_BLOCKAGE
0.3526935704975306,0.0318411987281148,-1.174244465740333e-06,224.99046981055315,1.96721649041373,0.0024316084702812727,30.002685075037032,0.5410629229236615,0.0016417090365552706,0.6,0,NORMAL
0.45040220103546813,0.03746731287795977,3.16672837733621e-05,225.0246981828621,1.9537548110465393,5.966621843064231e-05,30.020007268489536,0.4926573159530698,0.0009897617840093017,0.04666666666666667,1,ENERGY_WASTE
0.43802068742062117,0.06412985127930049,0.0012905366838426061,224.97471864974966,1.9552857258703973,-0.0046643748158850355,33.53737493673749,2.2305878324973616,0.049946388579160644,0.5733333333333334,2,BEARING_WEAR
1.16788762519319,0.17578841569684078,0.003583583321704774,224.25140070246087,2.8150659553124346,0.0020031762230949585,41.487716438833594,4.982814356469226,0.112741506242488,0.6333333333333333,3,OVERLOAD_BLOCKAGE
0.3464387174617693,0.029823306219155035,6.96492103118409e-05,225.02779363718108,1.8972387686728707,-0.0030156932958361328,29.970563324132762,0.47041102932623263,0.0013107240299730027,0.6,0,NORMAL
1.260223742120446,0.23085913579263545,0.00505910720924215,224.26693085402076,2.464501228886466,0.0020568866213479782,40.403206415222584,4.284865068344215,0.09630391081541481,0.58,3,OVERLOAD_BLOCKAGE
0.35232123136514804,0.03358372901778492,1.02024662002875e-05,185.06895199289443,3.082888843464329,-0.002841997584174396,30.00889137563117,0.5242462482059418,-0.0010059589796393839,0.46,4,SUPPLY_VOLTAGE_FAULT
0.3516971453689969,0.03157526578583422,-2.3344707839513537e-05,182.1170119182659,2.9114675876766682,-0.007469903726171959,30.04596864082223,0.5173926573979366,-0.001123744681726043,0.5066666666666667,4,SUPPLY_VOLTAGE_FAULT
0.3549965885338507,0.029409046660903642,-3.8406898570766776e-05,267.40066858494157,3.0021434507894194,0.0014672542064889495,29.95736847097105,0.5305056364936975,-0.002482950115380738,0.4866666666666667,4,SUPPLY_VOLTAGE_FAULT
1.2375358471406306,0.21629851450331733,0.0046378070152044175,224.2255925217135,2.33199344737868,-0.00019493952102854346,42.864129147720405,5.78799101591053,0.13163495222479973,0.6666666666666666,3,OVERLOAD_BLOCKAGE
0.45239627755300754,0.03598286084172341,3.48213798953763e-05,225.10558033129016,1.9489512367249584,-0.003844868762673975,30.060284725319125,0.47994554121505545,0.00041992734868683007,0.03333333333333333,1,ENERGY_WASTE
0.38984807742668587,0.1826717969342896,0.00022417210431421386,225.2487788695867,8.69808872530335,-0.006014606978375574,30.014258151908702,0.4816857743041496,0.0007724119569865292,0.58,5,INTERMITTENT_CONNECTION
0.34561238705408553,0.1918701316436421,0.00021581573569037812,224.5788420050023,8.648032645135984,-0.006176592296085106,29.981262374405414,0.5260166499005245,-0.0008405018932532502,0.4533333333333333,5,INTERMITTENT_CONNECTION
0.3483388400328244,0.031208537514387548,8.162889725161549e-05,268.98004850157395,2.868800835366902,0.004881848641600874,30.04094562897934,0.49371670823000036,0.0006774498053797487,0.42,4,SUPPLY_VOLTAGE_FAULT
0.35189102418019513,0.028571574786036252,-4.372401024355961e-05,178.0220638940947,2.8293812504614837,0.0065848198991390605,29.949331657825763,0.4705370776021253,0.0003728859191985793,0.4866666666666667,4,SUPPLY_VOLTAGE_FAULT
0.3553895080496991,0.1792809006880451,-8.102451432996632e-06,225.1445619637312,8.840764824370725,0.011079380911186425,29.913433628404782,0.4448162046779314,-0.0018168063341010706,0.48,5,INTERMITTENT_CONNECTION
0.3445104603035132,0.03186260247978921,-6.640665771982647e-05,225.0258340365392,1.981546709419704,-0.0019830370216655743,29.986965907321956,0.52772084457562,0.00019970054589239875,0.5666666666666667,0,NORMAL
0.4478189869298469,0.03538511675165455,-0.00012007000069539527,224.80943319759575,2.1176038074476558,0.0007448469551475916,30.00479248411047,0.4151364898622541,0.00027182313643556193,0.02666666666666667,1,ENERGY_WASTE
0.34973264166824586,0.03269074745766976,-5.968822774139456e-06,184.938727047691,2.642038837127258,0.00448988307404895,30.057421147702723,0.515702995812357,0.0003848831886536341,0.5133333333333333,4,SUPPLY_VOLTAGE_FAULT
0.5157090686691599,0.1023523459741184,0.0022612141696818195,225.15517777988512,2.1111028781453713,-0.0030263148091048057,33.05201802032249,1.8275812775890075,0.03992115351262872,0.5866666666666667,2,BEARING_WEAR
0.5122517401534047,0.10301898963751137,0.0022765252581500484,224.74556550923458,1.992471165858483,-0.003309796980934224,33.643385476237015,2.2823991452883594,0.05096557729401904,0.56,2,BEARING_WEAR
0.36226730637422366,0.19215083038254996,-0.0006541686193933337,224.58668434647726,9.137225172563067,0.009563856195880262,30.005393176859602,0.49780374905633223,0.0005694228368337179,0.5,5,INTERMITTENT_CONNECTION
1.2092589217122867,0.18807532843209585,0.003959553417073439,224.1452216037968,2.4731934893362375,0.000723969760077329,40.6049564690479,4.268093624605502,0.09582785627144927,0.5866666666666667,3,OVERLOAD_BLOCKAGE
0.3465780865070858,0.028152877742267848,2.1501517366471377e-05,270.00880057027183,3.066821109282934,-0.003152923937263744,29.958671246709468,0.514336604165602,0.0005642065265217221,0.4533333333333333,4,SUPPLY_VOLTAGE_FAULT
1.2045465358846923,0.18976790474452976,0.004077507852421471,224.16520392519942,2.3955179083211733,0.0007404344241584381,39.53620895414886,4.104501626464293,0.09166003038632423,0.6266666666666667,3,OVERLOAD_BLOCKAGE
0.45265074344703615,0.04172433761532408,4.9589999470395914e-05,225.04136392432662,2.0005614280654953,-0.002191931812395289,29.93403309480808,0.48092758510482647,9.142067722404716e-05,0.02,1,ENERGY_WASTE
0.3510697907660625,0.0326723170549861,6.705778353510899e-05,224.77981873498598,2.0359448867749825,-0.0053197566524081,29.917383672869704,0.4939153293702803,-0.0010051765562935089,0.6066666666666667,0,NORMAL
0.34156319818318254,0.17143471894068504,-8.981613825622786e-05,225.3678584574752,7.891820265108344,0.008638728745222727,30.004606713049178,0.5134105447164012,-0.0017594608433857864,0.4266666666666667,5,INTERMITTENT_CONNECTION
1.196313719519191,0.18595207195606722,0.003943565600818055,223.8526825331535,2.7119998472351377,0.00046916643158435747,42.399937554235386,5.54858782738606,0.12590091012347793,0.6133333333333333,3,OVERLOAD_BLOCKAGE
0.34870458276174454,0.027829763187026867,0.00010243568385244967,224.99346364639487,2.057155166783484,-7.420591373497595e-05,29.958784692472914,0.4734859070599506,-0.0012367249403491974,0.58,0,NORMAL
0.34978949615730487,0.03148017011280936,4.89110430764929e-05,225.10496919601735,2.004032256389481,0.002484816384771605,30.002596610479692,0.48153851686684496,-0.0002660436546630299,0.5933333333333334,0,NORMAL
0.359589104675724,0.1772466807967407,-0.0007204365706323472,224.52102546762674,9.009311221343294,0.003959988806809209,29.997034504900924,0.5057077379318403,-0.0019536939870273074,0.4866666666666667,5,INTERMITTENT_CONNECTION
0.4474712939305425,0.038201250721815135,3.169628081217137e-05,224.83773369440624,2.1065633093419214,-6.68117938308349e-05,30.00068648094561,0.47811164423123487,-0.0003198891496730741,0.02666666666666667,1,ENERGY_WASTE
0.44889537008906283,0.04103712976067115,-6.60208642286006e-05,225.0762646692108,1.9749677997431019,-0.0023950958166754363,30.053232427043227,0.5427830214067079,-0.0005848190314414295,0.02,1,ENERGY_WASTE
0.3475994534631118,0.028113896568917916,-2.589902997524233e-05,225.11180818916966,2.12696965572722,0.0005287533593679783,29.99953869489351,0.4549184226866048,-0.0010231247457953207,0.68,0,NORMAL
0.45218557090222816,0.04016264200934963,-5.001984403026564e-05,224.9109876617151,2.019131633230324,-0.0016444386816726832,29.975089997769114,0.5441451155592162,0.0009414505763499038,0.013333333333333334,1,ENERGY_WASTE
0.3514323578651358,0.030403298220924163,-2.9253174036376198e-05,224.94971472174214,1.905618701818236,-0.0051237617855459635,30.05313913241763,0.49012407218024956,0.0008028757185542533,0.5933333333333334,0,NORMAL
0.45224847801635454,0.03837406834808061,4.04342271462064e-05,225.0396529453309,1.928405679142818,3.989371137759822e-06,29.937225920203517,0.4654250445857842,0.000900563207960708,0.04666666666666667,1,ENERGY_WASTE
0.3473391596309862,0.03110163946682548,-4.920401813105582e-05,185.2460950937222,2.69978545090023,-0.006936986626099758,29.967901713770214,0.4984603546963156,-0.0006616696864135836,0.5533333333333333,4,SUPPLY_VOLTAGE_FAULT
0.4498861863628696,0.03761219947049795,-7.97183934136033e-05,224.82190332107032,2.0503176775198355,0.006217592131426656,30.03091449859965,0.45435554789253935,-0.00020335398256026555,0.04,1,ENERGY_WASTE
0.3531880103323989,0.03093077743798558,-7.593419576263288e-05,224.88078888284315,2.002335458741029,0.003932495140000887,30.031834930783347,0.507088597761803,0.001386832459140035,0.6733333333333333,0,NORMAL
1.1320514384740723,0.16085841200315767,0.0031563455071572447,224.09477028452014,2.6581564833063513,0.0069190227725827455,41.73665651997521,5.148581726984367,0.11672487728489726,0.64,3,OVERLOAD_BLOCKAGE
0.4897169794790011,0.08908390009018308,0.0019111713350588866,224.87735193656403,1.890914219438639,-0.0018587642489013578,35.49898801709413,3.261005550163993,0.07413806334497824,0.62,2,BEARING_WEAR
0.5227683028349991,0.10140601226705365,0.002226185362934803,224.944277659824,1.947153124492766,0.0006667624647211727,33.60105009502007,2.191248205800234,0.04901092572209492,0.6666666666666666,2,BEARING_WEAR
0.35140237390502715,0.02994799511802755,-5.9281823367569746e-05,224.98735532963116,1.8727231243317428,-0.0009242404786131714,29.92732905709899,0.49487222561375765,-9.140020520919398e-05,0.62,0,NORMAL
0.34552138135162985,0.030544026948377843,5.2608808031198736e-05,224.90597610437064,1.9258725523224067,-0.007658633884864315,30.038879101783895,0.5517852225681502,1.0826369109628703e-05,0.5466666666666666,0,NORMAL
0.3488453842304574,0.17084719915875574,-0.0001929037258098798,226.6651086121395,9.33801630044172,-0.018592125640009942,29.928556719311008,0.5323573943832565,-0.0023124773423022433,0.42,5,INTERMITTENT_CONNECTION
0.35296223956258044,0.031176470815226797,-4.005919955527341e-05,225.0809809327833,1.8209980509367174,0.003909146361051352,29.957656702161295,0.5050987207266026,-0.00088488505671975,0.6133333333333333,0,NORMAL
0.3460984563792806,0.029012626646365877,2.922226235133708e-05,224.8895519592136,2.0307910241155955,-0.00717005931910688,30.049272681336777,0.4881652443858164,0.0015997428118869235,0.66,0,NORMAL
0.5114965514068022,0.09839263980206789,0.002160319984534215,225.15247463616387,2.020743401600059,-0.0008477015335762869,34.03695583197904,2.480604874655489,0.05546460091966762,0.6666666666666666,2,BEARING_WEAR
0.3497232681683143,0.0330560992988933,-6.824429201402904e-05,225.0412567364804,1.9215792490349086,0.0023219100362272204,30.053650902780767,0.5135294470526863,-0.0017753196461806587,0.5466666666666666,0,NORMAL
0.3489049817404411,0.03218290611138243,-0.00013103504575477434,224.96532545178653,2.0359493925092265,0.0017361351750070702,29.974454025533888,0.5273529536829232,-0.0014757112860095544,0.6466666666666666,0,NORMAL
0.4710310748899592,0.07583261237999836,0.0016394401267922779,225.04160500852237,1.9111132894043799,0.005496888565704793,34.961981347235344,2.917869837291244,0.06607720047155125,0.64,2,BEARING_WEAR
0.3495058740624927,0.029968500525348257,6.177158603694055e-05,190.43569779519012,3.1547132778972973,0.003805244026363803,29.95997702423482,0.4507152931662781,0.00021867302689437766,0.44,4,SUPPLY_VOLTAGE_FAULT
0.3552900307743908,0.19551090573038257,0.00042590402114797156,225.79626174173885,9.002016329837227,-0.015331690028178637,30.00539579327341,0.508472367508597,-0.0018652590882500342,0.5066666666666667,5,INTERMITTENT_CONNECTION
0.4459365692053451,0.042317480336078586,-1.5074614725540531e-05,225.0131033531366,1.8947508953604018,0.002998087327515904,30.053865531803677,0.5015674280717337,0.0006435214320420379,0.05333333333333334,1,ENERGY_WASTE
0.5126466961564624,0.0996158452711986,0.002191605373276,224.85360625336762,2.1997964118211195,-0.001896628117246302,33.06301191493042,1.7703136528337313,0.039025515657985725,0.62,2,BEARING_WEAR
0.3491707928551697,0.031761361339338955,0.00011657266932955388,185.82708365711278,3.0874216074744525,-0.00408182129732506,30.03253456783388,0.4681196007818582,-0.0005230765125737582,0.48,4,SUPPLY_VOLTAGE_FAULT
1.2013463589634614,0.20144289940640048,0.004209680752054778,224.01983708333796,2.4263519684866592,0.0009316630053338379,42.977251960851504,5.854997330457635,0.13341089890127716,0.66,3,OVERLOAD_BLOCKAGE
0.34512664183782865,0.1672828249553234,0.0002547563388667514,224.72731420545398,9.720481149589176,0.030417726625006972,30.075082723610716,0.4887075736030117,-0.0007780925609822595,0.44666666666666666,5,INTERMITTENT_CONNECTION
0.3523537476803486,0.02751384956410202,2.2474968229430163e-05,224.88132850834944,1.8609916142478533,-0.004923356135333691,30.027796018574215,0.4678558437113619,-0.0011790320038041829,0.62,0,NORMAL
0.44354268818728315,0.036615050035457286,1.584741610703056e-05,225.00935718277196,1.932741775844855,-0.005093330844059778,30.029965314981638,0.4906522830194981,-1.6220269609566843e-05,0.04,1,ENERGY_WASTE
0.3490720644578943,0.028491805345306077,6.554680002461832e-05,225.17245106241742,2.1553943706473753,-0.007753116668993091,29.983405668843243,0.5392275274292675,0.00011925599257297364,0.5666666666666667,0,NORMAL
0.4488610391383105,0.03899965673093548,-3.1012291142448726e-05,225.0917496816651,2.065212899266304,-0.004407640106935354,29.958234353967963,0.5772535063987072,0.0005982815273388009,0.02,1,ENERGY_WASTE
0.3515537742381102,0.030751598178056748,4.4626077360713195e-05,192.651012896305,2.7801147637025814,-0.005587591837263652,30.02432045151619,0.504433402811803,0.0007240249200610443,0.56,4,SUPPLY_VOLTAGE_FAULT
0.36939702573260214,0.19656581368900408,-0.0005786329316316712,225.27224059063195,9.149280511039233,-0.014110711881186686,30.00815442456038,0.47787658916470294,-0.0004304709177275196,0.48,5,INTERMITTENT_CONNECTION
1.103763046533968,0.14394036151904346,0.002727524644122234,223.77980066121538,2.42339242272128,-0.003990771097580634,40.53727481139748,4.4798754074573,0.10102643748600545,0.62,3,OVERLOAD_BLOCKAGE
0.4485781993474904,0.03510139359439137,1.692741643113609e-05,225.3814109149503,1.8908665652421153,-0.006710542577961312,29.886083068684094,0.4340870549615794,0.0012339490923583332,0.02,1,ENERGY_WASTE
0.382107535876027,0.1600984278996272,0.0003548777350740961,225.6728029657474,8.995191832470075,-0.01704669200650833,30.05969093894016,0.49446904749660164,-0.0010189672947818408,0.49333333333333335,5,INTERMITTENT_CONNECTION
0.4505049333085943,0.037330133094060504,-6.864556890793982e-05,224.95926316542375,1.8468789793858584,-0.000814722356949473,30.042149864781937,0.47232282894332617,0.00023124112773048784,0.02,1,ENERGY_WASTE
1.1288520656292347,0.14289615043951756,0.0028210136411032194,223.9536451455357,2.4820669286585937,0.0010466208728646916,41.04672285452799,4.592451517175716,0.10354445971013547,0.5866666666666667,3,OVERLOAD_BLOCKAGE
0.3542408204571654,0.18452225108020892,-1.570569817527911e-05,224.8617316473578,8.852252617911326,-0.0029250127828800315,29.97621209739721,0.4435322954426864,-0.00021369850396784485,0.56,5,INTERMITTENT_CONNECTION
1.1602004229525478,0.17458955500791118,0.0036201499245816426,224.14233187828106,2.5100561198913987,-0.005916277464365268,40.78530064329675,4.519227117663584,0.1018049212219155,0.5666666666666667,3,OVERLOAD_BLOCKAGE
0.48074447531139136,0.08197604515228697,0.0017531362743460903,224.83552045663245,2.1897303374770676,0.0018560999033710181,35.43179955951284,3.1091147257136695,0.07050480893032542,0.6333333333333333,2,BEARING_WEAR
0.3546942571558336,0.16936975631019394,1.2168128209268447e-05,224.49992879166103,8.52914768944477,-0.0003833617446371388,29.956458591843244,0.5186606349330504,0.0006300573082647716,0.49333333333333335,5,INTERMITTENT_CONNECTION
0.3527913774462772,0.0315159823114054,-7.254242454127128e-05,225.04823149544575,1.7052507418862308,0.00603343699623426,30.01903625749254,0.5349307513653739,0.0015441009203498242,0.52,0,NORMAL
0.3465532232578183,0.0308280966947583,-5.398904056956566e-05,188.3984994248029,2.809499400236084,-0.0010169419227089565,29.965684634036176,0.54283799593177,-0.00010221838704243923,0.38,4,SUPPLY_VOLTAGE_FAULT
0.347040748129554,0.02822172699216406,-2.1960604547590465e-06,225.01282485223763,2.1078573310045057,0.0025559025760813116,30.006878405914623,0.49009122818431067,0.00010191521723543857,0.5733333333333334,0,NORMAL
0.4502643611858155,0.039728932993050824,-2.734083742320923e-05,224.90074957867608,2.007234779070982,-6.42519889086793e-05,30.073917616551437,0.5095765010814126,-0.001071859511731915,0.03333333333333333,1,ENERGY_WASTE
1.2872346808815567,0.23793026476628953,0.005187403975512597,223.94944639609642,2.319117355593754,0.0002948154640407823,41.22170754000789,4.916252028011101,0.11174495226294988,0.6266666666666667,3,OVERLOAD_BLOCKAGE
0.37201376941469183,0.1870761614895989,-3.46940740206562e-06,224.65653803986478,9.40429809427114,-0.00624522940855002,29.989795405536825,0.48384061551557994,0.000874250652954169,0.44666666666666666,5,INTERMITTENT_CONNECTION
0.35076062900568494,0.028116674989212925,3.8771516489438e-05,224.5715609779506,2.118422274485953,0.005024958098021398,30.000046127753475,0.42818744525621383,0.002648469935531727,0.6466666666666666,0,NORMAL
1.1981264027050404,0.1954723426011101,0.004137738969278197,223.94589936448034,2.384271386897229,-0.0038143174027892904,41.82985598292262,5.297263455234768,0.12034901401922252,0.58,3,OVERLOAD_BLOCKAGE
0.3476720330206209,0.03055895600339707,-6.139756350827652e-05,225.0437652798468,2.0782654878739057,-0.0021134063091953594,30.04051470754736,0.4856063356046583,0.00021163516093143485,0.5666666666666667,0,NORMAL
1.1008668037358669,0.13997328069708084,0.002637146488331297,224.0052793184994,2.5300967460664716,-0.006195323375401851,40.44377396242014,4.564714111622702,0.1026080576217443,0.5933333333333334,3,OVERLOAD_BLOCKAGE
1.281925520904596,0.22951864409338926,0.00494029754500399,223.83368588522134,2.2632440658719304,-0.001564868289480715,39.209121838492976,3.9428862253553105,0.08789582336171164,0.52,3,OVERLOAD_BLOCKAGE
1.2780003183573407,0.23097105960191253,0.005004013465648758,223.6327691458624,2.7293669721680427,0.0077693167202589975,40.99695399158084,4.892551836881628,0.110618636773992,0.56,3,OVERLOAD_BLOCKAGE
0.33912357705823404,0.17471648098091042,-0.0001503295408688509,226.50400952939574,9.378346863797356,0.013796036922823577,29.982385864313475,0.5244199399178104,0.0004927898049414934,0.5266666666666666,5,INTERMITTENT_CONNECTION
0.5007852779718374,0.09122837930130433,0.0019850241585061025,225.1908757839432,2.072567193407716,-0.0018676984604590104,33.667452850383754,2.2450255482643238,0.050045376404843904,0.5466666666666666,2,BEARING_WEAR
1.209402238443905,0.19959429777583954,0.004291984115981096,223.97419581546143,2.475794042655295,-0.0005671720308860849,42.83608497966557,5.757602070908625,0.13114014289049208,0.58,3,OVERLOAD_BLOCKAGE
0.3546195383585172,0.02763390677399846,-6.827199984901873e-06,269.1741368484582,2.8409298447619475,-0.00265706939230273,30.022763981424852,0.4937962070843647,0.0010400848046772785,0.43333333333333335,4,SUPPLY_VOLTAGE_FAULT
0.3506629802430002,0.026549447587138626,-2.4390308127972788e-05,225.09964875417882,2.311607506991226,-0.003507474446293404,30.02116228412713,0.47072450058800086,0.0005839608095825138,0.6533333333333333,0,NORMAL
0.3474227747584134,0.028758237121843132,7.331007498439467e-05,224.93363172892757,2.0396768682064126,0.0012812589480614381,30.043408130737134,0.5062215596033288,-0.0009337103185096993,0.6,0,NORMAL
0.35122946175229963,0.028182121937979702,3.661583043751062e-05,225.05992625284523,2.043396735806844,0.0035853504559403733,29.999316145693932,0.4952147839662592,-0.001180205002910134,0.5866666666666667,0,NORMAL
0.3472737799425782,0.02933217350908048,9.348429708652127e-07,225.00429172313218,1.900121741604668,0.008276393357952237,30.049220783545593,0.5695554979705609,-0.0006879426098729642,0.6666666666666666,0,NORMAL
1.1789434632258127,0.18050927149285648,0.003763369207867377,224.163054491561,2.2726427378478933,0.004155890087178653,41.91507672280209,5.080842786164109,0.1152344968645183,0.5666666666666667,3,OVERLOAD_BLOCKAGE
0.348296045525901,0.027107057212900652,4.626109480563135e-06,225.0072662899422,2.048505250278018,0.0025990086322784374,29.975798679607774,0.4669478373268153,0.0002386955865505884,0.62,0,NORMAL
0.4466191723906904,0.043105694260783006,4.6904784600928175e-06,224.86883423194226,1.8263766482988597,-2.583662431063522e-05,30.004150903611244,0.5465203907029883,-5.539482408038503e-05,0.02666666666666667,1,ENERGY_WASTE
0.3525616645242905,0.031630198012523904,1.0444945355620681e-05,225.12937117339428,1.8439914872938905,0.004880281215802758,30.015298661378402,0.49269420672139275,-0.00032479350036380674,0.5533333333333333,0,NORMAL
1.2260196081096095,0.21473214940564694,0.0045663911009127455,224.32613046820725,2.3352608163277444,-0.002302703529713291,39.28968483431921,3.6809779910221083,0.08174844328051929,0.58,3,OVERLOAD_BLOCKAGE
0.3484630944016247,0.0299193268838978,0.00014360947896580617,192.1573209055437,2.997220840631895,-0.000959533984743679,30.056253405539593,0.4365903290800066,3.0041866362200387e-05,0.5133333333333333,4,SUPPLY_VOLTAGE_FAULT
0.352913380831743,0.17716459462738351,-0.00021235550368210848,224.45333035462346,8.604413202707333,0.0006989032283372063,30.031946258538827,0.5122116123123097,-0.0004965576461235311,0.4866666666666667,5,INTERMITTENT_CONNECTION
0.3333722961864205,0.17250704341681433,-0.0002130818116610627,225.1048218584419,9.32787509501393,0.0171852935628495,29.94529915290716,0.48897069787555925,0.0005979678197916134,0.56,5,INTERMITTENT_CONNECTION
1.1853446657155886,0.1945344324031164,0.004021717287542655,223.90290289968442,2.2722220247468354,0.001807718444930223,39.99052320232735,4.196285337065647,0.09446861074173736,0.6066666666666667,3,OVERLOAD_BLOCKAGE
0.3476933548338861,0.030775211925399223,3.669602768015314e-06,225.33419887037007,1.94007806400814,0.0006750902851418673,30.041995474170946,0.5070191056461011,-0.00013612255378436978,0.5866666666666667,0,NORMAL
0.35017097395697544,0.02977476384610714,1.6561542196535573e-05,224.75253008078542,2.0418445754914014,-0.002892594728377771,30.058404943643435,0.4914835987991749,-0.0008172698541942971,0.5466666666666666,0,NORMAL
0.45755027579820157,0.06371244516074195,0.0013081990174478046,224.92398220715904,2.1743279241557008,-0.0003613003905411908,35.1779050620805,3.042843449749153,0.06880456488662709,0.5866666666666667,2,BEARING_WEAR
0.45518865956011195,0.041191994411801554,1.3817779154752231e-05,224.96730466437486,1.8338584877177828,0.002360727602190207,29.995869161513415,0.5202310678227046,0.0014227911130215197,0.02,1,ENERGY_WASTE
0.3500542673517157,0.029319624438137838,0.0001185704464676107,224.8605533477951,2.092535239673541,0.0003133013799992928,29.93671752340569,0.4970852756522829,-0.0017781190405655374,0.6266666666666667,0,NORMAL
0.3485912115874159,0.0287472029633107,0.0001218497342686245,224.88337323841827,1.9409711912387517,-0.005164852877131553,29.964578705758054,0.5117862501868984,-0.0005925390910268769,0.5933333333333334,0,NORMAL
1.1272431702872587,0.15744656601386323,0.003139492183746169,224.19857290024734,2.465810369252908,0.002580336858298266,39.53729114501299,3.8609736037299656,0.08573261376283128,0.5733333333333334,3,OVERLOAD_BLOCKAGE
0.3314735880578768,0.16862914406559634,0.0004463570757896627,225.13321051675723,8.074707665688825,0.024888533462224787,30.035613675602846,0.5146972957716776,0.001293509016259112,0.5533333333333333,5,INTERMITTENT_CONNECTION
0.45075535464956074,0.0406750484101615,0.0001002351579689135,225.0535627684885,2.0150464680818994,0.0009825241451351014,29.974188244088953,0.5180042406964794,-0.0005096940481859782,0.04,1,ENERGY_WASTE
0.4451623389857635,0.04141590478440677,0.00011656513247850442,224.94685886688015,1.7916202575187694,-0.0028818968668169933,30.00031222580253,0.49762136355794806,-4.3633094848330376e-05,0.02666666666666667,1,ENERGY_WASTE
0.43822143781975154,0.05313690818211298,0.001046172612368832,225.1228465781972,2.0811142231342927,0.001022135743851007,33.10669011174272,1.9560309600222616,0.04283651742037343,0.6733333333333333,2,BEARING_WEAR
0.350761578636825,0.03084162917816466,6.817336850672498e-05,266.29980820402875,3.1888210110840918,0.007044905683868857,30.010577770170293,0.41858527718066413,-0.00015867707339363064,0.47333333333333333,4,SUPPLY_VOLTAGE_FAULT
0.4754267394382411,0.08017169007440522,0.0017137156191376825,225.04951018502052,2.1502344445375274,0.007410609312221762,35.68818186133547,3.3364889750853113,0.0757709142128154,0.6066666666666667,2,BEARING_WEAR
0.36786823358036674,0.16782193177220273,7.092436407567156e-05,224.08204979202284,9.213329117098333,0.008492668200819264,30.006401710140327,0.5273507339605857,0.0008820433765211065,0.4666666666666667,5,INTERMITTENT_CONNECTION
0.34322560466002217,0.031152655062988914,7.488969735132468e-05,225.06172958665883,1.7871118712934295,-0.0022660218461625845,29.93401103956562,0.469253560858124,-0.00023457471219815457,0.5933333333333334,0,NORMAL
0.34985736321264843,0.028472161446861616,-8.606259942260968e-05,225.12369488351766,2.151232729605804,-0.0012112645311326991,30.029433951860828,0.4846181229061658,-0.0009858920754384996,0.6266666666666667,0,NORMAL
1.0940706823725896,0.1412030580566434,0.0028364361441329117,224.0944779732302,2.562236721088023,-0.0009614961923089585,40.535304213518806,4.503666384579918,0.10169531275323221,0.5466666666666666,3,OVERLOAD_BLOCKAGE
0.44963128020141063,0.04026866815814439,-1.3642174032156115e-05,225.0234041404815,2.004330981686189,0.006699874585002709,30.025776315566702,0.5007483317197013,-0.002196260379195955,0.03333333333333333,1,ENERGY_WASTE
0.35510224120369305,0.028204853506059308,-3.583043456238851e-05,268.5173040799755,2.8992960065917575,0.00018621927458120443,30.01206347836098,0.5132248172405816,-0.0006156242268963497,0.5133333333333333,4,SUPPLY_VOLTAGE_FAULT
0.513415061111247,0.09928125164402946,0.002166141034770836,224.99694779620089,1.9913028028323279,-0.001344957653311906,35.84285949844331,3.4829171522025795,0.07938569013290238,0.66,2,BEARING_WEAR
1.1945735817121017,0.1881678505434242,0.003941463650172671,223.8387849508598,2.612397399091005,-0.0073948616873354845,41.47252243193011,5.0435408747913595,0.11406460151721207,0.5466666666666666,3,OVERLOAD_BLOCKAGE
0.3521624549596452,0.030054135076858873,1.576565658214293e-05,271.1642101725704,3.1195653195456643,0.002896060092630927,29.959938230647452,0.492956488666392,-0.0009883782628288692,0.5266666666666666,4,SUPPLY_VOLTAGE_FAULT
0.3502374679075358,0.03290051813594527,-2.993905032652015e-05,224.83593986997874,2.0691052016225946,0.005641991869786848,30.01421359759576,0.552148294010338,0.0003428469751699936,0.6133333333333333,0,NORMAL
0.3490555969742429,0.03031752502663254,-2.307909716322704e-06,274.50983081917894,3.075814993310431,-0.005040901782050314,30.07610398650937,0.4804842290089204,0.0013639200827250538,0.4866666666666667,4,SUPPLY_VOLTAGE_FAULT
0.5234760058801269,0.10744970164702768,0.002393943737729936,224.92979054245473,2.092388933345251,-0.0008971603628948048,33.978390170673336,2.3908519028129795,0.053323020370667544,0.5933333333333334,2,BEARING_WEAR
0.4491452160897118,0.041426338680347057,-1.2430677813621385e-05,224.63157803353903,2.116190347433248,-0.0005839866173581274,30.013850436213808,0.4867225032758169,0.0007890069959164604,0.04666666666666667,1,ENERGY_WASTE
0.350112709881527,0.033335245753671174,-7.97027825670273e-05,256.87496702246864,2.980399799054407,0.0017307682748603003,29.995970929887406,0.5094906334272302,-0.0003663626250029433,0.52,4,SUPPLY_VOLTAGE_FAULT
0.34839201349084453,0.03370378039310945,2.290962873258761e-05,178.8155716494685,2.7947605642014715,-0.007799586509400356,30.032877951704133,0.4978109334608053,-0.0014932360104893269,0.5333333333333333,4,SUPPLY_VOLTAGE_FAULT
0.34926367739277614,0.027240004447382858,5.3654805412388135e-05,224.89302357608074,2.2625505853668435,0.0033548006481063258,29.960714301484035,0.4985380982461728,-0.0001574462913601809,0.5866666666666667,0,NORMAL
0.45406410154621296,0.04300899313515934,5.40475959185475e-06,224.82826559498076,1.9861486838678126,0.0012021489812375455,29.920917315634227,0.5203220768118904,-0.0005065140459216188,0.03333333333333333,1,ENERGY_WASTE
0.3483971031723719,0.02838590970638217,-2.5364711819415412e-05,225.10976855376794,2.143010742390854,-0.0006061961557507573,30.09071434175615,0.42755846111904916,-0.0009362414277415921,0.56,0,NORMAL
0.4503946936754153,0.041203618492371974,4.07387044657153e-05,224.9797668779234,2.002333612926076,-0.0004402488136794218,29.94981258951076,0.4805182018527922,-0.0007151574912610261,0.02,1,ENERGY_WASTE
0.34883551074865854,0.03178129200209496,-1.2336172260060772e-05,179.86018196565365,3.164608439362665,-0.0006538411107058362,29.93630985153819,0.48416751597916624,0.0009920073715796892,0.5066666666666667,4,SUPPLY_VOLTAGE_FAULT
0.3516253565116283,0.031743476090171356,-7.058659707415542e-05,192.69388615636382,2.9743364703141677,0.0018822761724670005,30.058574179413057,0.5005747450668756,0.0010233190004119452,0.4866666666666667,4,SUPPLY_VOLTAGE_FAULT
1.1080944072152634,0.13299423850707767,0.0025493449157487,224.24540319828617,2.5967328571993438,0.0012551174598826736,40.40328075173871,4.466286862397596,0.10045665716803842,0.5733333333333334,3,OVERLOAD_BLOCKAGE
0.447615443341892,0.06607417340005303,0.0013499765153071345,224.89573596074274,1.903930729542918,0.004689847544327466,34.91777630933591,2.8394518695487565,0.0640109927055248,0.5466666666666666,2,BEARING_WEAR
1.1880843833476047,0.19125779044059374,0.00404948469689945,224.04426438819752,2.4312091767699484,0.004156967400841425,41.537526298294736,5.139601467479678,0.11616920476972997,0.5666666666666667,3,OVERLOAD_BLOCKAGE
0.3373903756877639,0.17577090345880728,-8.09813653931482e-05,224.9807914916287,9.283745850818974,0.02130983374722492,30.10942514735149,0.5154841486253161,-0.0001730051207755937,0.44666666666666666,5,INTERMITTENT_CONNECTION
0.34772810768509477,0.17731055607692703,0.0003523800726356004,226.91883416691542,8.141162348771452,-2.3572792819462313e-05,29.968640231469077,0.5155645901285205,0.0001247831125401515,0.54,5,INTERMITTENT_CONNECTION
0.36560285470797826,0.17393289274247498,-0.000266947235354131,224.7416239666929,8.86505901451261,-0.01023922792269761,29.952104254273465,0.5203958819489621,-0.0004269874467584389,0.4666666666666667,5,INTERMITTENT_CONNECTION
0.45329019282115485,0.04112581260655458,2.480334329928347e-05,224.89627753198545,1.9613728868372282,-0.0008950164554640293,30.008292793990076,0.5036734315468604,0.0008150930105862042,0.03333333333333333,1,ENERGY_WASTE
0.44531746053671556,0.06448684001881229,0.0012978984089155722,225.05179441916226,1.8981670100410615,0.0036193912972930734,35.00325924455532,2.949646647643706,0.06665195008548301,0.6,2,BEARING_WEAR
0.3550709477592584,0.029929567245883793,3.1767019099657995e-05,224.90001949996466,2.088954509057565,0.00142464345572237,29.973459031399248,0.47680694660765116,-0.00044381640953904583,0.54,0,NORMAL
0.3499052764886358,0.030728072068728882,3.135673536650749e-05,224.947242306775,2.0051512923636565,-0.004298682295548039,29.959804299547397,0.49865008907575864,-0.00030870431041882094,0.5866666666666667,0,NORMAL
0.3586072510640931,0.1772160858285478,0.0002933603106776756,224.9282850605972,9.076727977603461,0.009907509027379274,30.00979196647192,0.48301571165227497,0.0004535640397368091,0.44666666666666666,5,INTERMITTENT_CONNECTION
0.34921537848521067,0.030360963228352807,6.382481120745142e-05,224.88499583118713,2.141614831895331,0.004596742218949279,30.029806986235926,0.5133294024570918,-0.00020289419331303077,0.5466666666666666,0,NORMAL
1.1527092450084286,0.16894566670453368,0.003469952654940387,223.71712100826244,2.4537794440210052,-0.005290780575279843,41.23918118486848,4.9165467499671465,0.11113593728997549,0.6066666666666667,3,OVERLOAD_BLOCKAGE
0.35103537816106906,0.03207180731843456,-2.949931821928301e-05,192.67046172385355,2.5703014118174776,0.0023643701442748227,29.975501370295277,0.5097203613492522,-0.0006560838665028515,0.56,4,SUPPLY_VOLTAGE_FAULT
0.3507002704342162,0.030385722671813664,-3.741446080279333e-05,225.27387922979912,2.064290076836835,0.0038648320032599777,29.97729214077032,0.4904609984384641,-2.3894307782539623e-05,0.62,0,NORMAL
0.4470726753162451,0.04203158907499976,-5.761208744737765e-06,224.91318709225345,1.9367286651459266,0.003874074704960939,29.972506645116603,0.5381837932419881,0.00036829282209990913,0.05333333333333334,1,ENERGY_WASTE
0.4520153519701529,0.04037681407484702,3.894444498165903e-05,225.04799650529745,2.0194603164229377,-0.002336246310326998,29.996844945471253,0.531427715699782,0.0005399020946767491,0.04,1,ENERGY_WASTE
0.34626047253576775,0.032078355292749924,-1.5980070456100114e-05,224.94209448946214,2.0256295105661746,0.0023582639630770476,30.01105996067214,0.48051510058866415,-0.0013450231189474087,0.58,0,NORMAL
0.37023518136029365,0.1854577942964361,-2.0982433157282677e-06,225.19412430748184,9.402984355065824,-0.018763190403094987,29.97347899338775,0.4633411989374496,-0.0006879475219819777,0.48,5,INTERMITTENT_CONNECTION
1.2312251563115866,0.2118521312817646,0.0046150061092666995,224.13905865652777,2.3932246235915144,0.00017497745962661353,42.8183049628862,5.7009730392424895,0.12957483175467246,0.64,3,OVERLOAD_BLOCKAGE
0.34688254073045927,0.1902792974936409,-0.0006779036041836815,225.16380267813594,9.149236813837575,-0.018286527773290127,30.026787530594643,0.5108040696347489,-0.00026451615614751805,0.52,5,INTERMITTENT_CONNECTION
0.34724258191377877,0.028017526104907334,-2.0617837545445903e-05,224.805504625066,1.9528824464397532,-0.002865864922492782,29.97543887317337,0.5375904734965025,-0.0007956116419686282,0.62,0,NORMAL
0.33297785664098245,0.15538205058098176,0.0004096701405647392,225.7993349006373,8.428711260607159,0.0002919281418818718,29.975483239525087,0.510381275747395,0.0003631284958801789,0.56,5,INTERMITTENT_CONNECTION
0.35475299441848,0.02855665628298782,-5.3535836254191035e-06,225.31481435136817,2.0270793438012613,0.002368457373892328,30.088914080884514,0.547755779726265,-0.0017690456155715877,0.5333333333333333,0,NORMAL
0.34959597295289235,0.18344705254778337,0.00019058373534397343,225.62377404445627,9.272050234899242,0.015786534169113187,30.0102363910328,0.4768826710847289,0.00044036496504992084,0.5733333333333334,5,INTERMITTENT_CONNECTION
0.3506083932962672,0.1658315861594296,-0.0003061172638602076,224.17373798323396,9.33109486077315,0.0034626072617893037,29.9946996436844,0.4910422561458857,-0.0001750995340776845,0.5733333333333334,5,INTERMITTENT_CONNECTION
0.44775645868147557,0.03488652730147188,1.8517090600461333e-05,225.2222893109598,1.9013959805475316,-0.0010094078037126356,29.98588300730834,0.541283775108385,-0.0009384303277017848,0.03333333333333333,1,ENERGY_WASTE
1.1972442405264405,0.18663664186468593,0.003930679400653949,223.95837292031706,2.473459801613862,0.0027621459037089867,41.82403717361665,5.295544550342206,0.11982616084309423,0.64,3,OVERLOAD_BLOCKAGE
0.4508880318639694,0.03875363106456864,7.243965728866404e-05,225.12505947414442,1.9126806139081771,-0.003147464267324319,29.954265817005933,0.5353510552977433,-0.0002542349390595934,0.013333333333333334,1,ENERGY_WASTE
0.35189563680303926,0.02684402256026208,4.6802458932985354e-05,175.94524128977184,3.061345491568576,-0.0026550710295709496,29.97512638308349,0.5355621988854619,0.0014008269860354768,0.56,4,SUPPLY_VOLTAGE_FAULT
0.3600127227369713,0.16264716708855714,-7.578676251557748e-05,224.48041561906783,8.968851300987168,0.03452589967616566,29.971204061113035,0.5073165619675456,-0.0004570245679424649,0.47333333333333333,5,INTERMITTENT_CONNECTION
0.34848231808226493,0.02558706256738506,-3.489458658453024e-05,224.93686317850924,1.9974175567416421,-0.0007330808102080901,30.01303504555411,0.4973864371375133,-0.0014973143871654495,0.6133333333333333,0,NORMAL
0.34976710191529803,0.029989592411259345,3.2159930123914273e-06,192.0362808951708,3.1669666046683465,0.0031874562464005306,29.93229283189179,0.46429712076036433,-0.00010237481846582996,0.5133333333333333,4,SUPPLY_VOLTAGE_FAULT
0.5073350644318348,0.09038367044608557,0.001998226088825234,224.8760472558453,1.9782313363083832,0.002532691539427828,33.44222130978166,2.084383862660946,0.0463402784589784,0.5666666666666667,2,BEARING_WEAR
0.5130746507521725,0.09431760526524342,0.002075304282740647,224.93919236730542,1.8054702048626452,0.006449201621660242,35.72036895804031,3.3691590368113977,0.07647907583949153,0.6066666666666667,2,BEARING_WEAR
0.34941720919021546,0.031452798450600825,-4.8254397522482335e-05,271.6618767793041,3.1148663897735718,0.0054013316519088235,30.02625973292186,0.48617005379286227,-0.0002734451392455266,0.47333333333333333,4,SUPPLY_VOLTAGE_FAULT
0.35001092447323806,0.02870910338513215,-8.443526163430119e-05,224.62880013106349,1.863342888367288,-0.0036565706843454658,30.00111839435005,0.502504601637311,-0.0011978287502462412,0.6533333333333333,0,NORMAL
1.2164169665341211,0.20480922309175575,0.004372844941960253,223.77214117575457,2.665087634552925,0.0020752811536711513,40.021113755902675,4.1928087900945625,0.09406097278098509,0.6133333333333333,3,OVERLOAD_BLOCKAGE
0.3467516999942793,0.027730973313667646,2.9931950963358205e-05,181.3665348485873,3.0126210312101898,0.005154738257835721,29.982417082800815,0.5207444950204119,0.00046619038923842747,0.49333333333333335,4,SUPPLY_VOLTAGE_FAULT
0.44558251209204097,0.04088166791242502,-5.2977701598992354e-05,224.90353005385515,1.9628849207575505,-0.0004189640064327802,30.016931811739244,0.516660731600326,-0.0022394868520800764,0.03333333333333333,1,ENERGY_WASTE
0.3530739867495387,0.030260324869325755,7.905615315554827e-06,185.34458032459776,2.85935505503293,0.005146977268243399,30.000886630891,0.4576187706948335,-0.0013328531081810624,0.5133333333333333,4,SUPPLY_VOLTAGE_FAULT
0.3516172077311532,0.168693061831246,-0.00015552239086459116,224.9708164615373,8.470124875064824,-0.003046995631190138,29.95955587851155,0.5107347100328781,-0.00013815390364776853,0.4666666666666667,5,INTERMITTENT_CONNECTION
0.4331106850903399,0.054709472344728956,0.001067557015746368,225.21501248440507,1.9730467767132078,-0.0012663284577016543,35.24051116876201,3.1860708597628298,0.07228705473393934,0.62,2,BEARING_WEAR
1.2651872260445016,0.23262661492429137,0.005120863413873257,223.9686981178241,2.356554751724322,0.004443236944768776,42.26120069428739,5.474295731706408,0.12432829587249686,0.58,3,OVERLOAD_BLOCKAGE
0.45079391221561915,0.04031603179354378,-0.00013676419259758753,224.9029059195665,2.0496524796849824,-0.006447311681640663,29.968520789863152,0.5185513309256089,0.00047438430407003283,0.06,1,ENERGY_WASTE
0.34607782264404546,0.17733398267318284,-0.0003104848869611219,224.97676373505485,8.78507401271903,-0.01805153353849313,30.030677269876843,0.5005707735722962,0.00036115474009814665,0.44666666666666666,5,INTERMITTENT_CONNECTION
0.3644179389647122,0.1707299146844132,1.919170132394133e-05,223.70050656838774,9.147527710895766,0.006148717644814148,30.001000134029212,0.5409785711985704,-0.0003151389492851972,0.5066666666666667,5,INTERMITTENT_CONNECTION
0.44598072119684873,0.04054176919494076,1.619084011409124e-05,225.1610968208478,2.021629001334176,-0.0006425640515083134,29.976951417158215,0.4938499913751832,-0.0007620835207052206,0.02666666666666667,1,ENERGY_WASTE
0.43365867755961657,0.060754174793595836,0.0012226430430981555,224.95611196655886,2.1007996578243215,-0.002397985299522156,34.11867299712182,2.5274999549737545,0.05652128873871173,0.5933333333333334,2,BEARING_WEAR
0.45050400780525685,0.03554919105734158,6.816304180817472e-05,225.067171849656,2.160011982767749,-0.0016182150884102378,29.92270923746361,0.46718465880086846,0.001607427360926131,0.03333333333333333,1,ENERGY_WASTE
0.35011586812567996,0.029982571607054424,-1.2972103807853574e-05,225.0423254072025,1.8773710237283194,-0.00204751630270958,30.069668922801405,0.5263509704181079,-0.00011304175586668718,0.62,0,NORMAL
0.3402176561852565,0.17599771713815646,0.00016957951342480367,225.3770260200375,9.707395118043086,0.015826302510261302,30.026167235739013,0.5197136199486079,0.0005050318390082798,0.52,5,INTERMITTENT_CONNECTION
0.35070078681441286,0.031246280089678734,-3.643995018753618e-05,259.85875536867485,2.6170786031434017,0.010532372550603394,29.971870886198023,0.4864069076217174,0.00042208662046629543,0.46,4,SUPPLY_VOLTAGE_FAULT
0.3440741718533335,0.03004656549541189,9.337919533484826e-05,224.99979851082628,2.0599090573118275,9.977998996745784e-05,29.9703765453093,0.5205996072696754,-0.0013115453646122203,0.6,0,NORMAL
0.3527029108745831,0.029187245588419255,7.859067937795678e-05,194.65587399879132,2.9640698624962303,0.003470981929144248,30.0127272736816,0.5142245588815229,-0.0015170707980135037,0.4533333333333333,4,SUPPLY_VOLTAGE_FAULT
0.3468253384061287,0.19007013329810635,-0.0003690099988007748,224.77644941310282,9.749319434173563,-0.010626902947330869,29.997217585400644,0.5143027848902066,6.393403698494228e-05,0.5,5,INTERMITTENT_CONNECTION
0.44891371935929225,0.03972250757442715,-0.00017521765779186023,224.87337326211136,1.9090741604253,0.002467840294982384,29.963155170216062,0.5270136268802537,0.0007262589813751128,0.02666666666666667,1,ENERGY_WASTE
0.34999527218883236,0.03035388986847757,-3.3352296766043104e-05,185.82103560442735,2.6750308091492774,0.00221408142062204,30.03773641234967,0.5005915954522503,-0.0008804423312741665,0.52,4,SUPPLY_VOLTAGE_FAULT
0.4296326263211942,0.05385185397982327,0.001012458055754087,225.2250738390666,2.2410731852765893,0.005531971084123367,35.96172271991427,3.4323529622284514,0.0780129798425334,0.64,2,BEARING_WEAR
1.1200757272565554,0.15144699988374558,0.003025562182423838,224.1867878658302,2.510441710017117,0.002643574140612534,41.73942686453271,5.105290590378754,0.11570254305226234,0.6133333333333333,3,OVERLOAD_BLOCKAGE
0.34934907966707973,0.030862286317803248,-1.719300692609526e-05,225.03929475166748,1.9302590137399582,0.002699405014616869,29.968366581799867,0.46299076481728874,0.001154870050336891,0.58,0,NORMAL
1.2689248848136272,0.23352726402880286,0.005070745669199776,224.0549283412158,2.26728692714034,-4.902082595808885e-05,41.02364288535378,4.878516433331783,0.11031160871349581,0.6133333333333333,3,OVERLOAD_BLOCKAGE
0.43478408602154367,0.05959244580778452,0.0011816360965015659,225.01790894879255,1.870584192998974,-0.002490781678163263,35.436830423139995,3.22057172189894,0.07295887517599914,0.5933333333333334,2,BEARING_WEAR
0.35003357469781615,0.03052487458255054,0.00010024158288201866,176.34806736254433,3.0758683038228787,0.0015268397960679645,29.971329240018093,0.4689314236501172,-0.002418056472217082,0.5066666666666667,4,SUPPLY_VOLTAGE_FAULT
1.1526190878813471,0.1705774910115767,0.003344630065864932,224.1816092101308,2.405402510213956,0.004204045655227417,40.51446527295243,4.484870980104654,0.10105802817179237,0.52,3,OVERLOAD_BLOCKAGE
0.3509615134441295,0.031643783074966694,6.9970217721938e-05,225.03646125119766,2.1371321788857123,0.003115867774892523,29.992076371899486,0.4984541488616825,5.556441798503448e-06,0.6,0,NORMAL
0.3479069459804118,0.030011118574074593,-4.480306623755304e-05,225.12545244264592,2.1553225365737054,0.000709827532919283,30.039796241508757,0.4683656372485286,2.9278487867692124e-05,0.5666666666666667,0,NORMAL
0.45124025981694066,0.06608777313961502,0.0013334260692970678,225.09340389392847,1.9242414085906256,0.000370579229796089,35.59427972603929,3.340339035109312,0.07603311056893912,0.5866666666666667,2,BEARING_WEAR
0.3433293843823718,0.028953109272125545,0.00010976389310166757,224.81918663076604,1.7363426629948342,0.0020110172031825484,30.060848493257204,0.49460610977251956,0.0008058718079231848,0.5933333333333334,0,NORMAL
0.3497492836080295,0.02934202819115558,6.563337496941192e-05,270.9671950529045,2.95548124311829,-0.0023844572557573337,29.93807366851248,0.496010618059275,-0.00015590283126308018,0.4533333333333333,4,SUPPLY_VOLTAGE_FAULT
0.5026209409715513,0.09275436142596888,0.0020456837435885136,225.0738850726946,1.9225533143353701,-0.00032045899961557096,34.399986464325245,2.653121708202604,0.05966768199002302,0.6466666666666666,2,BEARING_WEAR
0.3394393149599371,0.1956908695983009,-5.4756373085996236e-05,225.0500274027055,9.24060733722467,-0.00786182273234032,29.962924126044165,0.48781057140197864,-0.00018840877982255125,0.5,5,INTERMITTENT_CONNECTION
0.3528297388697976,0.17748563657404284,-0.00010925049646561918,223.65573910036213,9.163620526988067,-0.012453864397379099,30.025389367749472,0.5511769005615353,0.00023258858296950038,0.44666666666666666,5,INTERMITTENT_CONNECTION
1.1704360956925215,0.17389772623331098,0.0035178878759118504,224.0186552531261,2.3610629608509455,0.0124498411470671,41.98154539253455,5.268248595899046,0.11914328539733428,0.6266666666666667,3,OVERLOAD_BLOCKAGE
1.1685505580200273,0.1648325475078203,0.0033718406813153445,223.9564037568913,2.6246419319895593,0.0010606894246527518,39.11209513106683,3.5521123694714194,0.07906510053526603,0.5466666666666666,3,OVERLOAD_BLOCKAGE
0.3513525348970096,0.18502955599733578,0.000360001268127331,225.21973738292397,9.178699701058395,0.006787388957902937,29.985752535535095,0.4785666369543233,-0.0012299632516251453,0.5466666666666666,5,INTERMITTENT_CONNECTION
0.3560574461793434,0.028878194212625545,-4.0098728010120105e-05,254.7260868278664,3.041520325988906,0.004631207573352474,30.006297441001642,0.4890463328904222,0.0016705860978812892,0.5,4,SUPPLY_VOLTAGE_FAULT
0.34905198878219795,0.027727579654514597,-4.2352158674634084e-05,225.00848406758635,2.032046339954521,-0.0017558708459252824,30.049664020440343,0.5413316158507911,0.00029271907231394724,0.6133333333333333,0,NORMAL
0.44886742383746225,0.04027815563440612,7.618298645559178e-05,225.14191715253043,1.9755750741099358,0.004248516243293688,29.971703364103753,0.45757702027049907,-0.0006176544219374636,0.006666666666666667,1,ENERGY_WASTE
0.4508758865991528,0.04071844364978303,2.505090250340627e-05,225.25958516478292,2.022364144533455,0.001106403269603926,29.956218061701012,0.5081917411114873,0.0005959239603509862,0.03333333333333333,1,ENERGY_WASTE
0.3522632867753166,0.030041442153644033,-2.81769226636772e-06,225.00801769323394,2.0158813660974175,0.00021554071810950043,30.088647718627296,0.531371549532114,-0.0009193164045184926,0.5866666666666667,0,NORMAL
0.48816075789341407,0.08978862530862165,0.001947403685016873,225.12276275984303,1.9834723076486986,-0.0025307228797336588,34.891284450467694,2.9287591122306873,0.06619682308828322,0.6333333333333333,2,BEARING_WEAR
0.3455269704651168,0.03405513920344532,3.2771798918104614e-05,271.54253910947494,3.288070762735471,0.0019210612607534732,29.98806532730751,0.48371088240482457,-0.0010195120039709306,0.48,4,SUPPLY_VOLTAGE_FAULT
0.34645022944684306,0.0301957713151875,-3.847085408175589e-06,225.35491987294208,2.087920048711009,0.0003398483206684594,29.98695556073698,0.47909702022201467,-0.0009082098405555094,0.6,0,NORMAL
0.3507546642100026,0.03113788356714595,-5.559303969452433e-06,193.77631146621232,3.0403471367463157,-0.002935715264316926,29.972599510179375,0.478769502331882,0.0008039386308109674,0.52,4,SUPPLY_VOLTAGE_FAULT
0.3717477611094828,0.189874422258951,0.00038651056856333434,224.27394220627815,8.88370616804329,0.05137523103020111,30.053292655013575,0.4938841805576363,0.0006271090787942645,0.4,5,INTERMITTENT_CONNECTION
1.2261747211171272,0.20286702352407182,0.004279698735708365,224.04257492449187,2.5610659486901652,0.0012293440816158545,41.172568757867275,5.081772508449728,0.11485860332680461,0.6533333333333333,3,OVERLOAD_BLOCKAGE
0.5162041942731315,0.10162318826626693,0.0022461523006688227,224.94952806150818,2.1231542362711338,0.0025554020041394718,34.40498760659952,2.59847352396236,0.05847110800282412,0.68,2,BEARING_WEAR
0.4630599345756203,0.07126186077795327,0.0014953762380454786,225.00738427467067,2.0739350669532146,-0.0006403529861354431,34.55970030973088,2.7371975564951105,0.06193301923526456,0.6066666666666667,2,BEARING_WEAR
0.4520255000443446,0.04331402405663538,0.00010699995523397357,225.100240716133,1.8800957545749988,0.0019135594723632668,29.956686876767154,0.4834588680246989,0.0001550708854834078,0.02,1,ENERGY_WASTE
0.3511394773412405,0.028193360048353648,-1.224530400678591e-06,268.58657771593454,2.762137024697353,-0.003094737082764473,29.95092690882011,0.4891854452541629,3.459236065075916e-05,0.4666666666666667,4,SUPPLY_VOLTAGE_FAULT
0.45195875149907616,0.04277853699026175,-6.2251318192712e-05,225.16361562069085,2.0095802617742717,-0.008834146943916748,30.06449042783981,0.4992176741426757,0.0013470403410396805,0.04,1,ENERGY_WASTE
0.34879992540763644,0.031429447985944256,0.0001080875477572545,193.15727106296933,3.1825224155931515,0.0025156209941470786,30.00235079994373,0.49316094801282845,-0.00021984105307371678,0.5066666666666667,4,SUPPLY_VOLTAGE_FAULT
1.2773982122923464,0.23886816480660727,0.005201392361906944,224.10462312624844,2.2753318340893833,-0.0042579675553309155,39.75938821028308,3.9545880906122206,0.08788736081413169,0.6133333333333333,3,OVERLOAD_BLOCKAGE
0.4291001310483107,0.05466278782660757,0.0010383573688263952,225.14126275689466,2.0271157545262386,-0.0036774192432537534,34.89535502652838,2.964023905791191,0.06684351263067266,0.5866666666666667,2,BEARING_WEAR
0.5020276500829971,0.09371932209100724,0.0020677886803428464,224.94365842361017,1.8420509710459454,0.0011764364199522614,34.337658626042206,2.549616891782008,0.057365299861914736,0.5933333333333334,2,BEARING_WEAR
0.4498672360337316,0.04059580987256762,-1.9044306467566513e-05,225.07434285272632,2.0071586761300977,0.004931286287720804,29.963497673204436,0.48112940951979033,0.000896624486167048,0.03333333333333333,1,ENERGY_WASTE
0.4463344962148591,0.04300203725599222,-6.964562577565178e-05,224.80106301394787,1.9886491465497547,-0.009139433110537918,30.045890019623368,0.4702733319716945,2.1171789740146574e-05,0.013333333333333334,1,ENERGY_WASTE
0.3490943799803755,0.029681690473944086,-8.553482376265195e-05,224.86393636995112,2.079014557672527,0.003961805470635846,30.036285546357,0.5337969307214807,0.0017233965001565428,0.5866666666666667,0,NORMAL
0.4461849885602548,0.06756068484840502,0.0013692243897398318,224.8338004758829,1.898885906778674,0.004518834454322665,33.76085463894728,2.300195859237518,0.05125191991144789,0.6133333333333333,2,BEARING_WEAR
0.4463260416868227,0.038968936963412665,-2.8451622210284417e-05,225.090854537109,1.9802636106252058,-0.004327772879321123,29.93926944641861,0.5134410176311719,0.0015539095424168421,0.03333333333333333,1,ENERGY_WASTE
0.4429668336322512,0.03639884160348103,-9.024491574093286e-05,224.995785562914,2.0410630638955256,-0.0016132386929238538,30.067023007907647,0.473106444739267,-0.000951367115009644,0.03333333333333333,1,ENERGY_WASTE
1.3035462482501712,0.24677833611684302,0.005401994097785832,223.7795399245255,2.4717397213232974,-0.0035945159435146435,39.04353912640244,3.6193859157384405,0.0804173271287779,0.5866666666666667,3,OVERLOAD_BLOCKAGE
1.1143279453620243,0.1617420302358317,0.003225835507507257,223.91647265248724,2.521217956598976,0.00195623315995795,42.14516912791232,5.500724395712571,0.12493693098010049,0.5133333333333333,3,OVERLOAD_BLOCKAGE
0.4490505269636436,0.0370876337314934,-1.6716805178313103e-06,225.1366117042533,1.9920502034991103,-0.0030031837146786582,30.025558469678508,0.47219538460070665,0.001377285179147869,0.06,1,ENERGY_WASTE
0.35516665756742377,0.1876291795473066,0.0003215116920360329,225.14933125831467,8.904459015058412,-0.014678661442936438,29.99085307325656,0.42490039819395986,0.0004255889440263044,0.5466666666666666,5,INTERMITTENT_CONNECTION
0.35101298272862974,0.030258129874585538,-7.895969043516785e-05,255.2237149228492,3.3956116796963145,0.001791469092754565,29.916551341248535,0.48381847831597785,0.0010935173833203746,0.5666666666666667,4,SUPPLY_VOLTAGE_FAULT
0.34957775031728566,0.029401574958780062,-3.4097810405569775e-05,187.02730289989006,3.028318025756754,-0.005301661117899557,30.024695176242954,0.5286334073019443,0.0023490512704267916,0.48,4,SUPPLY_VOLTAGE_FAULT
1.20969576581507,0.19601465785938726,0.004144147161454733,224.02873302886388,2.494270063084742,0.0007843987780672805,39.37559356836617,3.7387271544358462,0.08342506263732415,0.64,3,OVERLOAD_BLOCKAGE
0.47341749387266074,0.07915815595788474,0.0017094308384446948,224.5948034619463,1.9688040722222346,-0.003376269846470854,34.13832963461195,2.5236787382859944,0.05675860839555495,0.6333333333333333,2,BEARING_WEAR
0.5008321054656752,0.08837826277049404,0.0019337507304197738,224.8280464653433,1.9657000220696743,-0.0029674461902764993,34.786807715904466,2.805333113743407,0.06346377291299599,0.6133333333333333,2,BEARING_WEAR
0.3548337361559795,0.03240973974677782,-1.2944428699102408e-05,225.0428735968733,1.809346239028726,-0.0010529282220235747,30.021042874358105,0.5091707212941893,-0.00018417095380700188,0.5933333333333334,0,NORMAL
0.45093520136473764,0.04221913355171865,5.5088798299952535e-05,225.01823232619296,2.230237219505902,-0.0010119366203699747,30.00355554685866,0.4943329066489134,0.0012367239238928237,0.013333333333333334,1,ENERGY_WASTE
1.1505009000925286,0.18057941888886408,0.0037241410437236664,224.25611168244592,2.649029123270062,-0.003693185160550128,41.517017641286074,5.023271232559216,0.11396727606028348,0.6933333333333334,3,OVERLOAD_BLOCKAGE
0.3802137567345369,0.1829562702030916,-8.352554941963624e-05,224.35833593460575,8.375670272702326,-0.02099781274500685,29.953673252261062,0.5709523296616387,-0.0013006709029902525,0.5,5,INTERMITTENT_CONNECTION
0.3495014809833473,0.02882602215247409,5.528511700117332e-05,224.9889271435263,1.786345188824789,0.0017267835125179694,29.998192147546774,0.45620316605500033,0.0007388541215139367,0.54,0,NORMAL
0.49748430765835033,0.09258293420161982,0.0020279159063808986,224.83843553292928,1.7988156024796274,0.003268719363314567,33.297307230632,1.9758205618632763,0.04360398519601252,0.56,2,BEARING_WEAR
0.44802123077661216,0.03897759282969867,-1.3232961677188926e-05,225.09146777512885,2.1654801550423612,0.0033251989360266894,30.00273453277515,0.46297072863340466,0.000646370438046543,0.03333333333333333,1,ENERGY_WASTE
0.44684084186806106,0.04021685562698578,-1.8656157327620457e-05,224.95039877052307,2.106156668106597,0.009999251425205124,29.988004646211678,0.4669369389783072,0.00033041934851665286,0.02666666666666667,1,ENERGY_WASTE
1.1292962808957068,0.15380733327182233,0.002952809534154061,223.6005764091157,2.6228152322517597,-0.004101206201800358,39.062559866376944,3.6273222101741314,0.0802495940727605,0.6866666666666666,3,OVERLOAD_BLOCKAGE
0.4870283040130526,0.08230094946636364,0.0017981399251145163,225.36434345879744,1.9936830179240517,0.0003874394257282853,34.488103345915945,2.7303287637134237,0.06144011707019621,0.64,2,BEARING_WEAR
0.4340975178866258,0.0569167051434439,0.0011136645336555344,225.10061695918358,2.018922429306667,-0.006473661990591511,34.235825346991554,2.552249652849125,0.05733427144785685,0.6466666666666666,2,BEARING_WEAR
0.4530008404858274,0.04289453806175543,-7.530918045386207e-05,225.08832322642155,1.8848242243541582,0.003641355095745858,29.96530505843718,0.4657802295886813,0.0007122289372524538,0.04,1,ENERGY_WASTE
0.4457267239901443,0.03989685805641605,-4.5752230936464706e-05,225.04368765193252,1.9460229296891958,-0.0034497565221396293,29.976079130518915,0.4629873763051387,-0.0003278667816943529,0.04,1,ENERGY_WASTE
0.38761344107619095,0.16619996166041368,-0.0001595735584283921,225.34998942571508,9.031924862933533,0.012120838924661105,30.017494304549608,0.49122220094521174,-3.3604807195605935e-05,0.46,5,INTERMITTENT_CONNECTION
0.3619476576181089,0.18822370288063192,-4.733333547206055e-06,225.74894688582978,8.31953151374023,0.014018727922896155,29.992377747660235,0.5151007897104539,0.00240510243409952,0.5466666666666666,5,INTERMITTENT_CONNECTION
1.1473493627531062,0.17539867869671724,0.0036403607353159896,224.01299146399435,2.5477552693305507,0.008958866734937681,41.354426130968584,4.99971932256067,0.11311291597555234,0.64,3,OVERLOAD_BLOCKAGE
1.2016769677754686,0.18599055160049288,0.003919612128640811,224.20981443713865,2.417168151548124,-0.004179001053118681,41.06884808259195,4.840011890382316,0.10892384453449261,0.5933333333333334,3,OVERLOAD_BLOCKAGE
0.3495452755068648,0.026394519636756566,-4.199817519335785e-05,259.84749246690194,2.779330839768172,0.004500896177132828,29.96482571305918,0.4979004518344332,-0.0010521873415784175,0.5666666666666667,4,SUPPLY_VOLTAGE_FAULT
0.3623657132816041,0.17835950976124915,-0.0005720611169560904,225.48593311366852,9.048336814416041,-0.005476038644950005,29.960261260013418,0.5264950160633718,-0.00039882017137980226,0.5066666666666667,5,INTERMITTENT_CONNECTION
1.1255796669454854,0.14419541169131567,0.002797748425907742,224.23049758732736,2.5641810870854096,-0.001239852233168682,41.525484137043144,4.924882484006694,0.11165371048979957,0.5933333333333334,3,OVERLOAD_BLOCKAGE
1.1724205674317607,0.1742847432218949,0.0035864851283441967,223.8705062278641,2.461429457947395,-0.00539253145262512,40.76195918114742,4.506286922272594,0.10144543137034825,0.64,3,OVERLOAD_BLOCKAGE
0.36142909047855537,0.1842478920323058,-0.000448245328973454,224.7953056298473,8.237237999129961,-0.0011134206067863858,29.982710707055595,0.5243097607840952,-8.593346668069846e-06,0.5866666666666667,5,INTERMITTENT_CONNECTION
0.35806228784489025,0.17389716344422093,3.308029409247683e-05,225.1871655481786,9.613937060105325,-0.010995736012560212,29.971110843665944,0.47455430533279647,0.0007114566849857943,0.46,5,INTERMITTENT_CONNECTION
1.127255898023498,0.14596150953996645,0.0028661489960177594,223.92547609470017,2.4448680765447213,-0.0034759514200353677,39.49915230168654,3.9292388261501414,0.0874898461397912,0.64,3,OVERLOAD_BLOCKAGE
1.2094942734757383,0.19763546449979852,0.004198271401054986,224.02230051794075,2.1283901303714208,-0.007353303900222514,40.43340207996846,4.399983264560557,0.09902985493966414,0.5133333333333333,3,OVERLOAD_BLOCKAGE
1.20306382360293,0.2006813351473606,0.004314864439040644,223.75325481347255,2.5006387215196932,0.0024884020096074522,39.7151437205834,3.9469706895898162,0.08830744526617841,0.6666666666666666,3,OVERLOAD_BLOCKAGE
0.3486924672535797,0.028262641211402408,-7.115541491671056e-05,190.29640577738917,3.1790239800025617,-0.00414187110239071,29.95890989083713,0.5275449979658394,0.0005602238248162822,0.5,4,SUPPLY_VOLTAGE_FAULT
1.1783811473077876,0.17393832441743823,0.0035146175499920144,223.8447676004808,2.0383987198651563,0.0016578285214893503,39.438163767473085,3.924906307779198,0.08737919777472464,0.6266666666666667,3,OVERLOAD_BLOCKAGE
0.34938466390944795,0.02958807397483275,8.710155710032624e-05,258.0278578432641,3.012871330499172,0.009499655118763882,29.974232205163837,0.4456715088599546,-3.1089426649775005e-05,0.5,4,SUPPLY_VOLTAGE_FAULT
1.1514122783102525,0.17106628353148132,0.0035477842278941393,223.98438717210354,2.3584674783353807,0.0015130027900789084,41.187604784526926,4.83776776690282,0.10955344893403718,0.6466666666666666,3,OVERLOAD_BLOCKAGE
0.37478593483565353,0.16419770814631643,0.0003099142774213092,223.50853867148703,9.311855238436642,0.03582234897959061,29.946963312486186,0.5106375249580546,0.00038413795598147844,0.5266666666666666,5,INTERMITTENT_CONNECTION
0.3430216550412274,0.16816360327399132,-9.382640151243229e-05,224.12367457052994,9.560795113455693,-0.0666090866141013,29.97525563527459,0.48017299583882483,-9.75486954877135e-05,0.5266666666666666,5,INTERMITTENT_CONNECTION
1.2387330358088422,0.21492207354356063,0.004666017070769491,224.02140396529407,2.6797625886394942,0.005825211091655573,42.305681500546704,5.485873860796639,0.12509498709830946,0.5466666666666666,3,OVERLOAD_BLOCKAGE
0.5208616458660041,0.10195068304190986,0.0022405174482668924,224.82070575755802,2.068485605947673,0.000946215693257389,34.104701341299084,2.4287589580987285,0.05433976673090806,0.5866666666666667,2,BEARING_WEAR
0.35239170712222384,0.030235458697252637,5.6448257064192455e-05,224.7869250306069,2.0092260193933495,0.000601280069968796,29.965466858886916,0.506715773070124,0.0008175519463820563,0.6,0,NORMAL
0.509898160472864,0.09200759694073674,0.0020129489681190924,224.87139275502182,2.0497329029621287,-0.004822322864542792,33.393665486606395,2.0620638079528484,0.04501367629432571,0.66,2,BEARING_WEAR
0.4733843504298547,0.07663300599811536,0.0016311637791093278,225.26381287231226,1.990380238105589,-0.004135177599947738,35.53902227682939,3.275437853025714,0.07467110071333194,0.5266666666666666,2,BEARING_WEAR
0.3517070362629425,0.03055159987559752,3.6285897552255625e-05,271.8399793116861,2.5971835202155247,-0.0037517667555789606,29.982957844805853,0.4912921578691332,0.0012906940246886786,0.56,4,SUPPLY_VOLTAGE_FAULT
0.45155008884287157,0.036771746845097875,5.9592066039199675e-06,224.63907252736453,1.9975218077462051,-0.003707777675775452,30.059126403225843,0.4790420490220451,-0.001344420777397549,0.02666666666666667,1,ENERGY_WASTE
0.34917144515701876,0.18533870297226127,0.00018321653371042524,224.950123797529,7.977429289901507,-0.021373253362564768,30.068549821784234,0.5159267632079004,0.0018930117609736335,0.47333333333333333,5,INTERMITTENT_CONNECTION
0.34765939984315863,0.029460584202898377,4.796583729480638e-05,177.71771123127255,3.1823791669641546,0.0015300602010559366,30.020823141875418,0.4923343215655702,-0.002171270510038168,0.47333333333333333,4,SUPPLY_VOLTAGE_FAULT
0.34884835652709495,0.028877572254147683,-1.0097521612842686e-05,224.95091432818114,2.176599990052983,0.0011771499701611645,30.060759139369,0.4961413641061759,-0.0005795516533292729,0.68,0,NORMAL
0.3454702183243261,0.027966504553278072,-5.2669116502250325e-05,225.05576876245377,2.0492182830407044,0.0017112976571252894,30.020788282945183,0.44901098522593713,-0.0005465989783373565,0.6266666666666667,0,NORMAL
0.48054814780206867,0.08031133072014149,0.0017428224508616353,225.07686754360736,1.935069455714542,0.0046650614606884655,35.614163830429646,3.366920201415924,0.07640114747464107,0.5866666666666667,2,BEARING_WEAR
0.4400917085243115,0.06063166526930372,0.0011991796398832947,225.29753365061197,2.083659919867801,0.0016476058678921766,34.46561936170412,2.7436231555277577,0.06129264038124274,0.6133333333333333,2,BEARING_WEAR
0.43814654222983734,0.06118519647900042,0.0012366327335345748,225.11581109022293,1.863702832765087,0.0005608902058518034,34.78715523788941,2.797909972026186,0.06306235439821051,0.6666666666666666,2,BEARING_WEAR
0.5186534187955923,0.1042718091342636,0.0022921055284246283,224.70292998603807,2.1035915066826187,-0.007312578822299619,35.00355841697553,2.945065610044357,0.06661548563336207,0.6266666666666667,2,BEARING_WEAR
1.2116399018194859,0.19967578420563714,0.004262422176482178,224.16014161389097,2.7033817160454032,0.002350602480384588,39.52308999225072,3.947534344113124,0.08810472398151442,0.5333333333333333,3,OVERLOAD_BLOCKAGE
0.3524475307059574,0.02939409993281893,6.986339549465896e-05,269.14395445966346,3.1415822625011294,-0.00038062133790762114,29.945143200688683,0.46345234910010735,0.00016016133626333833,0.5866666666666667,4,SUPPLY_VOLTAGE_FAULT
1.2685626012431872,0.2229112520016279,0.004828114009298853,224.01368226794176,2.3757025263391074,-0.00795898348408074,39.955761371517525,4.177901837872284,0.0936828636721127,0.5133333333333333,3,OVERLOAD_BLOCKAGE
1.2355537256417648,0.2075029945278,0.004405767261935291,224.49134990995637,2.403572419654141,-0.0010158101747049558,40.97985698256257,4.77148605449192,0.10790005351519351,0.5533333333333333,3,OVERLOAD_BLOCKAGE
0.44589958162510435,0.04304252945176747,-7.237401424340909e-05,224.9952255515988,1.9617874293363822,0.007742386074327383,30.015616276773436,0.5293379695531747,0.00016274627756024079,0.04666666666666667,1,ENERGY_WASTE
0.3337527053168407,0.16690240225849004,-1.4807013456921962e-05,225.88343146869184,8.798697394645952,0.00663107219530236,29.990830515083736,0.5174794997684922,-0.002555826716657109,0.49333333333333335,5,INTERMITTENT_CONNECTION
0.3459063148374586,0.03188109144523748,4.756053923499248e-05,225.06093360710778,2.047005364416826,0.001981899586034597,29.974596419963323,0.5171495960787477,0.0010456309364763763,0.5733333333333334,0,NORMAL
0.35163510311192825,0.032238972095626935,-6.501924740184334e-05,225.03256638715538,1.8721098445273203,-0.001116920647173034,30.010180217389752,0.4541838157080245,0.0007390723777161583,0.64,0,NORMAL
0.4520015655662498,0.06866658080576947,0.0014073372904946908,225.0658376413752,1.9640833510168723,0.007096323935258565,33.42390170693178,2.0863884653802236,0.04665986880923649,0.5866666666666667,2,BEARING_WEAR
1.1601098196516166,0.1707878901249047,0.003519315624864557,223.87385746550942,2.3938680198064652,0.00043378678003201795,40.37189738362877,4.3630479721010715,0.09837939731059475,0.58,3,OVERLOAD_BLOCKAGE
0.46917126224122474,0.07223796534203995,0.0015225942265473592,224.91149598628806,2.0736056506876097,0.0010448614753943994,33.59045777385895,2.1475943691803696,0.04776718163643925,0.5866666666666667,2,BEARING_WEAR
0.4399448277841117,0.060777761614537434,0.0012266591488011439,224.97381101205383,2.271333349840162,-0.002846085720599561,35.624592217506965,3.344093273666297,0.07621744236522422,0.5933333333333334,2,BEARING_WEAR
0.36850824611581956,0.17844117558312192,0.0001288409830073018,223.55974880442227,8.727643710916407,0.000804669404145918,29.97713601893761,0.48421630682251204,-0.00021888668899364974,0.4866666666666667,5,INTERMITTENT_CONNECTION
0.4515231350490732,0.037398584303481947,3.9839084371200465e-05,225.09099908771935,1.986049433043218,0.0006619558595650465,30.015345864635893,0.49061859792645884,-0.0011629470599011568,0.03333333333333333,1,ENERGY_WASTE
0.3472643823874674,0.028696538147599968,0.0001247508553270509,176.69025162802848,3.3306446144978965,-0.0010725477281468547,29.987251229585176,0.4680149816505635,-0.0007037021577739631,0.48,4,SUPPLY_VOLTAGE_FAULT
0.33247225585863965,0.17203041210757186,-0.0002630808974872404,225.01366552563093,8.390337729097912,0.02268126705652149,30.04036093450365,0.48755709150408627,0.0005016220573207801,0.54,5,INTERMITTENT_CONNECTION
0.3490384639980014,0.17556057759272897,-0.0001726721954885948,225.109968376051,8.685471611553439,-0.011472073451142213,29.93615935393654,0.48401656443352825,0.0001506771596172968,0.46,5,INTERMITTENT_CONNECTION
0.34983604347551905,0.17652756811967701,0.0001646738720591363,224.8315136180601,8.622445343346444,-0.0007904853643723954,30.0307557497853,0.4905111864798648,0.0014748728265083066,0.5333333333333333,5,INTERMITTENT_CONNECTION
0.3510029407063323,0.03133326752209883,1.3568387448056183e-05,178.8509026737959,2.6449702070885506,0.004538080031606123,30.009748251407544,0.4700307888329566,-0.001298096555231996,0.5066666666666667,4,SUPPLY_VOLTAGE_FAULT
0.45480142183393224,0.037604697200882164,-5.3682902775584904e-05,225.19052562709567,1.9351023182226557,0.004431570025556613,29.96990823809836,0.4600421751227606,-0.0013968748507650224,0.03333333333333333,1,ENERGY_WASTE
0.3503359273847761,0.0307275436880798,2.539264594678598e-05,224.8063215116753,1.9750198234033958,0.00414481510056892,29.96126309974829,0.42942302584507935,-0.00018417076381665857,0.6133333333333333,0,NORMAL
1.1134203613520397,0.140832209288624,0.0028086860038707556,223.8101447694073,2.4742187421705206,-0.0031992968807230365,39.61277929697151,3.9289763054562967,0.08748836035372254,0.5666666666666667,3,OVERLOAD_BLOCKAGE
0.493562483810076,0.08509805471443593,0.001845335234590025,224.95271168922977,2.0162664572232996,-0.004598216864079102,35.47294226910454,3.309397907181081,0.07534078056465146,0.64,2,BEARING_WEAR
0.3487115920010374,0.028752349283109407,1.826766675963521e-05,224.8964970308812,1.8589253701223516,-0.002010656088084827,30.10548736437122,0.4824588842378647,0.0004038086912934002,0.6733333333333333,0,NORMAL
1.2385701522071157,0.2096017133328365,0.004462551066516334,223.89501675553475,2.5034441768618145,-0.01226069701019571,42.75747781317081,5.67385256126822,0.1292308806210096,0.6466666666666666,3,OVERLOAD_BLOCKAGE
0.4480998804165507,0.04401561046482994,-0.00012461324113834866,224.55414918970234,1.8624512047457866,0.004387123634739999,30.055424883372254,0.5272167580609742,-6.786007999731775e-05,0.006666666666666667,1,ENERGY_WASTE
0.35113268647387563,0.029245940973403908,-2.858956851159816e-05,224.64411870984895,1.8890226294607044,0.008801783490496444,29.974715003274294,0.518831714719066,0.0011715826945361365,0.5333333333333333,0,NORMAL
0.3472073322232141,0.028782990273583088,-4.181795083159788e-05,225.3931832400511,2.1086974657780018,0.0010151512618786402,29.941840379567182,0.4955267739023047,0.0006354413148430649,0.6,0,NORMAL
1.1588966979147426,0.16594602421713903,0.0033851353782034066,224.14015485197035,2.5122419980396344,0.0004946632887535798,39.043484919952554,3.5940500796343793,0.07992989377177363,0.62,3,OVERLOAD_BLOCKAGE
0.4850109802388198,0.08350553771259203,0.0017949420330887098,225.00924486155344,2.0039961265951733,-0.0005040050961356568,35.11469103506669,2.9846464548195533,0.06743681046306636,0.58,2,BEARING_WEAR
0.3500217212817241,0.026986933551778145,-7.78025325867415e-05,176.17584262766968,3.4408062718272854,-0.0016132028245466037,29.93410505543655,0.5450202491535068,-0.0001585943682441683,0.5866666666666667,4,SUPPLY_VOLTAGE_FAULT
0.3641356469956547,0.19192972268054656,-0.0005091793229627006,225.46872315785197,9.133195584273551,-0.006899665315851184,30.019346593747432,0.5053183271552292,0.0012166715921025197,0.44666666666666666,5,INTERMITTENT_CONNECTION
0.32368550958791686,0.17705135697369123,-0.00031985966334601557,224.8383995932461,9.585741779651968,0.006287852732088612,30.015950637446792,0.4731629936935495,0.001074495705577333,0.44666666666666666,5,INTERMITTENT_CONNECTION
0.4586695431223958,0.07230019350057192,0.0015380184756659215,224.72093589483586,1.9747766511891904,-0.005094945932473571,33.899051665274875,2.3188205752171744,0.05200316093813654,0.58,2,BEARING_WEAR
0.49520830629684154,0.09179000692071147,0.0020171523579713014,224.90264626664484,1.944408006105599,2.0861107630534824e-05,34.911685323388426,2.858795014919018,0.06438559931833494,0.5733333333333334,2,BEARING_WEAR
1.1153894003747984,0.1596969894438332,0.003135094509620088,223.88169787127612,2.477599386601312,-0.0026170460148185475,42.9185181465552,5.812353138963006,0.1321611590367799,0.5133333333333333,3,OVERLOAD_BLOCKAGE
0.35250064675667414,0.026902286057092457,-9.676343153369325e-05,257.2123545133297,3.0042976927165133,-0.00383529846540597,30.049178115366978,0.48610154105234504,-0.00025271566538152807,0.56,4,SUPPLY_VOLTAGE_FAULT
1.2364240261532538,0.19859078701536081,0.004203027409263683,223.91708001248654,2.6757463387920355,-0.0029711738001498914,42.846693316268514,5.959632685602525,0.13525487914723516,0.5533333333333333,3,OVERLOAD_BLOCKAGE
0.4433896769669629,0.04062405346950476,-9.313862228564565e-05,225.28992002750775,2.0438281214336653,0.0009725404303900942,30.038626151672496,0.5201566445978383,5.297032097999431e-05,0.04,1,ENERGY_WASTE
0.35297753092368434,0.0293680584056367,0.00014262929427401585,180.75629280543444,3.2294027635562452,-0.014996589183707955,29.931140985949654,0.5068366885937482,-0.000834071498263655,0.4533333333333333,4,SUPPLY_VOLTAGE_FAULT
0.45303757505412384,0.0396561305336941,8.670627755968153e-05,224.93093354339197,2.074421573830529,-0.005026399634202586,29.989851669558732,0.5018094458674358,-7.246055820042122e-05,0.03333333333333333,1,ENERGY_WASTE
0.35208928107116755,0.03095459830713468,1.4472907360117868e-05,259.25552592956507,2.8708954305966476,0.0008373753760407788,29.950253561028244,0.4439464623436988,0.0010705340512143803,0.46,4,SUPPLY_VOLTAGE_FAULT
1.182485498114371,0.18349735068211515,0.0038300691620699696,223.9776185377087,2.656877620176628,0.006919982986561097,40.89480753354583,4.644575455726175,0.10476278855961024,0.5266666666666666,3,OVERLOAD_BLOCKAGE
1.1606498670174281,0.1623001399194357,0.003322308300924669,223.97630978515187,2.608649195037486,0.0031916465003069055,39.73806027922669,3.92497421852489,0.08798728112717846,0.6266666666666667,3,OVERLOAD_BLOCKAGE
0.3554630217787252,0.02881699957693405,1.5219930292791346e-06,261.18667934467,2.9123553108359785,-0.0027620891568100377,29.989338059947695,0.4810271678246291,0.00010660130624943921,0.5133333333333333,4,SUPPLY_VOLTAGE_FAULT
0.3511365467479078,0.032380531781752896,-2.2234648281273753e-05,225.07169564884592,1.8638625197006649,-0.006719192056838462,30.028761903223568,0.4926045754671332,-0.000517011600463557,0.6,0,NORMAL
0.33441931772389655,0.184035884972576,0.0005514564005794599,225.04029697315136,8.194524495585554,0.02986354370665542,30.00226419380757,0.537515320006677,0.0003606167894490054,0.4533333333333333,5,INTERMITTENT_CONNECTION
0.46806400684372496,0.07512598911315971,0.0016030299351207323,224.79894720357424,1.9998262120902486,-0.010033610146013226,34.90724697041314,2.953258408003857,0.06690780395447143,0.6,2,BEARING_WEAR
0.3529996204654919,0.032548736507327265,-3.660996017884314e-05,225.38245429062866,1.930575550776614,-0.001408409595766223,30.06396790518286,0.4967175578726324,-0.0005641963887648125,0.62,0,NORMAL
1.290628948207085,0.23642360713138014,0.0051809787962146525,223.67306042648434,2.626350308532328,0.0009294193122198899,41.28985841952708,4.870495231764293,0.10999934760511813,0.58,3,OVERLOAD_BLOCKAGE
1.1912923214875604,0.18513672983318216,0.003866933689057492,224.5360560910917,2.7618141640678666,-0.0029822957673030863,42.82318554004859,5.829807313060141,0.13244799798648885,0.5933333333333334,3,OVERLOAD_BLOCKAGE
0.34735842751980034,0.02848113405988465,-2.7170885195163055e-05,184.04795261619992,3.005525038265507,-0.0032978280660266638,29.974714988227607,0.5161884299140205,-0.001113913225309242,0.5333333333333333,4,SUPPLY_VOLTAGE_FAULT
0.45086768366589763,0.039705957379079754,-1.2790524886787652e-06,224.83282697656134,2.113224783338629,0.006597690958054118,29.957685837655887,0.56903644096714,-0.0009257892244891702,0.013333333333333334,1,ENERGY_WASTE
0.5235373606326238,0.1125491462208727,0.0024893741610452053,224.97876024869683,1.9788236525590708,0.0012673421777435931,35.14723149551532,2.9796496742456173,0.06740725003657778,0.6,2,BEARING_WEAR
1.2969270210566728,0.2499510341726629,0.005525313454417009,224.0986780106583,2.263564077666315,7.02685971249961e-05,42.59858686745369,5.50905842877994,0.12518914492906935,0.6333333333333333,3,OVERLOAD_BLOCKAGE
0.3508634687317082,0.03117966364881404,8.483199275397941e-05,225.31644950313347,2.0664782805005975,-0.0019995945755717295,29.914399578357116,0.5009208286675809,-0.0003152855152125443,0.5466666666666666,0,NORMAL
0.3600282092986679,0.17355196266780498,-6.645006657559831e-05,224.075809851449,9.118325496493462,0.016673921277796763,30.003523423122193,0.47768919794439285,-0.00014219454158389736,0.49333333333333335,5,INTERMITTENT_CONNECTION
0.35079750933607273,0.029809926033033392,0.00013904073490950917,180.61979797252152,3.1139256294930457,0.0009051541404279885,29.997142418670926,0.5304362529824574,0.0005068336152591623,0.52,4,SUPPLY_VOLTAGE_FAULT
0.43494355472081564,0.05594655479358109,0.0011020535583448176,224.90834738345313,1.849553970728582,0.004501026883891449,35.359714336042856,3.241584416788994,0.07366294241126094,0.58,2,BEARING_WEAR
1.1608014865853762,0.1629768384275186,0.003336089368255502,224.1708724070519,2.3564065844658746,-0.001562741706861557,42.75309414592588,5.764036075968156,0.13157222890603038,0.6266666666666667,3,OVERLOAD_BLOCKAGE
1.1676193768179413,0.1773877195047602,0.0036235718172948675,224.00416947222442,2.511553016244299,0.0035957559367876335,39.82063547465889,3.9746546177595614,0.08874856719734611,0.6933333333333334,3,OVERLOAD_BLOCKAGE
0.3492780214445004,0.03183556134977662,-1.9609774981061497e-05,184.96138611398018,3.190843444182576,-0.004616041146523028,29.94193075565817,0.5082871032847949,0.002470146774924527,0.49333333333333335,4,SUPPLY_VOLTAGE_FAULT
0.4492181990269046,0.06369092570492552,0.0012722112419369961,224.77043680998602,1.9108455717714368,-0.0049817058611129495,34.03989862509071,2.4803677111275193,0.05582626515091639,0.5466666666666666,2,BEARING_WEAR
0.4473438493871678,0.039821805018731636,3.7684438033541094e-05,224.99338517861858,1.8997490657713056,-0.002618279746493397,29.9703106829115,0.45695084525021495,-0.0015244164065697737,0.013333333333333334,1,ENERGY_WASTE
0.5187791715588697,0.10349776048702808,0.00227985821227135,225.04426722832125,2.188715364820293,1.2554037406124038e-05,33.43510107382283,2.164000784498133,0.04810774302337017,0.58,2,BEARING_WEAR
0.515178176620245,0.10036040165855162,0.0021913336976949974,225.0588244478489,2.0502231269969227,-0.005691464896239311,34.658096380500815,2.843674491362658,0.06441353472980917,0.5866666666666667,2,BEARING_WEAR
0.4737783461710387,0.07704359688544928,0.001663330572559104,225.00728571161736,2.1039881198007655,0.003354241314213208,35.60063884131158,3.3471820630331353,0.07589823442848509,0.6066666666666667,2,BEARING_WEAR
0.4527532208812645,0.04191606886382764,-3.644010294001741e-05,225.08076870503768,1.8519869784782934,-0.009015440986972129,29.993393362956553,0.532133913224594,-1.808726557996052e-05,0.02,1,ENERGY_WASTE
0.4496482641436529,0.03901121243971533,-6.3451941316988494e-06,224.9559618076845,2.2787263944546226,-0.002042575294237629,29.942661765011078,0.5391027332469046,0.0007188766543838683,0.04666666666666667,1,ENERGY_WASTE
0.4496080471618018,0.037949227024242686,4.665444685714408e-05,225.09593044164842,1.8954788747332905,0.004629571856477684,29.95026866554605,0.484008347719312,-5.067154743265524e-05,0.04666666666666667,1,ENERGY_WASTE
0.3492729008350683,0.02962372166251548,-5.4754342624319945e-05,224.90292080746693,2.015934975513459,-0.005668730649710319,30.05943536139892,0.5011908177148326,-0.0010343078391908999,0.56,0,NORMAL
0.45020925311925625,0.03705761778469977,6.208469404975821e-05,225.1884012943446,1.8656504054824214,-0.0013901840293601504,29.997098526463734,0.47936075656399657,0.0009475542771367513,0.013333333333333334,1,ENERGY_WASTE
0.3234961436696703,0.1718802555086906,-0.0001400115107659044,225.52101223878742,9.093448916686349,0.0011148203701072522,29.957506829419025,0.5150436034451953,0.0019349808507379464,0.49333333333333335,5,INTERMITTENT_CONNECTION
0.48331454924176587,0.08389571700112898,0.0018237551051215107,224.87465202889507,2.122303597500703,-0.00413938316587192,34.0910761319459,2.4298111166649052,0.05413068737720807,0.58,2,BEARING_WEAR
0.47791514894783443,0.08253160810824746,0.0017845245430555563,224.7797344143097,2.2973232029288644,0.0022400287168412403,35.521830604644364,3.337986829916067,0.0756364050529432,0.54,2,BEARING_WEAR
0.3442078805518816,0.17851387981604883,9.629849405717744e-05,223.0125266535629,8.22048591165557,-0.005685073396271189,30.002534556818283,0.5229897568808398,-0.001736309301799087,0.4666666666666667,5,INTERMITTENT_CONNECTION
0.34755831799767917,0.02975419344785283,4.800207581410584e-05,264.5256490211,2.900813950305945,-0.000927193938412423,29.966598957630072,0.50413614234502,0.0008020500578916904,0.46,4,SUPPLY_VOLTAGE_FAULT
0.3342480869643343,0.17219256206230263,-0.0001440827849410321,225.4720733382824,9.339729271874077,-0.004228588293420444,30.00834026675446,0.45560508480790746,-0.00016217321881228152,0.5266666666666666,5,INTERMITTENT_CONNECTION
0.4359988528042271,0.05841307728308829,0.0011316786604713283,225.0633556950833,1.9776913177266184,0.0044361377007275955,35.63008565438763,3.340090155053345,0.07586508928854255,0.5466666666666666,2,BEARING_WEAR
1.1641158555384816,0.17413306221967226,0.0035218020041731814,223.9512625849578,2.3845737822516755,0.001559043192899199,40.727183172540094,4.552334887963755,0.10199966005312133,0.5933333333333334,3,OVERLOAD_BLOCKAGE
0.4623033459371721,0.07276048453476336,0.0015436850226011548,225.25714862550532,1.9454004312412123,0.005846613210530176,33.27763889867908,2.0051091415865896,0.043914907404379665,0.5866666666666667,2,BEARING_WEAR
0.3504654870718912,0.028995340098746464,6.78409374376484e-05,193.5574000533936,2.805031578885106,-0.005354875269673875,29.9437055053721,0.46875649291228255,0.0010471839357916847,0.47333333333333333,4,SUPPLY_VOLTAGE_FAULT
0.3507720390469199,0.029956907677792955,8.823931724300789e-06,224.92957883911424,1.9726940589804758,0.002653302465294875,29.954010606700493,0.5200730111439718,-0.00039565707958944533,0.5666666666666667,0,NORMAL
0.4333097565660369,0.05714459329230966,0.0010838814786639877,225.0470206466727,1.8083367352144015,0.0006288099948464353,34.590609626247215,2.7908301999237395,0.06300936408271202,0.5933333333333334,2,BEARING_WEAR
0.4510325203864489,0.039591098113821756,-1.61975475522618e-06,225.02828140244392,2.0411530410447827,-0.0039669396066970754,30.00774254332463,0.5039699181162067,-0.0015712671140770192,0.02666666666666667,1,ENERGY_WASTE
0.4476925479864779,0.06588284302220043,0.0013740024756713173,225.18107692741938,2.0314138701777966,0.002918816687418938,33.567420786819994,2.2113878447018696,0.048983959998205054,0.58,2,BEARING_WEAR
0.44195278613740385,0.0672769148246064,0.0013816922738306996,225.04282232854408,2.086391687372804,-0.007905098125099748,33.35416798750262,2.058023271561774,0.04508328291520097,0.6133333333333333,2,BEARING_WEAR
1.1818673183707302,0.1839959916826098,0.0037159807243057424,224.27949179006237,2.4294197068852434,-0.006079732423964321,42.15226999582095,5.326604958039305,0.12117721221545619,0.68,3,OVERLOAD_BLOCKAGE
1.1277349019436849,0.15965876681051525,0.00328499605185557,224.0908828124311,2.4737596862245432,0.0010182507022978354,40.09262239303868,4.160894132122372,0.09338876922952613,0.56,3,OVERLOAD_BLOCKAGE
1.1123962468175506,0.14235871526863936,0.002707446297345853,223.77661243501817,2.6560968454069407,0.00032210917106369424,41.47062525065143,5.196016616133706,0.11715141582392384,0.6466666666666666,3,OVERLOAD_BLOCKAGE
0.4843606734460959,0.08437610687877344,0.0018272826809604531,224.98024927731214,2.058636045075969,-0.003006711125401905,34.60392712577075,2.7355527916177302,0.061573234201194676,0.6533333333333333,2,BEARING_WEAR
0.5088005212238562,0.09903916884363122,0.0021821921148552506,224.8813131913911,2.00743216563845,0.0011140057044407112,34.18894726670507,2.489713949171233,0.05552828722873997,0.6333333333333333,2,BEARING_WEAR
0.47334051112693903,0.07761134625778227,0.0016351001868932032,225.0742885627861,1.949510598607907,0.0012635134161621253,35.74832001158628,3.3327150476704404,0.07578459953825374,0.5666666666666667,2,BEARING_WEAR
0.35448850944776883,0.030234350655325162,-2.108980121966335e-05,269.1138431811498,2.9569693582908902,-0.0037451919636347524,30.001147618516438,0.5247878875352046,-0.0017705159028195228,0.49333333333333335,4,SUPPLY_VOLTAGE_FAULT
0.3534583752481134,0.029200534169982816,1.797481868977863e-05,258.15059274334556,2.9336944195601773,0.006276426343256046,30.087623744203192,0.49150563938010133,-0.0013280899893250704,0.5466666666666666,4,SUPPLY_VOLTAGE_FAULT
0.362269378486927,0.16891249781840795,-0.0005867589398746347,225.10121636118123,9.03699888536989,-0.010943193017247232,29.99664878367119,0.5324902862867812,-0.00270524420861007,0.46,5,INTERMITTENT_CONNECTION
0.46990231804414556,0.06857066757956934,0.0014356847549517667,224.93759479880595,2.0129662585330865,-0.006055243976543558,35.379093888860204,3.189392943229755,0.07234248112524476,0.6066666666666667,2,BEARING_WEAR
0.3503109249230581,0.030389556616593233,-1.81412201042498e-05,224.66696998682494,2.1428750167235835,0.001736093854942981,30.041307408386867,0.4765058562764455,0.0007218548256355894,0.6333333333333333,0,NORMAL
0.347682029772611,0.18763946973829507,8.901986657669553e-05,223.96866469613326,7.833911670785248,5.1710184088155694e-05,29.976405599690327,0.4918128899428701,0.00046492514007792787,0.5533333333333333,5,INTERMITTENT_CONNECTION
0.35603381468393624,0.16553872354204033,-0.00014034229484105351,224.27120871167222,9.398340964866877,0.017228578051298595,29.960911217595434,0.5224879867445116,0.0010264066898001572,0.43333333333333335,5,INTERMITTENT_CONNECTION
0.5069059790637676,0.09469470020382934,0.0020798136415279157,224.88979081615767,2.0663850906705963,3.733966130506495e-05,35.922982664581454,3.456579304818382,0.07881567394579353,0.6533333333333333,2,BEARING_WEAR
1.2684871335270769,0.24016899237661118,0.005245461492238983,223.85198712206736,2.6327430538316525,-0.003368816562346546,41.71766544919594,5.103066221200546,0.1159889065597498,0.6333333333333333,3,OVERLOAD_BLOCKAGE
1.2636619406459952,0.23028753361246093,0.005060543546227422,223.78068910435235,2.528229241318232,0.0001110706919950637,42.08612712085084,5.5535178934564735,0.12645790587533917,0.6066666666666667,3,OVERLOAD_BLOCKAGE
0.4502866637880494,0.03965500017370178,-1.9248852218055263e-05,225.04701023411909,1.9696440370398973,-0.0007292904117238166,30.067678366439782,0.48014772906321096,0.0013382181249845819,0.03333333333333333,1,ENERGY_WASTE
0.4503065353930062,0.04192253608958982,-7.309204021836797e-05,224.98480747518352,1.9821538860668606,0.0013538478025390658,29.997577948317485,0.520760008209563,0.0013729799238590397,0.06,1,ENERGY_WASTE
0.35344895053334163,0.17846002897045593,0.0003264205454683961,225.39236086834347,9.209992495738959,0.00031410917406436754,30.02649991604402,0.49470629741602207,-0.000730981068066319,0.44,5,INTERMITTENT_CONNECTION
0.4483542028754901,0.04037145838324135,3.436981741344214e-05,225.2493610008095,1.9329801500699633,-0.00011321308597323327,29.9432175638907,0.5007783301676555,0.0006614031438276807,0.006666666666666667,1,ENERGY_WASTE
0.3480646324766543,0.02969021591511373,5.320086310641221e-05,224.86938495737948,2.0709275828983613,-0.003595204906866009,30.00563050359451,0.4223902990887483,0.00044474792804486877,0.5733333333333334,0,NORMAL
0.3500318740873292,0.03282069926711947,0.00010142248724550319,225.2799065235686,1.8401011531830964,0.0033815310866862,29.96493056910542,0.5038267278797463,0.0005868993498542646,0.6133333333333333,0,NORMAL
1.155534959376838,0.1688575880187157,0.003369192363390039,224.1782668012177,2.59044503489444,0.005196566384262023,40.72042889203659,4.5802141182026785,0.10305614757161491,0.6133333333333333,3,OVERLOAD_BLOCKAGE
0.4546084648216161,0.04060585278133026,-6.73641534825523e-05,224.99906089029605,2.055927463334221,0.004523649518952912,30.064854895578627,0.5259295399570147,-0.001050311117566097,0.02,1,ENERGY_WASTE
0.3518359365770899,0.02832301334995078,-1.111158727137683e-05,224.96788424996058,2.095996796431065,0.0016985653675776955,29.96793526422361,0.4854981448327221,-0.0007650543157230597,0.6066666666666667,0,NORMAL
0.35375065211329454,0.17564674912302683,-0.000262278541460985,223.34122879300187,8.65356597505403,-0.02120822926782394,30.032298623162582,0.5137533735211349,0.00031140673824706636,0.5133333333333333,5,INTERMITTENT_CONNECTION
0.3509373155225077,0.02983854894035963,-2.4575539670162512e-05,224.97533270974105,2.0514910799823216,-0.0028604712203182474,30.08455822047774,0.5428157665946246,-0.001109356429884224,0.6466666666666666,0,NORMAL
0.495714263558858,0.0868817466907334,0.0018850073854597975,225.07269486088106,2.033639318815568,0.004729813155003,33.1805559663792,2.0005058555791213,0.04410445882932572,0.6,2,BEARING_WEAR
0.34926323116043506,0.17997485516433245,-0.00043064009068458043,225.08888637512462,8.803949505250253,0.02303453187212509,30.031951811953476,0.5025020875389855,0.0006630761760920289,0.44666666666666666,5,INTERMITTENT_CONNECTION
0.35227172517596317,0.02897517115972939,8.152689100041606e-05,263.6103731567608,2.9641046174160537,0.006186019875329079,29.93750003370135,0.46704510416788897,-0.001922398307096378,0.44,4,SUPPLY_VOLTAGE_FAULT
1.2090107732294655,0.19488651608581153,0.004091851571266147,224.1534830552992,2.707292427758521,-0.0008190206442016679,39.78502402820399,4.112871966065728,0.09186145102375327,0.58,3,OVERLOAD_BLOCKAGE
0.35085234373613794,0.030470712875594778,-3.179919655545502e-05,255.75386997543805,3.043376988126032,-0.008805591831914546,29.93460705030867,0.4889633563772513,0.0008303762741248033,0.4866666666666667,4,SUPPLY_VOLTAGE_FAULT
0.4479208322938124,0.04399273695969465,-0.00011988111323016962,225.01692713875624,1.9294274998190206,-0.0003082755774513002,29.904117335635092,0.5160098750223443,-0.00016701917467277429,0.02666666666666667,1,ENERGY_WASTE
0.350084744611999,0.03056350648876255,-2.8958989715962407e-05,224.83115671574205,1.9167018049146618,-0.006367459081412048,29.983336066390173,0.5077458957537809,0.00029782255748667997,0.52,0,NORMAL
1.2256573122802246,0.2173648659310761,0.004659953352683172,223.88611725560807,2.806292789793489,0.0050208131472557725,40.2215673437698,4.363216904758433,0.09882483269347174,0.6066666666666667,3,OVERLOAD_BLOCKAGE
0.3524975345241259,0.031338849807539676,0.00011995386446430542,268.8455522134467,3.05193085805317,0.0025684330390435862,30.00955036136141,0.4965485053724341,0.0005891203933003447,0.48,4,SUPPLY_VOLTAGE_FAULT
0.47587112979141827,0.08357202041110678,0.0018130469130589156,224.83911423809977,1.8307898040071116,-0.004005302417505925,33.84952672609829,2.350218592440747,0.05241082483562027,0.5933333333333334,2,BEARING_WEAR
0.4372295958855735,0.05966576048956056,0.0011782157699285565,224.85789376895914,1.8568430579027377,0.0028766041752640386,34.69054430780209,2.7812875547735367,0.06294084256245719,0.58,2,BEARING_WEAR
0.3510532693693683,0.029141223671826328,-0.00012105719706502968,224.87629780398944,1.861350911030088,0.006525787374501395,30.037983794001278,0.4377541965638892,-0.0009896354188179146,0.6333333333333333,0,NORMAL
0.3530830394823862,0.028642875634719588,0.00011544907754343922,225.1308026510705,1.9773009016276677,0.005504113702076957,30.0811433204766,0.45157502267834937,0.00010186962441742878,0.6,0,NORMAL
1.1714341039404492,0.17852195801840084,0.003701006164898516,223.90081171991392,2.272920991564667,-0.0012990772233569799,41.81354199773637,5.281447846068829,0.11980426593057493,0.5933333333333334,3,OVERLOAD_BLOCKAGE
0.34908461357044074,0.027694993984641057,-6.639011809483982e-05,264.4831541290225,3.0267870940633648,-0.0017464306749586866,30.01906110114385,0.4378672693262522,-0.0006052546375636226,0.49333333333333335,4,SUPPLY_VOLTAGE_FAULT
1.2913799821962002,0.23527598981945239,0.005143558298889578,223.98577759673861,2.3154454057486964,0.007380470642562181,39.04512675120298,3.5825843766112677,0.0796782906187497,0.5333333333333333,3,OVERLOAD_BLOCKAGE
0.34891676014772843,0.029597671006091276,-0.00015530447284947595,264.38205506299823,2.7806189704349764,-0.0012339661468110375,30.015403002605787,0.5062366766970254,0.000881740300019223,0.5666666666666667,4,SUPPLY_VOLTAGE_FAULT
0.35513312615454895,0.032902637712173534,-1.4836257207514581e-05,224.9741752907776,1.812330855880231,-6.07584119351831e-05,29.940503415956993,0.4724805675027947,-7.165890707105773e-05,0.56,0,NORMAL
0.34144897233813454,0.17017054778995308,-0.00013607972861913502,224.37165196457204,9.109806436762632,0.007674156233052559,30.015892834757082,0.486438954351258,0.0010473861900008995,0.5733333333333334,5,INTERMITTENT_CONNECTION
1.2781690766604636,0.22906658456288104,0.004966998253059498,224.17850223761764,2.492856431065034,0.004064165764900962,42.636896162825565,5.736495869022484,0.13038204959958477,0.6333333333333333,3,OVERLOAD_BLOCKAGE
0.4500545175458778,0.03759007250663005,-5.119907437971224e-05,225.18814748201666,1.943124064522593,-0.0039497845463111695,29.995438052046367,0.5059031933228394,-0.0010834371503445706,0.02,1,ENERGY_WASTE
0.35635945876750147,0.16380176823359063,0.00010648128771831642,225.18767527324488,8.501312010373956,0.00446884941900267,30.03723581374385,0.48569782572149445,0.00017168084899696237,0.4266666666666667,5,INTERMITTENT_CONNECTION
0.34891368622748364,0.17506691354992468,-0.00041164318643057324,226.03071901806794,8.673041268859718,0.0031413135067823814,29.9964443319898,0.49426614630696314,-0.00012899745016389422,0.5,5,INTERMITTENT_CONNECTION
0.3589277050578308,0.17236085415593466,-9.912749109009802e-05,225.7116851780743,9.063486887385867,-0.007950163954566008,29.97026457114116,0.5030642728177618,-0.0006104067398614909,0.4866666666666667,5,INTERMITTENT_CONNECTION
0.47167876724824265,0.07943388127422943,0.0016907111893164188,224.68305397812878,1.9289518597120436,0.006112880876041273,34.221773953166,2.5224507351366605,0.05658368777592331,0.6066666666666667,2,BEARING_WEAR
1.2023261141068773,0.1857780608796989,0.003873529414301129,223.8588580899901,2.4482236154929753,0.0019208784059966753,42.36312212372924,5.601791788894623,0.12750363905099707,0.64,3,OVERLOAD_BLOCKAGE
0.4524831644771291,0.06538534711197316,0.0013368987382948382,224.8658334050968,1.8308456311107626,-0.0004145876891059062,33.13933066166039,1.9324088653022373,0.042332851392512166,0.72,2,BEARING_WEAR
0.35348370387136613,0.029156492646699176,-0.00010203469137668876,262.4028614954076,3.2250158582121315,-0.009620164395366887,29.966316669275837,0.4604918992158777,0.0005788839847975908,0.5133333333333333,4,SUPPLY_VOLTAGE_FAULT
0.4463292100669506,0.04264253132530329,8.357473138328123e-05,225.0942100266249,2.016737642479681,0.0053725565989714156,30.053547154039116,0.5360003989154069,0.0004456457337669827,0.04,1,ENERGY_WASTE
0.3443958532108689,0.02879900243005354,-2.044118898346584e-05,225.23545826197864,2.0238035715149008,-0.0017039020279325107,30.054167048098087,0.5154671375665815,0.002542035369208083,0.6466666666666666,0,NORMAL
0.4634023432755464,0.07442529749275165,0.0015614029256431766,225.1822821167371,1.7830785186804197,-0.0030275972181273655,34.78024949170338,2.925354597459036,0.06603855085133215,0.6333333333333333,2,BEARING_WEAR
0.4477580174490678,0.04498050572210087,0.00010638828180470236,225.03450803047716,1.9100539451811798,-0.0017494276760453265,30.029284231632786,0.46939100258845534,-9.695688377242183e-05,0.013333333333333334,1,ENERGY_WASTE
0.3504866419644438,0.03082900311637289,5.261397716877779e-05,177.42090106516437,3.369524854347865,0.0014635155378706285,30.004505606819276,0.47721030597192354,-0.0025461812154878786,0.47333333333333333,4,SUPPLY_VOLTAGE_FAULT
1.2507915205936029,0.23116997673221354,0.004978558768962887,223.71801629806185,2.3091076357396476,-0.007664833305775896,42.47264675332598,5.651423516879072,0.12860938932877217,0.68,3,OVERLOAD_BLOCKAGE
0.45601459410455825,0.03990734490568865,0.00010431180706418261,224.9751588445215,1.9589285596237345,0.0004199666851873386,29.921173335116666,0.5083448051511397,0.001133419361534366,0.013333333333333334,1,ENERGY_WASTE
0.4522876137306577,0.03427395555980541,-7.295589005398109e-05,224.7880468128966,2.225786070265266,-0.0021824723325591707,30.13125860378892,0.5205170795298381,-8.363539585589268e-05,0.05333333333333334,1,ENERGY_WASTE
0.36398781103669325,0.16346128622682649,0.00026979910435098037,225.24749726024737,8.763830264037363,0.016426867582973435,29.988880759046467,0.5300711847733507,-0.0006964267978281381,0.5,5,INTERMITTENT_CONNECTION
0.3409739145461281,0.18922696438379022,-7.998852418523993e-06,225.6717436230496,9.434421742069427,0.006827678628278933,30.072325791700806,0.49599227007218977,-0.0012200777148311545,0.5466666666666666,5,INTERMITTENT_CONNECTION
0.44885081706103447,0.04363589995741474,-1.9962889837299043e-05,224.8479803899048,1.945587166227764,0.004126801856105565,30.079781013588242,0.4757006338823199,0.0012129003804541164,0.02666666666666667,1,ENERGY_WASTE
0.36300434470139314,0.16905265608759226,0.00016279027559441963,224.65039097092512,8.19849771150428,0.013680509756807183,29.964309414897,0.5138115005721154,0.0012960341466280506,0.52,5,INTERMITTENT_CONNECTION
1.146940907541101,0.15654268820755587,0.0031980146090619167,223.83630549299957,2.87816713739242,0.0013911949268630892,39.102296894958236,3.7670818288536174,0.08415159801136199,0.62,3,OVERLOAD_BLOCKAGE
0.4565095806219847,0.04132337194683531,-5.557109377637151e-05,225.2156282310379,2.0139560091565865,0.0036627881719124645,30.013761381416575,0.5229372709564631,-0.0009197161956916433,0.04,1,ENERGY_WASTE
0.5155878611249838,0.09867423988785949,0.002158215632416858,225.31870782677726,2.0180879574831514,0.0037254872523283323,34.05428165585694,2.3929255627264254,0.05355277400611023,0.5733333333333334,2,BEARING_WEAR
1.153303212867429,0.1639244674240977,0.0032920393401725512,223.74799574150316,2.3046837224339973,-0.002918975028643728,42.75469964830655,5.7830524945231625,0.13167375548191032,0.6666666666666666,3,OVERLOAD_BLOCKAGE
0.352135219814155,0.02920462626948561,-1.5808054413567966e-05,263.59704248574184,3.289320250785286,0.0018295659383368188,30.020946516299123,0.4816923313985449,0.0006248949219325849,0.5266666666666666,4,SUPPLY_VOLTAGE_FAULT
1.1400894189327544,0.15517909452343814,0.0031411340404860866,224.05710917604392,2.493844777149619,-0.004792591380403327,40.292575810619624,4.419145687923069,0.09966851912190706,0.6066666666666667,3,OVERLOAD_BLOCKAGE
0.47525935909555606,0.07577966351065221,0.0016259210425233466,225.22723117753486,2.0091336296418434,0.005050048200611548,33.991295801144936,2.256397804589114,0.05032218691196827,0.5266666666666666,2,BEARING_WEAR
0.33259614672877624,0.16988324919242542,-0.00017576956766539724,225.23353798787682,9.630034620443368,0.0037542367469182956,30.026824002614024,0.5004136169750567,-0.0018031204411144434,0.5266666666666666,5,INTERMITTENT_CONNECTION
0.35007445090643796,0.03214201125772639,0.00012304460601364988,194.1210242601182,3.1603662675794024,0.0006219368603951786,29.991890425771114,0.4818832551379958,-0.0013087873160508687,0.46,4,SUPPLY_VOLTAGE_FAULT
0.44585821226410816,0.04309510543248448,8.124369710283964e-05,224.81791645204655,1.9990304554416227,-0.001483478868211947,29.988454807369084,0.47501342557722975,0.0007130090174208046,0.02666666666666667,1,ENERGY_WASTE
0.34619198216938246,0.02857405657371695,3.264045444768775e-06,225.21285073314647,2.028679170967857,-0.0013367727926071008,29.943258109758588,0.5594164749191233,0.0013902846944895092,0.5866666666666667,0,NORMAL
0.4535373337116702,0.038587187773194344,-0.0001725419498842181,224.95624378728272,2.144344937818566,0.0018592014015943856,30.064922783358863,0.4865949794359154,-0.0009820115102063237,0.02,1,ENERGY_WASTE
0.33852341722933393,0.17635892056294214,-0.0002837402363490151,224.89923871714836,9.37629961196465,0.01609695544494895,29.996336307693188,0.5152350550595265,0.001169963919426572,0.5,5,INTERMITTENT_CONNECTION
0.34783694030072376,0.031125249782810886,8.028101593888784e-05,257.58969984117095,3.1316724506731104,0.0021228567842144306,30.02658187500409,0.4957034506495596,-0.0008398142057514402,0.48,4,SUPPLY_VOLTAGE_FAULT
0.48449642118364483,0.08014339170334449,0.001724194763818795,225.12083768645525,1.9533227915499105,-0.0027244970616004745,35.552687688756926,3.2228260325633746,0.07306802202692995,0.5666666666666667,2,BEARING_WEAR
0.4526810132322652,0.039764644170917095,-0.00015237055638962218,224.77546880231856,1.9132695395643984,0.00333697986265578,30.011199969846068,0.5289123257082637,-0.0008741040118555398,0.02,1,ENERGY_WASTE
0.3784944599752531,0.1727035008106812,0.00030222396108393364,224.98084915029332,8.742035281379172,0.00615590751136225,30.09285240791817,0.5323148820520565,-0.0019402892196429995,0.52,5,INTERMITTENT_CONNECTION
0.35185469178001727,0.029124915234616938,6.651776803612636e-05,224.6494803146548,2.0119533722755567,-0.004535680609399187,29.991072437995996,0.5216700834975083,0.0006406745520285713,0.6666666666666666,0,NORMAL
0.4698098657567563,0.07966567364603204,0.0016944822831613908,224.94820689796236,1.754737920881527,-0.003895940952144009,34.25012904495921,2.6138338738858513,0.05862587236660933,0.5666666666666667,2,BEARING_WEAR
0.4441896085081326,0.04106587296763589,-6.980419653083347e-06,225.11321218261108,1.9217759072529683,0.00025098146639547205,30.036977491081878,0.5260951292543973,0.0016711178582773684,0.04,1,ENERGY_WASTE
0.3785623282055602,0.17030819682311577,0.00019692914815626561,226.38714338631922,8.38544048164278,0.01518983690635956,29.99639685831775,0.49095098645734003,-0.001305763813684352,0.44,5,INTERMITTENT_CONNECTION
0.4466534122188849,0.03956951609790413,2.2042801473467947e-06,225.01559721529537,1.9933805917294245,0.0005020531470915504,30.063967806020948,0.5124556923080057,0.001380666779322465,0.04,1,ENERGY_WASTE
0.4475114003006908,0.03641879559228975,5.387332600619975e-05,224.8082187722052,1.90589584858233,0.002403824230014824,29.98022816874733,0.49716024038948664,0.0001348423759785529,0.02,1,ENERGY_WASTE
1.2247536661506102,0.1997785300254861,0.004240408022491429,223.8757623731229,2.255163865761586,0.00394074893361003,42.23253881455591,5.540750794699285,0.12548773968245616,0.64,3,OVERLOAD_BLOCKAGE
0.34881321107974356,0.02927244030888116,-2.8515736578625026e-05,273.8514923112189,2.8539413639337567,6.496582001006385e-07,29.952081263226695,0.46013672981258985,0.00013981535984382347,0.4666666666666667,4,SUPPLY_VOLTAGE_FAULT
1.1423290067532204,0.17357963647942443,0.0035418415940628297,224.06103252989925,2.5320828805723097,-0.007618795646256932,41.75583862453663,5.1241314439797945,0.11645404264011024,0.6066666666666667,3,OVERLOAD_BLOCKAGE
0.34864000236454845,0.03213563523572078,-3.216133854665696e-05,187.53488405021568,3.1316182205512635,-0.0027346590914193503,30.01003872710548,0.49604368470469845,-0.00036586284424385647,0.5133333333333333,4,SUPPLY_VOLTAGE_FAULT
0.34799896649262974,0.02886765892793685,-1.061593367257347e-06,225.05618493401562,2.152622567577967,0.0006322685319415476,29.957964662698807,0.4925553461728412,-2.6464409587240016e-05,0.5666666666666667,0,NORMAL
0.349409355121204,0.029180266826217674,4.306957005383359e-05,224.8291908197775,1.881559437363148,0.004529010849209086,30.029097433490183,0.5029460813609724,0.0017749958784544601,0.5866666666666667,0,NORMAL
0.3520937442421278,0.029917365203876382,8.834331258596656e-05,225.20780172122923,2.100283433735215,-0.0005865391769601555,30.06940851476896,0.5020571399224629,0.0004910621959528396,0.64,0,NORMAL
0.32388685924091976,0.16307733038314767,-7.660560252122785e-05,224.90018712154642,9.26337966799064,-0.041898870311412,29.92829709552887,0.4723844292472875,-0.0014510609230092427,0.4666666666666667,5,INTERMITTENT_CONNECTION
0.4399011457433547,0.062191274415026664,0.0012440211777780105,224.87547013706305,1.9017508603013238,0.0057167887395118055,35.27963139368907,3.121320301651932,0.0708562827352714,0.64,2,BEARING_WEAR
0.3509485080727424,0.027835854934625533,-2.1934856743525703e-05,267.7117241793811,3.339469566045359,-0.009395217624374027,29.954472931407327,0.4914222763466025,9.438288904423377e-05,0.48,4,SUPPLY_VOLTAGE_FAULT
0.49531454449287216,0.09345283935459638,0.002060542555968786,225.3034403627481,1.8282536314166675,5.554535102054443e-05,34.361201492385504,2.5390185856112937,0.05720399092923995,0.6266666666666667,2,BEARING_WEAR
1.287726620613183,0.24404869259444642,0.005344257526141398,223.81679171937333,2.468025184736192,0.0077937901159711494,41.62672795536882,5.159906958088671,0.11649752645394593,0.62,3,OVERLOAD_BLOCKAGE
0.3473616969567609,0.031031183355161772,-5.7882801692720285e-05,188.24251967886244,3.2123645999547015,-0.001197385554687601,30.006025997873756,0.47026773590243093,-0.0002273688016605381,0.54,4,SUPPLY_VOLTAGE_FAULT
0.34954404270389716,0.030583355077680067,5.66623137074868e-05,190.155217274353,2.8563188227360787,0.006067965078571736,29.967163956124786,0.5414373964935554,-0.0009171680527202318,0.5066666666666667,4,SUPPLY_VOLTAGE_FAULT
0.3475654578159704,0.17550214544430578,0.00035931362637003645,225.09362630537964,9.12846539165148,0.003789480348230945,29.957383727197058,0.4725339346495413,-0.0002974676622783189,0.4533333333333333,5,INTERMITTENT_CONNECTION
0.35535819225931725,0.16029769625682008,-0.0002759069383682638,224.90613787889433,8.594931734316235,-0.04255324492053648,29.98748120168042,0.501095069367009,0.00013971549897525654,0.5666666666666667,5,INTERMITTENT_CONNECTION
1.2770121326277468,0.23184067440482675,0.0049964274928888846,224.01504891121584,2.3449795249133425,-3.0769093331557485e-05,42.048509109589446,5.357212135890532,0.12137017953745932,0.56,3,OVERLOAD_BLOCKAGE
0.45536167318909104,0.03588453906915341,3.4771562330206586e-05,224.7877928384957,1.946660337950141,0.0029506070218948233,29.962640798807236,0.5101963500880103,0.0006615000454115018,0.02,1,ENERGY_WASTE
0.37948254266850234,0.17334003797961245,-0.00043471363345967375,225.87548738165322,8.901691414212069,0.02165281829546421,29.94735502859073,0.45714734427429365,0.0005014570083392062,0.52,5,INTERMITTENT_CONNECTION
0.35161131163479126,0.031070066749654294,-3.745344422126621e-06,181.6059126587358,2.9316194570935945,0.003906830841490686,29.952095064755145,0.5256013330831799,-0.0005675791443448921,0.5133333333333333,4,SUPPLY_VOLTAGE_FAULT
1.290689500747231,0.25193853957024137,0.005506094502353478,224.0057471043316,2.556573933191005,0.0016567518465827528,42.79509292772891,5.779254588224685,0.13106625144679826,0.6333333333333333,3,OVERLOAD_BLOCKAGE
0.3418154257708448,0.1821991013916419,0.000520658902302405,225.2593488684187,9.44506265057845,-0.017126202639932284,30.00843843187967,0.5014870205204311,0.0009155610388612613,0.5533333333333333,5,INTERMITTENT_CONNECTION
0.37395053119829674,0.1671519327158659,-0.00010202990739474232,226.75788553388662,8.763832859839578,0.006800841773325546,30.019915714277275,0.5096882723979187,-0.0004513164923335057,0.4666666666666667,5,INTERMITTENT_CONNECTION
0.45322945499661016,0.04056471358459179,8.649724778940059e-06,224.8894449041584,1.8610956677922614,0.0007784102263249267,29.941255719795397,0.47960702570994496,-0.0009376783704934179,0.03333333333333333,1,ENERGY_WASTE
0.33726395996107045,0.18250980075157466,0.00023717292806499116,225.20676044475317,8.551469132341659,0.019034513015807768,29.993636042768365,0.5054736774543792,0.0009157504426132498,0.49333333333333335,5,INTERMITTENT_CONNECTION
0.3504221530810194,0.02996157371269389,-8.874797423737323e-07,187.82796960245477,3.0469545901219584,-0.0007804449495132673,30.044505211226873,0.4573421747914264,0.0008145185908174287,0.5733333333333334,4,SUPPLY_VOLTAGE_FAULT
0.45056938616918196,0.06484233777011407,0.0013156646436093423,225.04898411202961,2.064242109948765,-0.0028413108979433188,35.178643737576095,3.1236161099789492,0.0707276823138273,0.5933333333333334,2,BEARING_WEAR
1.2677820111827027,0.23053555663070446,0.005075029595878784,224.2032732669682,2.4103682833315365,-0.0003744256390742411,40.287059801620764,4.471201460582357,0.1010976397859619,0.66,3,OVERLOAD_BLOCKAGE
0.3494793026958004,0.034759865051286094,-1.3877900343985433e-05,225.01193731589717,2.0547488748385856,0.00530888307175432,29.987781257188246,0.4839237464913255,-0.0007852128942035853,0.5866666666666667,0,NORMAL
0.44545906093865845,0.06325600014468895,0.0012547874808853826,224.90047714159067,1.8671772237561022,-0.007347133006413039,35.678890315628074,3.384514949865096,0.07682152153356055,0.5933333333333334,2,BEARING_WEAR
0.4519763486787652,0.03637235621575321,-2.561607472596648e-05,224.91348057196655,1.9372209827871574,-0.00036019122135665197,30.043674883378287,0.542667170983702,-0.0009333454568710203,0.006666666666666667,1,ENERGY_WASTE
0.34889026097883613,0.02804240478161936,3.15618939932935e-05,225.0363464026642,2.126541739995863,0.00013046306797199139,30.01868640750623,0.4990976595956288,0.00018455103200578312,0.6533333333333333,0,NORMAL
0.3480522268623185,0.026529809932122114,-0.00010475891770827324,175.28163710118923,2.8654767442315348,0.010253774256228362,30.020479481645985,0.5039850225898294,0.0009524165907528212,0.47333333333333333,4,SUPPLY_VOLTAGE_FAULT
0.34972303864400556,0.02998135182420751,5.787683376712339e-05,225.0185218113773,1.813510508924406,0.0035432546700065954,29.977989974356444,0.532297192003164,-0.0012934576329157272,0.6466666666666666,0,NORMAL
0.34756322692226366,0.16823718885383088,9.344648647532759e-05,226.208972687554,8.696752680409544,-0.004395417475142487,30.09516719279489,0.5559502061204568,-0.0012319724387281597,0.48,5,INTERMITTENT_CONNECTION
0.5042829300965834,0.0923757402959124,0.002030820192723231,225.03010201572553,1.9441751985636277,-0.004116026870726868,34.15959953160321,2.553599405644232,0.05732872788400928,0.6066666666666667,2,BEARING_WEAR
0.4512627394106767,0.042666794685261876,-7.965235024040768e-05,225.11602936405515,1.922327521522627,-0.0044403563146607015,30.015809897271648,0.47415060796326797,-0.00048236012053805614,0.013333333333333334,1,ENERGY_WASTE
1.164599367491831,0.1541581444895125,0.003040796608301184,223.84500035019218,2.4357802371109933,-0.0032719835063295885,42.06237016263535,5.395714361771412,0.12259089227810566,0.6933333333333334,3,OVERLOAD_BLOCKAGE
0.48280248800863435,0.07899015481012718,0.001687815033539,224.894770142422,1.9387495588380725,-0.0008984201452446679,34.101607190021994,2.523790874914952,0.05683927896433222,0.6,2,BEARING_WEAR
0.45170543964169935,0.04055220313115109,-4.5107931295081024e-05,225.0217306969588,1.981490408062184,-0.0009351257453011206,29.95542745154374,0.457381630544491,8.992836018019922e-05,0.03333333333333333,1,ENERGY_WASTE
0.3520918740251771,0.1813859256078223,0.00015110996895145577,225.62945296421162,8.20648360832009,-0.011802156931588495,29.96446506728942,0.5146119345136554,0.0011893175503943432,0.47333333333333333,5,INTERMITTENT_CONNECTION
0.4501699240336641,0.03851222521118576,3.5721337518981946e-05,224.91544979579368,2.0257838325754918,0.0007969810416994873,30.042004826270933,0.5209612653096866,0.00015229129556764405,0.04,1,ENERGY_WASTE
0.3635483651451671,0.17913797067090295,-2.2242254405163777e-06,224.77626290128444,9.262880239412327,0.013615497330986943,29.95337462277256,0.4954667829826348,-0.0006778960376844093,0.43333333333333335,5,INTERMITTENT_CONNECTION
0.44903825618363424,0.038602742780814776,-2.4053764192055232e-05,224.943980079256,1.8531835669967684,0.00034651649893231213,30.006197848805265,0.5116914387149254,0.00011145529321983208,0.02,1,ENERGY_WASTE
0.3515351025747282,0.030706900577700195,-0.00012710535123338412,267.0942866007173,3.027846825949187,0.0011902212243533586,29.93946129233773,0.5354481151230192,-0.0009144321368060697,0.5,4,SUPPLY_VOLTAGE_FAULT
1.1814419155726366,0.1798812675203311,0.0037832149976541806,223.8920868242,2.47792032120627,0.00043670358034436917,40.062396820614616,4.237208671810899,0.09452437686330267,0.6066666666666667,3,OVERLOAD_BLOCKAGE
1.2540833485638176,0.22149666609705965,0.004782116349874709,224.0628782089476,2.455848320640603,0.005495138941832875,39.63757541700584,3.9431485883849455,0.08817529639271027,0.6066666666666667,3,OVERLOAD_BLOCKAGE
0.48516455014658066,0.08482757265217485,0.001831360128911045,225.12794825559297,2.1250210593711203,0.009038371940348585,33.71517887738367,2.286727550745375,0.05082155376594726,0.6,2,BEARING_WEAR
0.46940063626556355,0.07530185362033912,0.0015931720368981244,224.8424067601187,1.990994905322764,0.0006974635883401368,35.49787177618714,3.245590807033754,0.07383407485232202,0.6333333333333333,2,BEARING_WEAR
0.3480878129430227,0.029149422544963364,7.893137477237819e-05,263.88421388045373,3.1691344565884645,-0.00465208066643449,30.042573166197812,0.48040330385240315,0.0002835723008325349,0.44,4,SUPPLY_VOLTAGE_FAULT
0.3504876158206892,0.030741207403366003,-4.4346991310846105e-05,192.08297792902124,2.88122539775008,-0.002896108484987535,29.959112468797787,0.5141557027574737,0.0006415901289063635,0.46,4,SUPPLY_VOLTAGE_FAULT
0.45039714338152065,0.04282807049828183,1.8698974151868664e-05,224.84911242241816,1.5990710236792476,-0.0023571944831412444,30.010000896779044,0.476912539131211,0.0010737152859459087,0.02666666666666667,1,ENERGY_WASTE
0.3506799714460697,0.030487445914734557,7.270130378430872e-05,264.344906131964,2.9950644735647733,-0.0010399861705033392,29.987353240140024,0.543821146195982,-0.002051112222685074,0.5466666666666666,4,SUPPLY_VOLTAGE_FAULT
0.3495170399967764,0.0281671274834934,-2.2997468359035078e-05,224.7527209981961,2.231242969003907,-0.005899565474255292,30.064629374359562,0.4828869861351957,-0.0007221186277116283,0.5266666666666666,0,NORMAL
0.3517636721868529,0.027420741252162022,-4.963677342815948e-05,224.6316757248118,1.9303694238541818,0.0017859204031165155,30.009819405665233,0.48069245849405917,-0.0005740573742669986,0.64,0,NORMAL
0.32805189615930386,0.18846270760290995,0.0004943934907629316,224.29976695553384,9.169075836731086,-0.0004291781601564302,29.986959820405602,0.47582326040271394,-0.0013646164960853246,0.46,5,INTERMITTENT_CONNECTION
1.2839885383272152,0.24574540444138807,0.005300686320193985,223.86162482363318,2.4026996134701943,0.010749708388482195,42.569723445232974,5.7779917755909915,0.13113477266015133,0.6133333333333333,3,OVERLOAD_BLOCKAGE
1.2821292526014676,0.23730006618260946,0.0051429538840717225,224.17137529819306,2.5804743043717804,0.0020105581222417987,40.50614140802162,4.507242947360159,0.10155950207240541,0.6333333333333333,3,OVERLOAD_BLOCKAGE
0.3513507904055581,0.02905318046758387,9.133246689111085e-05,176.146091126787,2.8248799630729238,-0.004885852296307153,29.981687187840567,0.4681893715836994,-0.0014347239767561351,0.5066666666666667,4,SUPPLY_VOLTAGE_FAULT
0.4493202401292073,0.03709165337778221,-6.785346293166707e-05,225.0758718672095,1.9965754905553825,-0.008880630521305366,29.967792343855873,0.4882941685897734,0.0003739293356124167,0.02666666666666667,1,ENERGY_WASTE
0.35583696795930597,0.027194823524258113,7.063929297917671e-05,225.01786829056726,1.9724145474784738,-0.002298247391332698,29.936057077819946,0.4684890746968416,-0.000217525067564268,0.62,0,NORMAL
0.452162402296168,0.03790570880515057,7.175792020497804e-05,224.92946355172424,2.0518052359467194,-0.0026262752586276175,29.980804437576385,0.47342459466361875,0.0006967556929706102,0.02,1,ENERGY_WASTE
0.45030163416306435,0.03800132478213574,3.5990548850391316e-05,224.8566085754995,1.8839268663724558,0.0005486577615724064,29.9567162329162,0.45053605671523195,-0.0004707571909686285,0.02,1,ENERGY_WASTE
0.35264841715245515,0.031016240979384945,-4.469176577108591e-05,224.93153023446632,2.000197431629106,-8.965792037680629e-05,30.008140521525867,0.52706448744089,-0.0004904553744686852,0.58,0,NORMAL
0.4357724757296507,0.05852901681149689,0.0011402613860080995,224.72250300558838,1.957701814656822,-0.006088537629417992,33.37029611059017,2.163331294730436,0.04822540606154346,0.58,2,BEARING_WEAR
1.272450228365689,0.2264518826122519,0.0049030887346329525,223.94461558052717,2.472934849129471,-0.003315125076825136,41.484287727346114,4.863379029968543,0.10976006941436886,0.5,3,OVERLOAD_BLOCKAGE
0.37006909097393165,0.19508187226392767,-0.0001657428902876107,225.0909832703046,9.717417464943708,0.039902268464882616,30.05812858020808,0.5531531867243906,0.000744501078654423,0.43333333333333335,5,INTERMITTENT_CONNECTION
0.4873418819938288,0.09240734816215389,0.0020168808036616494,224.9405508432807,1.9327370527792596,0.00125173509346973,34.58137693941519,2.760334781243411,0.06224536062765431,0.54,2,BEARING_WEAR
0.4653097866342021,0.0771161057004139,0.0016475034914184825,225.2752684656856,1.907584255342881,0.0008583391253944492,33.6868131714537,2.1937089030325696,0.048893864140577684,0.5666666666666667,2,BEARING_WEAR
0.3541885750204758,0.03176725137079367,-5.871819149940518e-06,260.4348987615077,2.885300243861078,0.0028969233768984123,29.991236208949523,0.5078225996482864,-0.00024508010702472286,0.5066666666666667,4,SUPPLY_VOLTAGE_FAULT
0.3516400741564895,0.029216975064207656,-0.00016386221501541817,225.1561040835049,1.8366636896895998,-0.003945728649874137,29.957079780274046,0.46211943369066766,-0.001179070168037957,0.6266666666666667,0,NORMAL
0.4972604708124701,0.09356201865440436,0.00204146654711737,224.74106666501766,2.135176183353641,-0.004741772198938261,35.43097248312378,3.224276267524429,0.07315721090340853,0.62,2,BEARING_WEAR
0.49159190624447924,0.08427558342036019,0.001782811769712662,224.98553846286265,2.2374916900609367,0.007099469725996245,35.917347099513734,3.4348006852968873,0.07792519405387094,0.5733333333333334,2,BEARING_WEAR
0.440292975416597,0.059596772999903284,0.0012128102470982751,224.76477811464915,1.9833466020616115,-0.003782451928769388,33.9569414411649,2.351890180840111,0.052613793223857126,0.5933333333333334,2,BEARING_WEAR
0.28445206222871827,0.1744268693516643,0.00035856373241751764,222.40395785053872,8.215474258065314,0.017414980292305243,30.067289695446117,0.4647247299952176,0.0002945741382449983,0.49333333333333335,5,INTERMITTENT_CONNECTION
0.347912179032509,0.02972347308625161,6.743257553890035e-05,255.20393542546634,3.0341272284817395,-0.012293005284651125,29.987133933004067,0.5141088357423775,-0.0007530580318550112,0.56,4,SUPPLY_VOLTAGE_FAULT
1.1148170187956032,0.1493813186573969,0.0030073766962299387,224.31127764775272,2.6431399096960444,-0.0028321871572707055,40.728403812213465,4.741385927332471,0.1074729335644171,0.6733333333333333,3,OVERLOAD_BLOCKAGE
0.44791802738303393,0.04120210581430094,1.2708630494922697e-05,225.05260948311314,1.9206833333968478,0.006349456656146459,30.04048653102373,0.49390778746868474,0.001170224575976833,0.03333333333333333,1,ENERGY_WASTE
0.5136238177551716,0.10079738434145404,0.0022158490148498165,225.1421496234544,1.8860903619693814,-0.00731903021547497,33.50203800964859,2.1160308427866554,0.04711993917903953,0.5266666666666666,2,BEARING_WEAR
0.49905495558986807,0.09134245172628178,0.0019998373014094477,224.9056265052892,2.0079525845230073,0.001456960585656417,35.18272763216333,3.023077587995551,0.06870750592062624,0.6,2,BEARING_WEAR
1.2034187517588983,0.19542149121436753,0.0041638066045149354,224.0234628446146,2.4519133815781715,-0.00043131147986051865,39.94554945866044,4.097847758731333,0.09223739083345116,0.6733333333333333,3,OVERLOAD_BLOCKAGE
0.35244139564341037,0.030271418100031332,-4.859155525054869e-05,263.41258770064644,2.757091877239267,0.00579715864322857,29.92493871617298,0.461979212187109,0.00037817965232532193,0.5533333333333333,4,SUPPLY_VOLTAGE_FAULT
0.34544279833886615,0.02882711581675392,-7.010150503283433e-06,225.0130272544352,1.899842681514468,-0.0020378410069425883,30.112324220194143,0.5067016078742068,0.000782073870087171,0.5733333333333334,0,NORMAL
0.46247982006178906,0.06947760918571601,0.0014586062492349225,225.30197953443684,2.1082092936383074,0.0019284461032993017,33.322639895815584,2.0132495168122673,0.044203890853617936,0.6333333333333333,2,BEARING_WEAR
0.3424028645137812,0.17724747512373076,0.00012446599306761396,224.21680141932592,9.99598234994268,0.024659940350246462,30.115351881276244,0.5374429915902482,0.001775219459889175,0.5266666666666666,5,INTERMITTENT_CONNECTION
0.3469076769996686,0.0293691913717283,3.763030307178188e-05,224.6428777237057,2.120623467094644,-0.0029002981933009845,29.993543474733343,0.5448243245751571,0.0012414667339802669,0.58,0,NORMAL
0.353353231357455,0.1883908691559741,3.398329893373271e-05,225.64464307157132,8.37120378641036,0.004566328874179255,30.026173185984828,0.5254474326333033,0.0007028229163126822,0.46,5,INTERMITTENT_CONNECTION
0.45046414058887424,0.03610496327762725,3.7631990068728166e-05,225.13564948558243,1.8024744657362597,0.004602658550683305,30.037198033478695,0.4304536348639412,0.0013426311229755997,0.013333333333333334,1,ENERGY_WASTE
0.44286940369761835,0.04275949519211276,-3.6457621903772193e-05,224.83256279698807,2.145278393266349,0.0011342606865525635,30.026286552946306,0.41851748418708073,0.00014118535018641586,0.02666666666666667,1,ENERGY_WASTE
1.2769475071350014,0.22778443589992742,0.004865863334741228,224.14045694715693,2.356879518086839,-0.0014670570016211194,42.78076116277244,5.700310042886251,0.12952125851961796,0.6333333333333333,3,OVERLOAD_BLOCKAGE
0.45044733320542246,0.044317388949268004,-8.409088202280481e-05,224.74476647497684,1.8543471636065412,-0.004687129850343946,29.983770884955437,0.507454574566052,0.0018256168621836636,0.006666666666666667,1,ENERGY_WASTE
0.3510272473909764,0.16916245600346425,-0.0003648847486118345,225.79397709587928,9.757360470896677,0.01751650683469649,30.095284943442046,0.551104473512599,-0.0006895794827842486,0.52,5,INTERMITTENT_CONNECTION
1.2601773586646876,0.23275264422162148,0.005001985661599802,224.06422391173678,2.337997117615826,0.008935943313647278,41.68231975756935,4.971664249506477,0.11234152101886782,0.62,3,OVERLOAD_BLOCKAGE
1.2918734098604476,0.2421234733834674,0.005313614726520102,223.79804694319324,2.627571411220137,0.005391649481749211,38.92793171912155,3.6767692685286004,0.0813033258232095,0.64,3,OVERLOAD_BLOCKAGE
0.43088915421006163,0.05317298225547896,0.0010334615181744231,225.0672153189853,2.0787302827349423,-0.00017648766999748126,34.78581500526352,2.7775792339231216,0.06245407351231161,0.64,2,BEARING_WEAR
0.35113710989934344,0.029307583268461408,2.1711595238264775e-05,189.57985474949888,2.8653535689713028,-0.00396699910884146,30.02285288222386,0.43980064167711025,0.0010630249178927309,0.47333333333333333,4,SUPPLY_VOLTAGE_FAULT
1.0981578433867143,0.1507463777853117,0.0028895782678409333,224.25201696219276,2.2707475645264954,0.00823864211146218,40.3849599691088,4.34489089522387,0.0978357477683021,0.6066666666666667,3,OVERLOAD_BLOCKAGE
0.4510410957639478,0.03714535708629147,4.727201278516549e-05,224.8807575818546,2.01054753875678,-0.005096302395588499,30.036685764936387,0.523781517642312,0.00023480802236302062,0.02,1,ENERGY_WASTE
0.34899931788750743,0.028419504180027068,3.598220538053413e-05,183.72787895726643,3.063210017515125,0.0038631446500320354,30.013763022990553,0.49978223579326936,-0.00024988561664731154,0.56,4,SUPPLY_VOLTAGE_FAULT
0.4486969112237377,0.038708194282237304,-0.00010368475225841038,225.04642468165596,1.9224784648929343,0.0012043340856166878,29.982909319276878,0.44358228792957516,0.0013381070240620183,0.03333333333333333,1,ENERGY_WASTE
0.4577637407649522,0.06933507510865149,0.0014444335813063496,224.85427191421215,1.8974930394497707,-0.002984497553740874,35.685368433697356,3.3393358066993293,0.07586815093916702,0.56,2,BEARING_WEAR
0.4810558396588797,0.07889888409386071,0.0016970222385415635,224.95534033158216,1.9656593354482028,-0.0018134394058164653,33.2775326433164,2.093658779027532,0.04620551790810779,0.52,2,BEARING_WEAR
0.44740901422507723,0.04349791657325996,6.709718817740215e-05,225.15376418091765,1.8421062508829664,-0.0014462174024776912,30.001113508900065,0.49862970593563727,0.0008285904317335708,0.02666666666666667,1,ENERGY_WASTE
0.44447531099078863,0.040330264937531196,-0.0001430798188261619,224.94621985331585,1.9125652696966764,0.0026601619669068496,29.95342498725365,0.4930337493633708,-0.0009063649348660048,0.04,1,ENERGY_WASTE
0.3422219359975665,0.17045479998740926,-0.00038542413234099617,224.2320652392785,9.008420729305488,0.007388811163289761,29.983956710487547,0.5053718460566958,0.0010277575001492343,0.46,5,INTERMITTENT_CONNECTION
0.3508581099663292,0.029654387478393027,4.1983728356020124e-05,182.71936462377076,2.8776471537011368,0.000912929668221777,29.961602891858977,0.49884369007412754,0.0016590308647399705,0.43333333333333335,4,SUPPLY_VOLTAGE_FAULT
0.4711879262806218,0.07373871798690826,0.0015534908451993684,225.12499194005747,1.8618915158006113,0.0008290724854621147,33.84806625309655,2.3504178082477956,0.05245784709629736,0.6133333333333333,2,BEARING_WEAR
0.34915611766590604,0.02806363768989027,-2.4242866847655132e-05,181.35247829363172,2.9298226710042288,0.004907657990241584,29.993471680807353,0.5074327842108357,-8.404713507041186e-05,0.5533333333333333,4,SUPPLY_VOLTAGE_FAULT
0.43729147606380775,0.058223954794055344,0.0011647384719165267,225.0634788288901,2.114563256171494,0.006332184826576686,34.851937237167185,2.8052702969923686,0.06364460046536842,0.5733333333333334,2,BEARING_WEAR
0.3406294318620668,0.17521708072994152,6.639002889003924e-05,224.1648093313,9.445815485862601,0.0035055908287083943,30.05362107412236,0.5097838654475896,0.00029430953247276036,0.4666666666666667,5,INTERMITTENT_CONNECTION
0.3504169706276585,0.02887431081998808,1.9920344218543147e-05,224.9482307009854,2.00225762745335,0.001946297683135583,29.968825561852693,0.5495455326008889,0.0015427895171929407,0.5066666666666667,0,NORMAL
0.4575874991991632,0.04220511319170286,8.977908421346003e-05,224.86772561122024,2.0262757815309054,-0.0007920667129796151,29.95652221204236,0.4846688917876328,-0.00015870366258388799,0.02666666666666667,1,ENERGY_WASTE
0.35491314508717514,0.18705416580826165,-0.00030345522681143536,224.26206580110846,9.257285603437872,0.006711581699064299,30.036958790726484,0.48995978715962096,-7.142722576973863e-05,0.5,5,INTERMITTENT_CONNECTION
0.34821737420926135,0.029314866463605774,-8.511313342310135e-05,273.5703873281329,2.9961046754792267,0.0020907355277047794,29.95049915775488,0.4803489000442619,0.0022425996347842044,0.4866666666666667,4,SUPPLY_VOLTAGE_FAULT
0.43952208286530864,0.055114554834780866,0.001108277878715231,225.3364870555227,2.13927173604106,0.00010898013722566252,35.36004145708021,3.118265124868991,0.07074605450772882,0.5733333333333334,2,BEARING_WEAR
0.349513379951065,0.029039387357660193,-7.913347744366325e-05,256.11662723390134,2.7355266643925598,0.0039352506276245066,29.943978621859685,0.5015562901100602,0.00033800676085749784,0.5533333333333333,4,SUPPLY_VOLTAGE_FAULT
0.46044937978446454,0.07130986780947712,0.0014870406280341638,225.23719643517998,2.0049867680373286,-0.0008595277225449256,33.322442568437445,2.062176340134765,0.04543958503807375,0.5933333333333334,2,BEARING_WEAR
0.35262837566517446,0.027875618840816335,-8.83236439965744e-05,224.96646069064687,2.2329810605259004,-0.005283650974811664,29.95542150586994,0.48580178282654407,-0.00026983395217069974,0.5133333333333333,0,NORMAL
0.45623341835695524,0.041744211582783464,3.201005516151552e-05,225.0691003739306,1.8207056862431252,0.004659135767556994,30.02196267764283,0.48888002277028947,0.00020467072084740976,0.03333333333333333,1,ENERGY_WASTE
0.36964042442600137,0.18519821974610803,0.00016290638355244313,225.59918666966254,9.508862780383792,-0.009249589073091598,29.939774875351485,0.44786788719408593,0.0002198591036026685,0.5066666666666667,5,INTERMITTENT_CONNECTION
0.36868956538843495,0.18505257879069772,-0.00016573305212584297,224.26383211595743,9.394083626661734,0.015864868059442993,30.034192800038486,0.5246432486474357,0.000867447069772348,0.42,5,INTERMITTENT_CONNECTION
0.35331673205641334,0.17272613086370495,3.4201130043893765e-05,225.60108802245372,8.670859409861622,-0.006728985547865132,30.010079924806202,0.48762477219140377,0.0013449797250097981,0.49333333333333335,5,INTERMITTENT_CONNECTION
0.4483619311024531,0.03714630324547151,-8.929681368190857e-05,225.2048612527846,1.6500677529962395,0.0005666316766582461,29.994093756074612,0.48676479260710737,-0.0012302492230693244,0.03333333333333333,1,ENERGY_WASTE
0.35480243314397397,0.03106855328928975,-3.4407284990188306e-05,224.93253624253043,1.8782083589100886,-0.003222495605977308,29.941953698650057,0.5080924419882986,-0.0006447632397952723,0.5133333333333333,0,NORMAL
0.34716377815289023,0.03243721067036542,0.00013083149935865114,224.97436606068476,1.9111260169165207,0.00072619101191726,29.99010538295487,0.5402902833476058,-0.0013551326307939112,0.5933333333333334,0,NORMAL
0.3508820156266351,0.029921114795101986,6.357181580259409e-05,224.94925976022176,1.9103895480394975,0.008231090333404726,29.99078529441477,0.5435740210664363,0.0004683213537112293,0.5933333333333334,0,NORMAL
0.4683585364564099,0.07417086407352312,0.001570612146176248,225.29200758897142,2.092491055551669,0.0007421111591395244,34.362019108841906,2.588329415422914,0.05822410150984616,0.6533333333333333,2,BEARING_WEAR
0.4970645318161365,0.0909723928913228,0.0019841360834969195,225.1299884168244,1.9905024663043196,0.0007883592762821157,35.136531066198806,3.0681302499587857,0.06924141580494071,0.62,2,BEARING_WEAR
0.4479593417295613,0.03505725444977796,-4.81774606181622e-05,224.85543768635577,2.2343492227542257,-0.012058269153239853,30.006313572056577,0.489420571378022,-0.00030782184905401146,0.04,1,ENERGY_WASTE
1.1465255654311122,0.16379922215364456,0.0032738242038326884,224.03916816170812,2.4905426147029286,0.0039579389852014,38.901389310741024,3.6433077885914504,0.08017490595993358,0.5533333333333333,3,OVERLOAD_BLOCKAGE
0.5064206665485534,0.09315091632181487,0.0020233927030311235,224.82055489253145,2.00897915687571,0.0019952393614896687,33.48701040189226,2.108119449125931,0.046651578376480686,0.64,2,BEARING_WEAR
0.3496187230490111,0.03057552932035793,0.00015178889280850777,225.12897550752444,1.995557112065808,-0.004063862868126726,30.018025523364685,0.494830862921893,0.001086472743546493,0.58,0,NORMAL
1.2733999934913718,0.24059343278005513,0.005273020453494212,224.05144091396122,2.2201460570513003,-0.0020183620701975757,40.20395698613338,4.307819808812911,0.09673987550097447,0.62,3,OVERLOAD_BLOCKAGE
0.4331573695097984,0.05960412865615814,0.0011803337336354252,225.1249219922719,1.947782886979218,0.00398671684010611,34.09211723655174,2.554444302666979,0.05715100173982633,0.5533333333333333,2,BEARING_WEAR
0.5148727218711912,0.10018372995878251,0.0022006272379737723,224.83372118662024,1.9616690036207083,0.007816547331824162,34.484179667211656,2.564677404693421,0.05765790475680069,0.5666666666666667,2,BEARING_WEAR
0.4531509510389806,0.03822745848968506,-4.2579843183818116e-05,224.72245624224996,1.9465915473864828,-0.001742737592935543,29.89934181892604,0.4769465719915371,0.0004318221867415231,0.02,1,ENERGY_WASTE
0.34858087527878684,0.03090965094504778,-3.98959358998318e-05,183.26132896704618,3.0463312687474717,-0.0012611499637827709,29.97094677773828,0.46385793892508054,0.00030882704810574705,0.4866666666666667,4,SUPPLY_VOLTAGE_FAULT
0.4418622331089744,0.061658482856698095,0.0012163308446937835,225.0880630280059,2.0117182482680542,0.0008073289400472564,33.488135956056254,2.1071371261793517,0.04691751022564253,0.5933333333333334,2,BEARING_WEAR
0.448057874957795,0.04079284551452166,-2.2587671617986878e-05,224.69560260144732,1.8028521556345452,0.00031102395136778426,29.994149385165397,0.46375198472661405,-0.00019201259592667913,0.03333333333333333,1,ENERGY_WASTE
0.3466196602027667,0.03202507631023846,0.00010435525947546152,225.27545577274734,2.084493522332603,-0.0020666860821222884,30.049252339528586,0.49573707379006793,0.0011834887020845909,0.5733333333333334,0,NORMAL
0.4344641372894958,0.0571858503768439,0.0011490633649826072,225.01531596673763,1.9919626005419016,0.007384847960320258,35.10725533144723,3.1685432184893636,0.07181778780053003,0.6533333333333333,2,BEARING_WEAR
0.35271111338822936,0.034117761866359064,3.0729255861121105e-05,183.51969262469407,2.774009434318841,-0.00797238014476708,30.007121396592016,0.47884663415730877,0.0005976316873855643,0.4866666666666667,4,SUPPLY_VOLTAGE_FAULT
0.35150089514585137,0.02826684270636586,-2.503141092894369e-05,266.7250250205581,2.901860105123137,-0.002321057854178917,30.005037104753733,0.47935882162366433,0.0013860653326637498,0.48,4,SUPPLY_VOLTAGE_FAULT
0.48220388992690727,0.08419342148437196,0.001815897821376668,225.0505091989156,1.9397009014709634,0.0004506919510198552,34.056120885349735,2.5061425208434414,0.05647715420755102,0.6066666666666667,2,BEARING_WEAR
0.44147272123569564,0.06034938858822105,0.0012469365635953526,224.95429197430522,2.304123397924436,-0.009944461489393847,35.68355447013468,3.2979014082623226,0.07465798598918486,0.62,2,BEARING_WEAR
0.4368251397753154,0.05631038358455973,0.0011277558325355583,225.10322675808953,1.8522253043270378,0.00299648052190451,35.14090988776722,3.0287706202008797,0.06841633492288356,0.5866666666666667,2,BEARING_WEAR
0.3514661045699982,0.029975688441183222,-6.775838402363789e-05,257.8005399462986,3.2487855523431888,-0.0028214844853709014,30.016561136904468,0.49698744329711775,-0.0013420785056187097,0.48,4,SUPPLY_VOLTAGE_FAULT
0.5174010391776974,0.10039481086011752,0.002227658296071719,225.2217930727586,2.0710240553399015,-0.000499884259854382,33.58943666895336,2.152229396842909,0.04786375078466941,0.5733333333333334,2,BEARING_WEAR
0.3521242758727812,0.031236317032737985,6.962698211000075e-05,224.97385899708527,2.0128495061591924,0.000931365146405571,29.971358994189735,0.4905325257226887,0.00035905108485826764,0.6266666666666667,0,NORMAL
0.3441476810629204,0.02978078722700444,5.6302694612874025e-05,225.2840807646027,1.8759208378256909,-0.0061845411095077015,29.970740420220707,0.4965631892624925,0.0003111573532452784,0.5866666666666667,0,NORMAL
0.4487386169239683,0.04209234739581371,-0.00011607810084577446,224.97659721326616,1.9914925622744928,0.006126039460307192,30.059681442647495,0.47069379352155366,-7.09599535007794e-05,0.02,1,ENERGY_WASTE
0.3504999360420254,0.030198546326831388,-6.107037220727311e-05,224.92486924090394,2.0985954774747873,0.00030177306037283843,29.985874267059867,0.4821315206996565,-0.00033109484384585456,0.6,0,NORMAL
0.3530206774210966,0.1680713217240326,-0.00047619924472799293,224.72288853410743,8.216714866492968,0.020716192818126405,30.00122883799733,0.49149425902693833,-0.001414244222909403,0.44666666666666666,5,INTERMITTENT_CONNECTION
0.444663154159623,0.04029276704584165,-9.30992430513375e-06,225.10656011904047,2.0302223818401153,0.0016161993794479555,29.997072835998953,0.518959016244932,-0.0005289080542980024,0.006666666666666667,1,ENERGY_WASTE
0.4677289296376489,0.07202823160842751,0.0015187716354405111,224.9916119640008,2.0303418328560534,-0.004855537818898924,35.34076502963453,3.1777781078032676,0.07194594135307163,0.5733333333333334,2,BEARING_WEAR
0.3476510450573814,0.03126207853324914,6.723454048003173e-06,191.4140476935939,3.1346948597340845,-0.007871883881833852,29.91159972965642,0.49399138431575557,-0.0021327297447501586,0.46,4,SUPPLY_VOLTAGE_FAULT
0.3486246858455104,0.029219139846997932,9.898317402110841e-06,177.92316416020714,2.705002536787177,-0.005076909726639167,29.994208877490454,0.49614395194137895,0.0005182882857180116,0.49333333333333335,4,SUPPLY_VOLTAGE_FAULT
0.45571147664317835,0.040108985457072595,3.7969640010569195e-05,225.02532022454156,2.195771030592829,-0.002586334748587414,30.011150005750604,0.5224920305545596,-0.00129907201915634,0.006666666666666667,1,ENERGY_WASTE
0.3513898650045411,0.028815173697999488,0.00010147255148291595,260.21105152077155,2.833510440108703,0.004485732575513336,30.0515344604054,0.5351394377277104,0.0007201135437164257,0.5733333333333334,4,SUPPLY_VOLTAGE_FAULT
0.35436486669007206,0.15901529885787488,-0.00035861060326509037,224.01861699003294,8.06773859707118,-0.008372702985984404,29.892177293682764,0.5525530518870134,0.0007413976645228485,0.46,5,INTERMITTENT_CONNECTION
0.3503225912846178,0.028433101613391465,-5.775260794336636e-05,224.80074887800748,2.0950631978290137,-0.00626081960642456,29.994916867970588,0.4938932478679994,0.0014199317735755837,0.6133333333333333,0,NORMAL
0.44699938657517096,0.04127220363650339,2.7621696410974358e-05,224.79015598744604,1.7965312154143755,0.0015356077814881216,29.99354864188266,0.5008548618324405,-0.00032992644340151795,0.02666666666666667,1,ENERGY_WASTE
1.3017860279296043,0.2541113886395363,0.005572794332020645,224.24968458370762,2.7491337378311678,0.0031265871406635413,40.20131575352538,4.4386192670762155,0.09987322002221793,0.5466666666666666,3,OVERLOAD_BLOCKAGE
0.3497860516373722,0.03367153383641183,-3.171972915202141e-05,224.983201380437,2.058082021690402,0.005587577688721913,30.01748534883045,0.49762090034774065,-0.00027722529549766337,0.5133333333333333,0,NORMAL
0.3497512941137042,0.03100179188499971,2.209527842344207e-05,265.64706289540595,3.0697790491247425,-0.008737228460226489,29.997017352616712,0.5684116979611383,-0.0007876811376494379,0.48,4,SUPPLY_VOLTAGE_FAULT
0.4484649178104735,0.04119273683450468,-3.415116378299306e-05,225.31045343309418,1.847977589799551,-0.002036232876552132,30.070168352206068,0.468220332664264,-0.0010525859218772815,0.06,1,ENERGY_WASTE
0.3388722206786419,0.1786554660362662,-0.00013378306218569754,223.71119462979686,8.48515203294756,0.007524662432207915,29.983574014178814,0.4847478416956921,0.0005886960683524386,0.54,5,INTERMITTENT_CONNECTION
1.182498040379467,0.1961730551028678,0.004079040312418733,224.18676506099476,2.5115331463754753,-0.007014719089114561,39.504016940611635,4.001668845163637,0.0896568126547463,0.64,3,OVERLOAD_BLOCKAGE
0.4533115654530739,0.03914821105724834,3.030886851749492e-05,225.1059677379021,2.0305930524829563,-0.005758629448239128,30.068547782715783,0.524354493243566,0.0015092843569651008,0.02,1,ENERGY_WASTE
0.3524863753805967,0.02832428319477001,-3.764134052260338e-05,179.55427179958255,2.8926542451532735,0.0038848258665296048,30.026711072617303,0.490569946291851,0.0005887705717481938,0.5733333333333334,4,SUPPLY_VOLTAGE_FAULT
0.35075484782865657,0.03327580917276839,-3.140161342650521e-05,274.10147350645985,2.8614551059270132,0.0005557927309420776,30.065145001268743,0.4838795080434236,-0.00012128556966758126,0.54,4,SUPPLY_VOLTAGE_FAULT
0.3517423616973278,0.16687883651690566,0.00010037574686039918,226.0506256657081,8.58658106071127,0.00796171822073558,29.996924902610772,0.4913283929065359,0.001406477326201142,0.5133333333333333,5,INTERMITTENT_CONNECTION
0.3509178854739158,0.0301824675744254,9.057163501387708e-05,224.96817267848417,2.1968891918801248,0.0031690324618394066,30.047521936814203,0.5259314854748176,0.0008804923571565533,0.5866666666666667,0,NORMAL
0.3197517902156745,0.1677789934209201,7.665423953707404e-05,224.7984996711805,8.312279671567659,-0.008861501298508124,29.941071916592456,0.5484050000595095,-0.0012530957021465435,0.5266666666666666,5,INTERMITTENT_CONNECTION
0.3242013429504226,0.16845382782023358,8.07756787271393e-05,224.2692902100354,8.273381196735382,0.005538841592775941,29.995593898781785,0.46022137642212985,-0.0011554799349140494,0.5133333333333333,5,INTERMITTENT_CONNECTION
0.47660744108044023,0.0797392124410467,0.0016975939570240213,224.97664034228336,1.7586235703246595,0.00167812441314,34.813916403962374,2.9233696900414996,0.06567624634279708,0.6266666666666667,2,BEARING_WEAR
0.35088258061400956,0.03305661663545041,-3.10528902274667e-05,224.90484224586262,2.0826419175782336,0.001585911426394587,29.972593393865598,0.504338522320997,0.0009502006766826738,0.64,0,NORMAL
0.5137642534570763,0.10160767895211582,0.0022597505390648275,224.99249225713996,1.992984535395819,-0.0018280475172406461,35.627257741745595,3.418567294220331,0.07788778291581439,0.5933333333333334,2,BEARING_WEAR
0.44397270545739975,0.06336333801879257,0.0012620762549186268,225.1548856288786,1.799473109815394,0.0007864231228339026,34.20227504490145,2.5294005381133755,0.05702505296034028,0.6533333333333333,2,BEARING_WEAR
0.4514882574308331,0.039254992407800206,6.895494010929211e-05,225.01237418304004,1.8990017487102853,-0.0028070119775714746,30.02661544777861,0.536287761759743,-0.0011259078114953737,0.04666666666666667,1,ENERGY_WASTE
0.4478219841566853,0.03902799399786521,8.405186666910395e-05,224.74240121088428,2.077224393884101,0.003653193897071726,30.016719503673418,0.5245929981080686,0.0013981152281852367,0.03333333333333333,1,ENERGY_WASTE
0.3476318384871351,0.03035201417659917,-9.839575735037966e-05,225.13803104211473,1.9767903976835328,-0.0025810434502408727,29.979693694893584,0.5105731245544868,-0.0014038151199330228,0.5466666666666666,0,NORMAL
0.34851550338361725,0.03017828100107612,-7.086621502905493e-05,224.91675087926876,2.0213128766861894,-0.0013151911149835653,30.002942873767868,0.5334206398856636,-0.0008524752495933582,0.6333333333333333,0,NORMAL
0.42643053763520444,0.05607932533336136,0.0010809270817988992,224.6270987626037,2.0480704901225364,-0.0008207465693932558,33.59431533114107,2.2563993044480726,0.050470846694250976,0.6666666666666666,2,BEARING_WEAR
0.3262768841370241,0.17456001333198506,-0.0001474852985059198,225.7029637124242,9.338485401104547,0.01298019168996758,29.906710639979185,0.525794750662165,-0.001491011874930698,0.5,5,INTERMITTENT_CONNECTION
0.4592028669104545,0.06998466222240995,0.0014844211090440612,224.90049128469977,1.7925548195641747,0.0005366234551805803,34.91428713046818,3.0312417420888766,0.06848014621077765,0.5666666666666667,2,BEARING_WEAR
1.203750222914166,0.19666492140508166,0.004207821358327079,223.99249916486656,2.5236201686005804,-0.0023678248037077784,39.47802863764747,3.8105289261928,0.08485340204432955,0.5666666666666667,3,OVERLOAD_BLOCKAGE
0.3538832904718714,0.03099599327110001,5.835535884793205e-05,224.78543644930454,2.1506219362425005,-0.005061133050358708,29.993103349684013,0.49525868166800435,0.0010415391168473176,0.5933333333333334,0,NORMAL
0.356837949714262,0.17774236690825776,7.398395848554034e-05,225.09856322162824,9.694449960524064,0.012967547381205207,30.046501994804522,0.4792864380568989,-0.0006024070810056478,0.5266666666666666,5,INTERMITTENT_CONNECTION
0.44677744615634624,0.0389935918885874,8.198257181189704e-05,224.78169638692285,1.9974323104060625,0.004107782312740975,29.938105315481916,0.45668074751064175,0.0009298792490043722,0.04,1,ENERGY_WASTE
0.4488813219288854,0.03901258911970701,7.746630690364239e-05,225.0305462255944,1.9488927190048448,-0.0007816082206247694,30.069511771151642,0.5762687723402323,-0.00017087684192066907,0.03333333333333333,1,ENERGY_WASTE
0.3389316093648813,0.1856936316855411,-0.0003935359501263079,225.29355943486132,8.212425174684093,-0.008216287509524585,30.00274708592252,0.5111885599194413,-0.00018006680593010823,0.5466666666666666,5,INTERMITTENT_CONNECTION
0.3565407694598262,0.1694369249607713,-4.560274660402814e-06,225.6735125732606,8.620128450221797,-0.01565419435265329,30.052370233323877,0.5073842795866221,-5.8421366891628585e-05,0.56,5,INTERMITTENT_CONNECTION
1.111026173712086,0.14644069297891368,0.002721140587881207,223.96933071307058,2.594754886905722,0.0019370690941711722,39.45258423763484,3.7994878888840087,0.08504199964495265,0.6466666666666666,3,OVERLOAD_BLOCKAGE
0.49089945204125307,0.0919946059379557,0.001998048696066941,224.6768689399392,2.1054837569255076,-0.0076770396647836145,34.36659718356317,2.5784865432356328,0.05761545663112385,0.6,2,BEARING_WEAR
0.44995898635037407,0.038673371135222595,2.109577186933881e-06,224.97026156771733,1.8189636163876544,0.0036400610180528092,30.01569681495043,0.542584828987579,0.0008299422606438314,0.04,1,ENERGY_WASTE
0.35147543365514267,0.0290767625400824,1.5860390633288392e-05,224.90624191957323,1.944287352766624,-0.004796348538588569,30.063767251242194,0.5198341397295965,0.00028345562797080996,0.5,0,NORMAL
0.3639028137142467,0.16988097285705436,-4.558302936970329e-05,225.23482512776528,9.185042393137858,-0.009030820900896266,30.01833282097232,0.4994745955051999,-0.0007398341361044704,0.5266666666666666,5,INTERMITTENT_CONNECTION
0.35163100257734264,0.029448558499947756,-3.623305703639837e-05,177.5011550818783,2.5313639378822463,-0.010663527675424436,30.001221394584427,0.5018293176401178,0.0019839624923144923,0.5133333333333333,4,SUPPLY_VOLTAGE_FAULT
0.35887708387170336,0.17475190858479184,-0.00041675078358846155,224.34412700930343,8.47864575391686,-0.019889107562457337,30.00523399078146,0.5035826412345678,-0.0014819851475177759,0.49333333333333335,5,INTERMITTENT_CONNECTION
0.3658839101796537,0.16326815827106894,-0.0002968045235020867,225.86811341477616,9.197722312928171,-0.008684241171578712,30.043727054442073,0.4590407699120824,-0.0009477020581161361,0.44,5,INTERMITTENT_CONNECTION
0.35040125012181655,0.031077146837156164,-3.371756844721169e-05,259.84296621386363,3.036797314803685,-0.009541813208451957,30.032262485836995,0.45067795336172456,0.0004342972713660397,0.5133333333333333,4,SUPPLY_VOLTAGE_FAULT
0.49551737168542026,0.09544554315003961,0.00208128916145261,224.8924650505112,2.152323720351071,0.005346137907157174,33.44996658071041,2.1505741369478244,0.04730721349293537,0.6266666666666667,2,BEARING_WEAR
0.45632812715182447,0.037491016846605836,-7.705850337930206e-05,225.01885180354486,1.9008930496498,0.0027161926662694104,29.931048319161892,0.5570904336861247,0.00047029573317977576,0.02,1,ENERGY_WASTE
0.4453148662087099,0.06560492968635596,0.001341784099119178,224.96956005493345,1.9225650736282318,0.0028961681842380026,33.789271527167394,2.3384845187343726,0.05253289417050252,0.6466666666666666,2,BEARING_WEAR
0.3378468897147919,0.1962546035517377,0.00048353061976849474,225.51823065831903,9.195794992105947,-0.003987320969107336,29.955459781005853,0.47760991686212473,0.0003694847198596344,0.4866666666666667,5,INTERMITTENT_CONNECTION
0.4514614658897661,0.043796724079071654,0.00011165839010213459,224.73723631831632,1.9024145612337897,0.002392328111769522,29.955240104208812,0.5109030859051973,0.0005078736381297345,0.03333333333333333,1,ENERGY_WASTE
0.3417985207295355,0.17499206248459234,-0.00047298168145803283,225.0847484000676,8.224458724399591,0.0073272017656736575,30.03617831861118,0.49895582940049804,-0.0016201016722877759,0.48,5,INTERMITTENT_CONNECTION
1.103889210916661,0.13831297944605409,0.002562895333067641,224.46472595570327,2.455941603034346,-0.0058764280897866325,42.447043470465566,5.653043006951982,0.12835250139228008,0.5666666666666667,3,OVERLOAD_BLOCKAGE
0.43809162548126457,0.05763402025686443,0.001159099644480656,225.01101023129266,2.1384045186903373,0.004413357034205808,33.606860405571496,2.1711916617067484,0.048163571380074564,0.6466666666666666,2,BEARING_WEAR
1.2283709798443174,0.20751416720987295,0.004358470761523971,224.02053849269296,2.384077979235348,0.008166309914047936,40.02151689904774,4.327568618603228,0.09732724076557704,0.5666666666666667,3,OVERLOAD_BLOCKAGE
0.3495725263836754,0.16384020022153345,6.324028022845215e-05,224.85707836544432,10.138266647590779,0.02016271591781937,30.030993904989923,0.4510072165454509,0.0005625357087447765,0.44,5,INTERMITTENT_CONNECTION
1.2273946192479999,0.19626512931868167,0.004127317671720746,223.74329609493327,2.3689260840269264,0.0007177401971151938,39.03343797473441,3.6423602757230733,0.08093052698077487,0.5866666666666667,3,OVERLOAD_BLOCKAGE
0.3645854563011415,0.19310576849023045,0.0002733830254083507,225.80417090456496,8.724489905915188,-0.00573270652985761,30.02296900840622,0.4710959855442649,0.0008233541801400927,0.44666666666666666,5,INTERMITTENT_CONNECTION
1.1255068721129113,0.14944886339803556,0.002938114134606955,224.0754014465189,2.22924760172009,-0.002540979304745815,39.002171157227714,3.56414125120969,0.079205261379112,0.6333333333333333,3,OVERLOAD_BLOCKAGE
0.35139913416233653,0.1797752133796998,6.908072767365687e-05,224.35382824210558,9.295001671266995,-0.004983887794066383,29.993000166404308,0.5486969674631127,-0.0005193376681617275,0.5133333333333333,5,INTERMITTENT_CONNECTION
0.3534322175909739,0.03254164995214996,1.8926042317979797e-05,193.21879865590785,3.3412613249065877,-0.008385609816796468,30.017966843649138,0.497225259623993,-0.001167430882836582,0.5066666666666667,4,SUPPLY_VOLTAGE_FAULT
0.35319130684143446,0.031239347111339275,-5.095559864005975e-05,224.8977591723156,2.126738473985846,-0.008302792641014555,30.002607132679927,0.5026423876991049,0.0008157449585373945,0.6,0,NORMAL
0.34989060389600085,0.02968257979701146,6.04701076952232e-06,267.6079306400975,2.870295620320541,0.006270383101467481,30.070557625485975,0.5011318458360952,3.981360004430567e-06,0.44666666666666666,4,SUPPLY_VOLTAGE_FAULT
0.48925109697504465,0.0880338436950079,0.0018692622607734478,224.89537660643637,1.9214202729880903,0.0003545229273406325,34.96962305732692,3.0474624719307486,0.06877045196822772,0.56,2,BEARING_WEAR
0.33831460148059656,0.17308166254591037,0.00012525582967938523,226.5101313590908,9.554365847077491,0.003018945014219158,30.024010004233357,0.4945538709536586,-0.0018701617482003708,0.52,5,INTERMITTENT_CONNECTION
0.4791014386044795,0.08026743270524508,0.0017222481566186872,224.99381607952188,1.8619441360152387,-0.0032304271922514553,35.60976191162059,3.358428925326085,0.07625910877851395,0.5466666666666666,2,BEARING_WEAR
0.35007988557876474,0.029595711743726643,-2.4075300841980917e-05,257.6946795339518,3.347848312327535,-0.0023939968467032156,29.975208063275375,0.47906849408479707,-0.0003159051699858958,0.4533333333333333,4,SUPPLY_VOLTAGE_FAULT
0.35268487051177316,0.02991685756626723,3.466331589317741e-05,271.1167471082346,2.9656753549881962,-0.002441640032321616,30.009850894184936,0.49629130353087897,-0.0012426871747848766,0.5,4,SUPPLY_VOLTAGE_FAULT
0.3516182754294075,0.033971033078302834,8.046883756627281e-05,224.87253249152334,2.1049370593993686,-0.0023241409515885212,29.989402516345567,0.5037188230528828,-0.0007119970267796789,0.62,0,NORMAL
0.360336766654589,0.16940062023956978,0.00012312804521339674,225.53569124304678,9.311191297303305,0.0025378738987400108,29.994233655510023,0.5121527848121815,-6.161011667880639e-05,0.49333333333333335,5,INTERMITTENT_CONNECTION
0.34851942645503603,0.028704227010300794,7.692351483845419e-05,224.84937706066714,2.03382906174758,-0.001997496941020291,29.981650479991757,0.5348794122525944,3.949643253977704e-05,0.6,0,NORMAL
0.3503582766038625,0.02840134843155835,7.167607902783753e-05,225.4167042370577,2.014814311497663,0.0002930772065044227,30.014358050370955,0.4868202019470512,-0.001636907325633547,0.6266666666666667,0,NORMAL
1.1566193868565833,0.16309819102582285,0.003212045701438456,224.07393048130098,2.3437182941892942,0.005247458496834382,42.46568368658702,5.5942722869449355,0.1271991681088212,0.5933333333333334,3,OVERLOAD_BLOCKAGE
1.1424379853916617,0.16213282801957338,0.003240316834173016,224.32876379190208,2.439103400422605,-0.0016392731232797062,42.38612704771494,5.557696614801477,0.1256612010086298,0.6266666666666667,3,OVERLOAD_BLOCKAGE
0.3501481777959299,0.0313790366914244,6.497353405051508e-05,259.3817255035132,2.9252788994089647,0.0013244927669816098,30.078204836979435,0.5040179752947799,-0.0009451322522050846,0.5333333333333333,4,SUPPLY_VOLTAGE_FAULT
0.45055617408258986,0.04010893337749886,0.00010328785424795299,225.02189139530665,1.8697875115675326,-0.0026076516079288426,30.02309323112061,0.5104778722352844,0.00022027312098174564,0.02,1,ENERGY_WASTE
0.4484317027384856,0.042395620618644415,-1.1955004609760371e-05,224.80621459790302,1.970993102420208,-0.0007197878117322559,30.016977844376633,0.5133226578370209,0.00019608864285296915,0.03333333333333333,1,ENERGY_WASTE
0.35128865898795236,0.0326474836092372,0.0001401251784037396,187.16806181386463,3.247562303073336,-0.00506909234703709,30.039427727625455,0.4875214387277432,-0.0005792783655901322,0.5266666666666666,4,SUPPLY_VOLTAGE_FAULT
0.34927815328534373,0.17308776289934788,3.21236747565014e-05,224.82993256465826,9.437729250569967,0.03723149305427854,29.934456138540554,0.4821070648022326,0.0005182039061536249,0.5266666666666666,5,INTERMITTENT_CONNECTION
0.45716205181361774,0.041418874930643654,2.8500230165313917e-05,224.82996725532342,2.037647723269647,-0.004555697344219183,30.034779738895146,0.4637105049163309,0.0005352239603232574,0.04666666666666667,1,ENERGY_WASTE
0.48772312337376095,0.08727889696797983,0.0018888029654121905,225.1552743428413,1.987612160439419,-0.0004767984357616042,35.62108100931613,3.3614819005441334,0.07646750505556059,0.6933333333333334,2,BEARING_WEAR
0.3490480630338251,0.030381208008920302,-4.0508343751833124e-06,175.89516540734556,2.9203646729597943,0.004993403728172899,30.032340662731766,0.4570755886087189,-0.00021250741849097155,0.5133333333333333,4,SUPPLY_VOLTAGE_FAULT
0.3432885764958965,0.18587337698153147,-0.00012616958050752056,224.81261404335936,8.930361485824815,0.00030993567125814386,30.05049336100779,0.4897610232404183,-0.0006354907375386871,0.52,5,INTERMITTENT_CONNECTION
0.35917886380919045,0.1882514054544659,0.00010995016408885386,225.09621367136575,8.411455568741449,-0.02074806411765288,30.044037280219868,0.46376922512881746,0.00011303972146638394,0.49333333333333335,5,INTERMITTENT_CONNECTION
0.452134841045393,0.03868674258453604,0.0001782165853324083,225.10919786542857,2.0523963131526863,-0.002775461380031144,29.944624947592388,0.5179026838203667,0.0003561312752199793,0.006666666666666667,1,ENERGY_WASTE
1.2338460680634766,0.20299478079646519,0.004274076894226052,224.41907792579218,2.404034621830567,-0.006334314594238758,42.534104761273305,5.592124597805296,0.12724880577920086,0.6466666666666666,3,OVERLOAD_BLOCKAGE
0.365144218677308,0.18267182278206104,-1.5266771015039953e-05,224.28245894088283,8.454041530922797,0.00500914872962273,29.94521450547938,0.4906620877507505,-0.0006764895335638651,0.4666666666666667,5,INTERMITTENT_CONNECTION
0.44485217594793514,0.06109803263912408,0.0012287944782494596,224.9180461742831,1.8797828866366129,-0.0013926529498705434,33.62351702170666,2.21619319981983,0.049172197353681765,0.5866666666666667,2,BEARING_WEAR
0.35563225611062904,0.17228751584914329,0.0003034384789847341,224.76634354427102,9.393310059506057,0.023317399982170754,30.00351743505244,0.5557387763728293,0.0005955667208609195,0.5266666666666666,5,INTERMITTENT_CONNECTION
0.4518561610189183,0.040410324851339455,5.708035083433005e-05,224.92549186782136,1.9646853206426496,-0.000688866355606322,30.06040927210768,0.5107534788951394,-0.0006969813905100975,0.04666666666666667,1,ENERGY_WASTE
0.3674569751039167,0.1707382212152244,3.8989670936298546e-05,225.20131672940454,9.666523752815671,0.02613190154933797,30.04274699942948,0.48186664000920626,0.000515421195532623,0.49333333333333335,5,INTERMITTENT_CONNECTION
0.34921431018469196,0.03312990371438399,2.148282127481213e-05,264.37322288665115,2.891842939970738,-0.009305130773499313,29.969025841443,0.5047492251919588,-0.0007809499368826505,0.4866666666666667,4,SUPPLY_VOLTAGE_FAULT
0.35619858992790054,0.028071135457669573,3.84220375435277e-05,224.79916650314243,2.001513774544321,-0.0040622663427097114,29.94861354359695,0.5267060603933786,0.0012233781871163348,0.56,0,NORMAL
0.3470889821391671,0.02843610698093998,0.0001428862675287689,176.80139651769383,2.8952955231223862,0.0008111957031107139,29.889548862199373,0.494566224747961,0.00043797790240778276,0.49333333333333335,4,SUPPLY_VOLTAGE_FAULT
1.1514220750041873,0.17161721295875473,0.0034485607318864245,224.1601725310388,2.368471439609249,-0.004765168263409294,39.228967678568345,3.6768171091185735,0.08215892989838239,0.54,3,OVERLOAD_BLOCKAGE
0.3409579668254066,0.16619783114177045,-0.0002116032452031161,224.60613815475838,9.581104351521104,0.021646728837167405,30.006567844701845,0.5061301615798859,-0.0006717716429654155,0.49333333333333335,5,INTERMITTENT_CONNECTION
0.35122522891780117,0.03292647197271793,-1.7370659879620318e-05,266.7150264848693,2.9501229321824254,-0.013099585307773795,30.036166338037148,0.4826478607192048,0.0005628331678251158,0.5266666666666666,4,SUPPLY_VOLTAGE_FAULT
0.3501575683567447,0.029399396742795764,-8.052473461868801e-05,256.48274749825924,3.0775022770415745,0.0007702464908832946,30.017173058371554,0.49547877055173345,-0.001385295695504118,0.4866666666666667,4,SUPPLY_VOLTAGE_FAULT
0.44962429700487194,0.03858150749190189,-0.00011035956356702683,225.05595437598498,2.0215976106007325,0.0036194082021897833,29.986926120588844,0.5299787725148861,7.726833571276716e-05,0.02,1,ENERGY_WASTE
0.3472593879735326,0.18266217586837202,-0.00028413016858595927,225.91805438753295,8.609205821966787,0.013457033511720918,30.051511047146068,0.46572049693075396,0.000129001351899373,0.5066666666666667,5,INTERMITTENT_CONNECTION
0.34908126741199136,0.02801994331121877,5.518891751108694e-06,180.7146326899541,3.0044711662629586,0.0018062440736555697,30.07643429502556,0.4706955731174912,-0.0012089798707399294,0.5066666666666667,4,SUPPLY_VOLTAGE_FAULT
0.4446915464053048,0.037173703624861554,8.651054376350869e-05,224.927998095389,2.066553038832944,-0.008423229756593126,29.97177297879538,0.46510129120879184,0.0006962562395046934,0.03333333333333333,1,ENERGY_WASTE
0.3522548616665225,0.029385626572713933,2.5881559501685916e-05,257.2907993546937,2.824555760318961,-0.003308116218468455,29.971405128060443,0.48665351919683,-7.6265943853333865e-06,0.5,4,SUPPLY_VOLTAGE_FAULT
0.35163091650596745,0.029125549008588873,-0.00011388562641491413,265.40849072359487,3.070744586190891,-0.01026452277751722,30.039001639191312,0.5126659208666626,0.00063313858571541,0.54,4,SUPPLY_VOLTAGE_FAULT
0.34803652729221435,0.02775161095118322,9.662690723683923e-06,225.19869363034886,2.165298052771656,0.0003839861375132872,30.016813633962506,0.501940910152273,0.001947959786705008,0.5666666666666667,0,NORMAL
1.2304942034484834,0.22007121388438028,0.004725674531475718,223.94041965974873,2.5317272429309106,0.00140773882175747,42.6270492736901,5.5165578783773235,0.1251800672467038,0.6,3,OVERLOAD_BLOCKAGE
0.3506995057326826,0.027437820409894925,-5.051365222851053e-05,255.627900212156,2.781700685736722,0.0001313127280381986,30.016411082771544,0.49218544945211273,-0.00010483551246944573,0.46,4,SUPPLY_VOLTAGE_FAULT
1.1917100413438888,0.1727267269213886,0.0035570831031396873,224.04022104214513,2.6026513948381402,0.002476390782215394,40.40405211684938,4.3834878328148665,0.09851325229356149,0.6466666666666666,3,OVERLOAD_BLOCKAGE
0.3323881198926388,0.19810999657897524,-0.0006646027874899733,223.99256622005962,9.496816102562539,0.01414729470083167,29.9779681455222,0.44359683536744154,0.0005216708913385495,0.52,5,INTERMITTENT_CONNECTION
0.4482203659858311,0.03713436673918871,-2.3763922528418148e-05,225.2822413372943,1.8460145531498462,-0.002489926482152605,30.044361148650665,0.5313929436430692,-0.0017357618238822488,0.013333333333333334,1,ENERGY_WASTE
0.35094799075050725,0.03046802096908656,-5.8606925663121174e-05,177.81746438540029,3.2684937982618107,-0.006191445765323573,30.01542596524961,0.5000070091739669,-0.0001535460619071011,0.5133333333333333,4,SUPPLY_VOLTAGE_FAULT
0.35001967374523557,0.027955374603948518,-2.333572679844238e-05,225.11839648502,1.994928198781156,-0.005466320671544671,30.039502346020722,0.5074857608356863,-0.001956159839507442,0.5533333333333333,0,NORMAL
0.44100739019330365,0.06265008936302918,0.001290507536844227,224.84363944333163,2.007518793195363,-0.0015523672064560441,33.48261274076687,2.149113085407393,0.04730412131762199,0.6,2,BEARING_WEAR
0.45008808234719716,0.04289422238719152,4.0558196657427004e-05,225.03148086784884,1.947286014789663,0.003972819251305098,29.986772142702467,0.46886126831905167,-0.0014791899198274617,0.013333333333333334,1,ENERGY_WASTE
0.34699663121503393,0.17389464011362604,0.0006138394023928838,225.10087572981323,8.674454874621128,0.009414244545471972,30.050079713862313,0.47860481653712306,0.000730284495421394,0.48,5,INTERMITTENT_CONNECTION
0.34810691531957483,0.03311926349400085,-4.032795546583776e-05,192.02142586703152,3.1500610165187206,-0.011944154000416398,30.01884643588352,0.4731459602445575,0.0011334432771543314,0.5266666666666666,4,SUPPLY_VOLTAGE_FAULT
0.3488909881317416,0.03120005988927754,2.0309448561118697e-05,224.89078015825586,2.107998697651596,-0.006914296873246247,29.991614241836857,0.5475546965717232,0.002451329123784214,0.6,0,NORMAL
0.3482072710319942,0.031416844149283536,-9.710992522173123e-05,224.87913059041418,2.030595033931036,-0.0033273047415653617,30.004690554200877,0.5193921187183094,5.0234557979418706e-05,0.6,0,NORMAL
0.44632072904698067,0.043623987607639164,8.800376467959924e-05,224.81194151231307,1.937590643339777,0.0033712856727477836,30.000204267363635,0.5000497268538641,-0.0002476971793586927,0.04,1,ENERGY_WASTE
0.448754971863061,0.040439758606184095,-2.4607740646260808e-06,225.06657700773232,2.043656428322345,0.0011622206612676138,30.053014310038307,0.45892528781289565,0.0008134467579766359,0.03333333333333333,1,ENERGY_WASTE
0.34832373604311906,0.02845361409285103,-0.00010367220425936676,224.82463044309378,2.141007045947108,-0.0007658540323655273,30.001497506155246,0.5275411955938348,0.0007627563866112524,0.6,0,NORMAL
0.34935835872091225,0.03103633580264675,-5.235167189605096e-05,224.99307667462048,1.7345158183162113,-0.002829566206190062,30.029927911000133,0.5350541607568483,-0.0009151787988994245,0.5666666666666667,0,NORMAL
0.46117372663824097,0.07138805658599501,0.001491774811087894,225.03834906892385,1.9984861886505343,0.0013900160680612285,34.404136575473615,2.604144207739789,0.05823669999712119,0.5733333333333334,2,BEARING_WEAR
1.2007490063333295,0.19881043386520986,0.004220643467493772,224.4477222670642,2.4181995948361896,0.004305932515490931,43.02335931662803,5.744221751902789,0.13104665918194833,0.5066666666666667,3,OVERLOAD_BLOCKAGE
0.3458005296063188,0.029123471299728556,8.293740707312091e-05,257.8487042087962,2.8450881757386117,0.0033544498361880856,30.042981736052777,0.4718293123592799,0.001358418407254753,0.52,4,SUPPLY_VOLTAGE_FAULT
0.34903239134717645,0.027726473893619846,-4.0947100477708774e-05,266.3402977442932,2.9862916645790754,0.004239997639459389,30.042885329183367,0.5389600357238835,0.0003742909629363677,0.49333333333333335,4,SUPPLY_VOLTAGE_FAULT
0.3497378198009058,0.029781099034104683,1.1733538902756683e-05,261.7706631304657,2.9031507722886136,0.0074956952704973885,30.075628386769992,0.4859219595892963,0.0006091963062431649,0.41333333333333333,4,SUPPLY_VOLTAGE_FAULT
0.34981736771186783,0.1715858261315902,0.0001701480799417897,225.2755740169193,9.041759340991272,0.006718443111296479,30.000091534447918,0.490519429049322,4.818680268158668e-05,0.54,5,INTERMITTENT_CONNECTION
0.4305571572114591,0.05184431275841045,0.001035183605991167,225.08779287181665,2.0297175749037724,-0.002927508248143443,34.45872810472532,2.7373805398425866,0.06141828301805082,0.5933333333333334,2,BEARING_WEAR
0.34860336080683907,0.027467981907946398,-4.9622009993142775e-05,268.7873742734368,3.25683243793404,0.001295594454190172,30.07685196911901,0.480401035441145,0.0019052349320563382,0.5066666666666667,4,SUPPLY_VOLTAGE_FAULT
0.35333495323766867,0.02900389551743255,5.9747089353669384e-05,263.75517071528594,2.7567327909950774,0.0025215010059022784,30.021805767988504,0.4951111955526538,0.0006467410228294002,0.5266666666666666,4,SUPPLY_VOLTAGE_FAULT
0.48282613746987335,0.07911857867119283,0.0017087658346548371,225.0850877730736,2.042022987257099,1.5326199968689884e-05,34.10432903482514,2.3752801829048082,0.05314668046433273,0.5666666666666667,2,BEARING_WEAR
1.2048726127697709,0.18883913924805104,0.003965186449628376,224.03891569008417,2.3546923248666403,-0.0025797689795322813,42.128916120846505,5.369173632279465,0.12176927408847578,0.5133333333333333,3,OVERLOAD_BLOCKAGE
0.44964057916639605,0.04014560392828142,-0.00015769038381770404,225.0534836189602,1.964369594962748,0.0032476224310067827,29.928333033311173,0.4949815373449895,-0.002152748314176844,0.02666666666666667,1,ENERGY_WASTE
0.34533618302195035,0.03062728592541321,-3.137124429906112e-05,224.9794555394283,2.003571347900738,-0.010486442340015412,30.02551987825797,0.47435693255271094,-0.00010287146811002955,0.58,0,NORMAL
0.3580266724377564,0.19311730753206055,0.0003433604843145842,225.28426097282644,9.009998416180592,0.0258903181272479,29.911385253179155,0.5095323892783183,0.0013565897840585736,0.56,5,INTERMITTENT_CONNECTION
0.4571672005477048,0.04114543267447239,7.978582772817073e-06,224.769569088472,2.163149559212072,-0.0023265051444017293,30.02807652332221,0.4548844553558079,0.00046782616776844233,0.02,1,ENERGY_WASTE
0.35158686278988605,0.030180890893505254,7.291802992696153e-05,182.31879356985823,3.07683915868023,0.0012231706930955527,29.965380285617247,0.5087058496610496,5.7940976332085224e-05,0.4533333333333333,4,SUPPLY_VOLTAGE_FAULT
1.1107684218344256,0.1415595973967028,0.002744771017246317,224.04683516988314,2.2384659743455004,0.00669044468739553,41.18382086788478,4.800056917276417,0.10856809423547718,0.6066666666666667,3,OVERLOAD_BLOCKAGE
0.34622255051575046,0.16385979084277408,9.797268681993152e-05,224.0935780471101,9.336766990195342,-0.031509122092120964,30.001140599298136,0.4872548267110171,-0.001726804925001063,0.43333333333333335,5,INTERMITTENT_CONNECTION
1.2344286639858262,0.20860960158766417,0.004467908200469644,223.83269569369799,2.3280918097182255,0.012313873231970137,41.01556015849527,4.625767065986149,0.10444318857715604,0.62,3,OVERLOAD_BLOCKAGE
0.34973621518302006,0.030188574459310735,-6.055712382316852e-05,258.23058798401075,3.0895879614986614,0.007807665145051736,29.98397014273336,0.4664797301561914,-0.0008549548656834174,0.4866666666666667,4,SUPPLY_VOLTAGE_FAULT
0.4907436923529974,0.08959229047083592,0.0019556870279203603,225.19674935512515,1.9375576979306803,-0.00381166290516431,35.03465672373419,2.963908231384558,0.06711203647496125,0.5733333333333334,2,BEARING_WEAR
0.34126105602748785,0.17890272729753584,1.5530121775467313e-05,225.43729727198757,9.334098657675368,0.01086106949040819,29.93104905093047,0.5112131708444899,-0.0002920847964148328,0.4666666666666667,5,INTERMITTENT_CONNECTION
0.34993352745671447,0.02909328649136884,1.801466611312169e-05,179.25388809511267,2.8842969181315663,-0.0016752319436641138,30.054236883722368,0.5351933595319004,-0.001363071617072611,0.5,4,SUPPLY_VOLTAGE_FAULT
0.3511099628706885,0.03196204754032531,0.00014229581186336114,262.11895375568855,2.906623062073732,-0.004598906573292731,29.989611774377238,0.5374036770399909,0.0016495403791640406,0.4666666666666667,4,SUPPLY_VOLTAGE_FAULT
0.44652738110471013,0.039391702445179394,6.645299326050768e-05,224.8811617706462,1.856755685954429,0.00504408676886687,29.954076217468046,0.4933092193490055,-0.0007244289217317773,0.05333333333333334,1,ENERGY_WASTE
0.4537072042127656,0.04081423687233859,4.988763808998143e-06,225.00949819270002,1.9957442923156634,0.004315533260996363,29.97430252284716,0.5062877547138657,-0.00013638125843894262,0.06666666666666667,1,ENERGY_WASTE
1.1954918185987053,0.18663390016956236,0.0038847174238873126,223.8221757294712,2.4284563282119898,0.006210616382549186,41.7369427520243,5.096012379040019,0.11568046147479007,0.6,3,OVERLOAD_BLOCKAGE
0.3520135394010031,0.03310236341527787,0.00014912494645653564,225.07958877733446,1.9734181576085865,-0.0007047534421738029,29.990772471957122,0.5329016908715575,0.0006678490929945712,0.5266666666666666,0,NORMAL
0.4488142960120473,0.038836475169288835,-0.0001062242974747725,225.07661767692184,1.9221803737894165,0.006647542404919354,29.997590932255505,0.4846283382291026,-0.0014231954430426292,0.02,1,ENERGY_WASTE
1.2220002252827415,0.19930660598927297,0.004213928627856438,224.05476551264485,2.53048539515547,0.0042044683519466206,41.69512022425873,5.195251428112244,0.11786326219656892,0.6133333333333333,3,OVERLOAD_BLOCKAGE
1.130509393864337,0.1598325465231064,0.0032609557519949614,223.69552364981806,2.2679531127589323,-0.00017898035516265205,40.529268359621504,4.671342274023334,0.10493949275650004,0.66,3,OVERLOAD_BLOCKAGE
0.4507396451988255,0.040392005883256636,9.92151640499897e-05,225.09228807133428,1.8925111281038929,0.005064875213694721,29.938006708617163,0.4720591997029051,-0.0001951713078774019,0.02666666666666667,1,ENERGY_WASTE
1.2593208956643303,0.2222755197905408,0.004871077188388138,224.2939291096048,2.3998477374459086,0.0019596932003878827,42.47265039892125,5.609972727820029,0.12774017078968097,0.6266666666666667,3,OVERLOAD_BLOCKAGE
0.3541605888402728,0.030900387945688508,-8.306093914973746e-05,187.91804531273368,3.120690374927056,-0.002596038738489952,30.02101380629636,0.4851510081182751,-0.00035093918319591355,0.5,4,SUPPLY_VOLTAGE_FAULT
0.5164471868662388,0.09937542437768307,0.0021896894590102424,225.04992970348553,2.0294303029972336,0.0025065625961440173,34.60887710365353,2.746138460871045,0.06166570619817224,0.6733333333333333,2,BEARING_WEAR
1.1867083597684889,0.18926714366308242,0.004036428003888466,223.92691985284972,2.3735015608656536,-0.011371599390606767,41.35726740462168,4.768963008140786,0.10808324673249849,0.6,3,OVERLOAD_BLOCKAGE
1.1441677515602442,0.16409409924173574,0.0033401300351075724,224.01673250532252,2.4939068552217205,0.005032661469613322,40.20465631096844,4.272366058760618,0.09570738197878645,0.5933333333333334,3,OVERLOAD_BLOCKAGE
1.1973385965181214,0.19506191558659342,0.004114958881661103,224.1989277131259,2.6610789373641013,-0.005353789260878876,41.995628302565926,5.274303460140719,0.1199272214873141,0.66,3,OVERLOAD_BLOCKAGE
0.3454512548401775,0.18036453250788687,-0.00019707943830099287,225.33790182112193,9.077344732038176,0.016688045323421084,29.94374711491319,0.4982436242569684,0.00026050988886985963,0.52,5,INTERMITTENT_CONNECTION
1.1977435792640914,0.1834518833751212,0.0038548650680053816,223.90143595768322,2.3452303804605337,-0.0016386019656598797,41.89858353296651,5.2359865575692925,0.11893081543829337,0.5933333333333334,3,OVERLOAD_BLOCKAGE
0.3445234159148065,0.17279839913102157,0.0003135730704172687,225.04091225833122,8.731468500354872,-0.0015770841857667389,30.056858812856625,0.5178438172147324,0.000603947480805763,0.5133333333333333,5,INTERMITTENT_CONNECTION
1.2078201414974097,0.1947098926535552,0.004067823403070803,224.17123649387287,2.6158301215176416,9.006294338493008e-05,39.945360716651955,4.070486313608814,0.09152326970733829,0.58,3,OVERLOAD_BLOCKAGE
0.35129673464005245,0.029520281852010125,-5.171586802751397e-05,175.72207974848618,2.7197117353073494,0.004232867792457489,29.94740574215292,0.4792287068946046,-0.000392382567614005,0.5133333333333333,4,SUPPLY_VOLTAGE_FAULT
1.217425396419241,0.19610583634268608,0.004213754682061575,224.1624463666262,2.407288345510851,-0.004110756396347544,40.3515957096474,4.412758177278869,0.09937811459212864,0.6333333333333333,3,OVERLOAD_BLOCKAGE
0.33961966768072027,0.15232455523443894,6.052217852895252e-05,224.44433779075533,9.03024422337908,-0.021248767834887692,29.88873938988511,0.48946887531068356,-0.0012738696822297197,0.44666666666666666,5,INTERMITTENT_CONNECTION
0.34181315267008283,0.16863248070709808,0.00026295868087306375,224.80264602051815,9.209328613400094,-0.02605923451830441,30.037446137472724,0.4967005272970844,3.564646720442138e-05,0.48,5,INTERMITTENT_CONNECTION
0.34878841521557225,0.027149331848241063,-4.519852386287904e-05,261.018739491278,3.182785959051665,0.008295138533660915,29.980832919181182,0.4933772267619422,0.000918633995893797,0.5066666666666667,4,SUPPLY_VOLTAGE_FAULT
0.4382085659843955,0.059573587662433626,0.0011732980204526866,225.13197759604662,1.9212202713578705,-0.00024666789395237225,34.4110480921132,2.6379390367977638,0.059724005814424996,0.5733333333333334,2,BEARING_WEAR
0.451488084093807,0.03552699464275585,-2.1654802338251786e-05,225.22466541113099,1.8011224350479913,-0.00068702729919594,29.94682900141582,0.5680309910040469,0.0009782784462451911,0.03333333333333333,1,ENERGY_WASTE
1.2513996391428355,0.21795597996544874,0.004726142611704041,224.3515421778301,2.7642397392743794,0.00047749719733144915,42.512535720482184,5.597874436637456,0.1271981370931495,0.64,3,OVERLOAD_BLOCKAGE
0.35211116894161404,0.03047701320042066,-6.960283850535593e-05,271.15362211037973,3.423936664645807,-0.006127166081351609,30.00230848604626,0.46799259303756874,0.0014864951273124854,0.4533333333333333,4,SUPPLY_VOLTAGE_FAULT
0.35188635504805094,0.027751402803790154,-0.0001482526672492959,182.6977277356841,2.961976506387406,-0.0022683345874589286,29.956987930274554,0.509419602147337,0.0013924147882373632,0.4533333333333333,4,SUPPLY_VOLTAGE_FAULT
0.4349831328522863,0.059211298999550695,0.0012013883913690505,225.05411186153836,1.9753490104042206,-0.004542742543270545,34.65780490207803,2.851939305913663,0.06440247209759375,0.5133333333333333,2,BEARING_WEAR
0.448814629231242,0.06953798935576516,0.001454604381274172,224.98184658940056,2.0279298008172155,-0.008556535341338017,34.384080662667905,2.5746350690594255,0.0580035964186636,0.6333333333333333,2,BEARING_WEAR
0.4509484967214445,0.03765395977101267,5.7314845915249496e-05,225.12011129773032,2.2567298021005957,0.002236136624927647,29.98423658965722,0.544255407901541,-0.00027786214057386334,0.02,1,ENERGY_WASTE
0.3473991109417891,0.029839168613847097,-2.3188215688750977e-05,268.877912848305,2.878924142434348,0.00865233277679053,30.002734266675784,0.5030015075782934,0.0015269547698661132,0.5266666666666666,4,SUPPLY_VOLTAGE_FAULT
0.3597656602525081,0.17293074939472103,0.000412817576775587,225.15501755591316,8.31171571214268,-0.00991639891262186,29.989892878981543,0.4520287431505927,0.0007855154889508143,0.4533333333333333,5,INTERMITTENT_CONNECTION
0.3520001335039651,0.03164983278242495,5.475250564895641e-06,178.97530500785572,3.1974035439677935,0.0038430122147887734,29.915856203070156,0.4684914766900783,-0.001102900855497951,0.5733333333333334,4,SUPPLY_VOLTAGE_FAULT
0.3492396789941228,0.029064615980578253,-4.6638380573978794e-05,190.86626537367178,2.8107959963318443,-0.005183251437048667,30.057968051803517,0.49816941929182007,0.00040692701773822833,0.4866666666666667,4,SUPPLY_VOLTAGE_FAULT
0.35275977642770917,0.029264623097582227,-3.068865543474419e-05,224.997515959847,2.114046602420932,0.008967291683393752,30.049984611957697,0.4426782018210564,0.0013972297963922515,0.5933333333333334,0,NORMAL
0.5060900725954628,0.09929103150905506,0.002192933479950266,225.05169692766577,1.8543405342808432,-0.003038871758519368,35.86792056314275,3.3975479639463906,0.0772015960971784,0.64,2,BEARING_WEAR
0.4493649491167329,0.04204621391935046,1.0940424320539815e-05,225.08123048431372,2.0147798902911953,0.0018422316052313411,29.983755029410883,0.4981607356248592,0.00032086344846889115,0.02,1,ENERGY_WASTE
0.4553613161137851,0.06790554566895186,0.0013983800172883802,224.88918254058333,1.9414998674655883,-0.004194584218355103,35.60102357730567,3.2488325508510574,0.07368236022236084,0.6466666666666666,2,BEARING_WEAR
1.258089603818435,0.21764247130702252,0.004633060113639282,223.7250459729267,2.357862827628499,0.0024990107538321953,41.980768245557286,5.232086893298332,0.11892343662683251,0.6266666666666667,3,OVERLOAD_BLOCKAGE
0.35221692923109893,0.028221467532516246,1.6734105701831534e-05,176.8343481329158,2.891205210373382,-0.003192682129040091,29.974733181439,0.45503328255443326,0.0008005804113988427,0.5333333333333333,4,SUPPLY_VOLTAGE_FAULT
0.47014429239398814,0.07506387641965967,0.0015815599728594676,224.73275093891831,1.8509615178640575,-0.007378093627035685,34.57903662391968,2.680389467631303,0.06032928083550021,0.64,2,BEARING_WEAR
0.3467393275072423,0.031482527858410485,0.00010280330597584,225.11820857628763,1.8775436292969343,0.003324494233651387,29.993918598905207,0.5160719292518714,0.00039240175640325417,0.5666666666666667,0,NORMAL
0.34815947657897045,0.03177916795408312,2.3274382445892448e-05,225.3097889487976,1.993106408963726,0.0024013273358316285,30.007521170119688,0.46468727604711324,0.0004499470108559483,0.5733333333333334,0,NORMAL
0.4784904356718079,0.07898730398354148,0.0016868644707738615,224.9981831648624,1.9430529089374944,-0.0008968384674939559,33.12437203414135,1.8411671144797486,0.04012840482252043,0.6,2,BEARING_WEAR
0.35216659479081774,0.02965885357181658,2.9963098272113572e-05,225.08424061625342,1.6928769914133364,-0.0034160410748142953,29.96975083556573,0.4908554300845982,0.00021656981506815165,0.5866666666666667,0,NORMAL
0.33686549184326214,0.1780055521573519,-6.292064031204523e-05,224.08762242413795,8.641750541781308,0.005236237246773715,30.019866263961923,0.46597195300574373,-0.0003801519963906571,0.42,5,INTERMITTENT_CONNECTION
0.42536238995552866,0.05329476412815103,0.0009711959158352771,225.24990037511597,2.1131294371496323,0.002870265735798333,35.26507436816213,3.170985371235987,0.072053280764753,0.58,2,BEARING_WEAR
1.210405138051678,0.20265116906388075,0.004333769799550972,224.1705619014865,2.5676205877149183,0.002026073763101126,41.071786995381935,4.79880471000126,0.10836628253962018,0.6,3,OVERLOAD_BLOCKAGE
0.467080122194326,0.07880554857297355,0.0016782499458479563,225.04935345147106,1.954637049846604,0.004001374497568103,33.151067919579354,1.9120548347157782,0.042075010424562534,0.5466666666666666,2,BEARING_WEAR
1.1538759787510136,0.17816695815345646,0.0035578007544257253,223.7635704604448,2.6179230547033843,0.007964720741801112,40.446776595988,4.406027705296917,0.09892983945922035,0.5533333333333333,3,OVERLOAD_BLOCKAGE
0.35020108424561236,0.027709184273057446,3.526428148223331e-05,257.54470165583945,3.0561070289741616,-0.005859342027997585,29.98373338353747,0.4785202943986866,0.0010857435913920847,0.4866666666666667,4,SUPPLY_VOLTAGE_FAULT
0.3420256636924805,0.1839458902791382,0.0004425347587431328,226.23036467528524,9.257860595471476,0.01353031099332413,29.99222829919533,0.5040063445952602,0.0014716740523601011,0.4,5,INTERMITTENT_CONNECTION
0.44618839745465305,0.0631536617574057,0.0012713039653672804,225.19630507487227,1.7695496363111778,-0.0015599233481855648,35.04477447732868,3.0102486297836024,0.06822779475820148,0.64,2,BEARING_WEAR
0.35061520266736607,0.028405858757200884,-1.4289867580045758e-05,257.0998376286554,3.07294236635625,-0.002896794318220995,29.944103756923603,0.49110180124419545,0.0012663882155546657,0.4533333333333333,4,SUPPLY_VOLTAGE_FAULT
0.45018430038780954,0.041522053412578516,-5.431850609372491e-05,225.17156176531492,2.012056554900159,0.0018484976548250494,29.988700339495225,0.463525941734008,0.0008529881334291161,0.013333333333333334,1,ENERGY_WASTE
0.44863903540462086,0.037743175976648315,-7.11938464257017e-05,224.95786046717393,1.7837938212452382,-0.007684663249564371,29.959786865194765,0.4682115040375262,0.00028646695646171824,0.04666666666666667,1,ENERGY_WASTE
0.35138997549044687,0.03190613590838165,-2.163187249666187e-05,261.4150918218606,3.277815222497729,0.0008172635115733681,30.014966005191383,0.49238345920142046,-4.394029238407482e-05,0.47333333333333333,4,SUPPLY_VOLTAGE_FAULT
0.35044078065533685,0.02825170442512665,-2.940311059004723e-05,224.94191156603216,1.7780239907142263,0.002466914199857486,30.03490171376594,0.523013479252044,0.0015108737401239522,0.6333333333333333,0,NORMAL
0.3672737418314094,0.16263503159929413,0.00012711030533456638,224.62089857502855,8.979105156642639,-0.006172720721588569,30.059368702978656,0.5320127078778819,0.0007484546926786896,0.58,5,INTERMITTENT_CONNECTION
0.3811035432537373,0.16729031131729608,-0.0002920467395314177,225.92096695092454,8.921770568554996,0.015346487658296493,30.05525406924331,0.4799602887983681,-6.204852419448918e-05,0.54,5,INTERMITTENT_CONNECTION
0.3696548221096602,0.18479708210213505,0.00045597892099400784,226.0326906356834,9.111432764582851,-0.03200964601286682,30.00979625142553,0.4945261657409663,0.000521703725474329,0.4266666666666667,5,INTERMITTENT_CONNECTION
0.35051016597126294,0.03045859115703749,-1.9492900852106903e-05,179.23524438639757,3.1937115317099325,0.003498311158071938,29.992296898794702,0.497160005950817,-0.0015921203438437207,0.4866666666666667,4,SUPPLY_VOLTAGE_FAULT
0.35091046162490297,0.02951652990520196,-3.425626446352857e-05,224.8712533984114,1.794863715493812,0.000519881211089627,30.004085868909495,0.5255972782303281,-0.0002126117539830893,0.5133333333333333,0,NORMAL
0.45256628352408074,0.04005287563708973,-7.90949648782762e-05,224.8104977278934,1.8183439971847484,-0.006843686514361466,29.93715725713493,0.46941608689758224,-0.0013383903958222496,0.03333333333333333,1,ENERGY_WASTE
0.34720320507381774,0.03122127157423142,-3.327116508300793e-05,255.47787723994998,3.0678673229853,-0.003590741789771067,29.97096707884682,0.4679790819776884,-0.0001098389497740619,0.5133333333333333,4,SUPPLY_VOLTAGE_FAULT
0.3519648162632593,0.02722112314420458,6.817027328601603e-05,225.06096142824828,1.9845258076259087,-0.002818773100852935,30.020069437317748,0.4592830500256941,-0.0004336083030350789,0.6333333333333333,0,NORMAL
1.1694286872365272,0.16533220228412387,0.003362151882715364,224.10256561448188,2.591226415123896,0.003814891949873186,41.74034041783106,5.053284601418867,0.11468705987364572,0.52,3,OVERLOAD_BLOCKAGE
0.4694056499834827,0.07438605381535947,0.0015524396756644615,225.17209753470524,2.200942986621637,0.005618848737637378,34.644021388476986,2.778742655385023,0.06267515703975117,0.6066666666666667,2,BEARING_WEAR
1.1985823459247889,0.18925797207044812,0.004034236613229825,223.7561247436516,2.398850780525436,0.007594734500851076,42.48708485184731,5.630732518994543,0.1279172005466595,0.6533333333333333,3,OVERLOAD_BLOCKAGE
0.35397138576056797,0.17768788717354603,0.0007075492769282139,224.44697843250594,8.991999363316134,-0.004920270943960667,30.079042186991277,0.4953824862469788,0.0015836198657363275,0.5733333333333334,5,INTERMITTENT_CONNECTION
0.4290753751316212,0.05394776367709912,0.001024344168299946,224.82619431731538,2.181671796019634,0.002981786476004772,35.343421721977634,3.1954621050072367,0.07222040597705168,0.5866666666666667,2,BEARING_WEAR
1.2759330769285266,0.22712898202575726,0.0049207254156798325,223.8298652072439,2.439011056740661,-0.0005390249536906391,41.9456454620819,5.231851009720137,0.118673568345072,0.5333333333333333,3,OVERLOAD_BLOCKAGE
0.3482365274650779,0.03089497901657083,-1.679299485831163e-05,225.0722895304281,2.0974295224762876,-0.004691617068690442,29.95530421794721,0.5765068128522236,-0.00024028948778181307,0.5266666666666666,0,NORMAL
0.3203388343679872,0.18483998401605684,-0.0001333965083744218,225.29126031528392,8.347925564188307,-0.0044632039648678104,30.0035747032619,0.5181145861728846,-0.00042204940950071765,0.5533333333333333,5,INTERMITTENT_CONNECTION
0.4610063994635013,0.0703008296788853,0.0014906650558358418,224.94619261678358,2.0650168994124773,-0.0011608714251089758,33.57738449356382,2.1811580832675626,0.0483549025935656,0.5866666666666667,2,BEARING_WEAR
0.45187319983968016,0.03807135662953088,3.360341858003551e-05,225.198772133527,1.83122574701134,-0.0001245313177521518,30.004050347542154,0.47686242176624827,0.00014242704219209458,0.02666666666666667,1,ENERGY_WASTE
0.3485617442856635,0.029398967029662743,-1.2307952368324471e-05,225.29979824830107,1.9005693680065248,-0.005442011856178232,30.04877844594698,0.5282986218113991,0.00023905978758504657,0.6,0,NORMAL
0.36905656261025427,0.1754804146397594,0.00012160008678513764,224.4124394226537,8.318505542216307,0.008731743976748042,29.982364979212715,0.4906255131791497,0.00019878996910256146,0.56,5,INTERMITTENT_CONNECTION
0.45139670076415106,0.036675646787578134,-2.2171011477868286e-05,225.11686636258847,1.7062928045889938,-0.002800627068382425,30.011812124010284,0.49754860114493926,0.0011950269901966582,0.05333333333333334,1,ENERGY_WASTE
0.3393757822501082,0.17405465807188372,1.755005873945064e-05,224.5556250940667,8.530052918369536,0.0017474480397417257,29.960681521130596,0.5087865743085034,-0.0019912499956814887,0.4666666666666667,5,INTERMITTENT_CONNECTION
0.44506331305824876,0.037933104737080434,5.893433911927995e-05,224.99590238083803,1.9459174648186555,-0.0030381780483730767,30.05111787754962,0.4717310126770949,-0.0002503656785642006,0.02666666666666667,1,ENERGY_WASTE
0.4932969338482861,0.09107783100409905,0.0019802585937562602,224.82596483819498,1.9873615985342004,-0.0016261752645960973,34.97715180538417,2.9638395960815322,0.06712027924259373,0.5733333333333334,2,BEARING_WEAR
0.5146926208043332,0.10681168399840839,0.0023609308811911116,224.83465239428352,2.0010758624023506,-0.0016557763943771608,33.80703971214932,2.310320984995138,0.05151850403200644,0.6066666666666667,2,BEARING_WEAR
0.3483297053531779,0.029648907509239895,-9.479793664589658e-05,225.1130499250787,1.9391029712921792,0.006940270092953452,30.00960887961906,0.537771065952225,-0.000474883552511928,0.5933333333333334,0,NORMAL
0.4872387385823371,0.08198329752459374,0.0017635341183359274,225.1404925242824,1.9282906260471895,0.0014870753071877876,34.01260083301414,2.4588978819227627,0.05487333438353012,0.6,2,BEARING_WEAR
1.2764371689361405,0.230761682570235,0.0049288076887932485,223.8677700111139,2.3620547795901645,0.005848212011799552,40.23573750958321,4.27022123677603,0.096085691330939,0.5666666666666667,3,OVERLOAD_BLOCKAGE
0.4588883726702239,0.04054030351012735,-5.139272869235773e-05,225.03796249367224,1.9874237085408413,-0.005004313723781791,29.941571117795544,0.4390565642667133,0.0005166148171087605,0.02,1,ENERGY_WASTE
0.46518720615383224,0.07372991042833428,0.0015452753818751173,225.29450580830957,2.0264907026303973,0.005431608608232775,33.43611926435996,2.125069261471521,0.04696866853242374,0.5933333333333334,2,BEARING_WEAR
0.3877075601526254,0.17335598334546812,-0.0003339154225592167,223.52836767139416,9.217237084333599,-8.910495606394288e-05,30.0602208126521,0.4913320215076199,-0.00132318317083538,0.5266666666666666,5,INTERMITTENT_CONNECTION
0.4634226390203132,0.06679011993452048,0.00138326302872092,224.8152001721351,2.225425740914792,-0.006333219796197775,33.930367243512364,2.351621971821708,0.0522573471835348,0.64,2,BEARING_WEAR
0.3493819054956777,0.02843738033734789,-9.325325132363425e-05,175.85187451716266,3.0392351720640924,-0.00019250897738480903,29.991408859923293,0.4962793734887801,-0.0004020976540328787,0.5466666666666666,4,SUPPLY_VOLTAGE_FAULT
0.35136614342546674,0.02995953991439159,2.0946735377581212e-05,224.8734301037324,2.046487664140274,0.004372026734045704,30.0861560209293,0.48489963754378074,-0.0003177086839314245,0.5733333333333334,0,NORMAL
0.351679972713949,0.033015307420880165,-3.0754856065285563e-06,224.67782821655544,1.9974848906320335,0.004396098532476924,29.993433162874208,0.5078377396932477,-0.0005517070619099437,0.5866666666666667,0,NORMAL
1.2160885133705202,0.1941907296248563,0.004115599540145275,224.22591123273315,2.3095458313296016,-0.0011725891554558296,41.36196266043871,4.842451458625086,0.10997501556935799,0.5333333333333333,3,OVERLOAD_BLOCKAGE
0.4501557205168433,0.04099093110871851,-6.792243627984297e-05,225.11108236875307,2.0848367854279557,0.0029161358857137365,29.969500941392702,0.4831059745130832,0.00012872837157748454,0.04,1,ENERGY_WASTE
1.2252696608583118,0.205013144217941,0.004414869882803468,224.23608375425363,2.454011077953796,-0.0018535455493746767,39.32613491148687,3.7916012844355937,0.08475962762236111,0.5733333333333334,3,OVERLOAD_BLOCKAGE
0.48830317585008115,0.0849984421556784,0.0018451577861914121,225.10231921401,1.904318259995114,-0.0011572043404455181,34.04806577696034,2.3858724556758895,0.05386586905668343,0.5333333333333333,2,BEARING_WEAR
0.43014304126914527,0.055691883352449505,0.0011181249575529565,224.8661282175385,2.045973484919032,-0.0035025727860191792,35.64386622949192,3.2952258578338185,0.07483695021032688,0.64,2,BEARING_WEAR
1.1009428255174802,0.1462212420871514,0.0027445511205360044,224.23939606839917,2.517277611064131,0.005357214706670213,40.03260764131257,4.156920169478147,0.09335526415988592,0.6533333333333333,3,OVERLOAD_BLOCKAGE
0.3519544691901407,0.03033976788723307,-1.803875453844877e-05,262.3583805383182,2.904150647465376,-0.003865468829295552,30.02228683135343,0.513498866283513,0.0004489110892492493,0.5533333333333333,4,SUPPLY_VOLTAGE_FAULT
0.3732980263918716,0.1744166397508567,5.6194737197151235e-05,225.19176342184548,8.33507112750803,0.01305837114666567,29.989301803819156,0.4605818762559626,-3.1514141637738474e-05,0.46,5,INTERMITTENT_CONNECTION
0.34830528688338414,0.029759566893656227,4.036645121942472e-05,224.94027593014098,2.0134063150603323,-0.007818474452345632,29.92495893268499,0.44687038379707833,-0.0010062917759771882,0.6133333333333333,0,NORMAL
0.4508463512335224,0.04036187610657875,-0.0001543105322764385,224.99571595533723,1.923777993859618,-0.00011020706733671317,29.99047924556179,0.5001283793654369,0.0012563100342966938,0.006666666666666667,1,ENERGY_WASTE
1.1940729816833933,0.17905595371222954,0.003676643999414692,224.04705843645172,2.3435549609740782,-0.004704422106090594,40.088486164192375,4.152253205498532,0.09352790363860378,0.6066666666666667,3,OVERLOAD_BLOCKAGE
1.279654741611101,0.2283133556957855,0.005000383445268306,224.19714889073336,2.5966351861250625,-0.002389795186678253,42.29824386085717,5.517362296406652,0.12539615166019666,0.6333333333333333,3,OVERLOAD_BLOCKAGE
0.33671772044291015,0.1827558979323436,0.0002299405798744353,223.10783950407253,8.209630973126659,-0.006809255324420808,30.016457389256406,0.5106397118269913,-0.001388069576610632,0.48,5,INTERMITTENT_CONNECTION
1.171895487770601,0.1742924881405207,0.003681490087043199,224.08535138619578,2.533853519765376,-0.0007708249634608764,40.11678701251448,4.2778422680351404,0.09584531478390722,0.6466666666666666,3,OVERLOAD_BLOCKAGE
0.36060924320745696,0.19244846664576304,0.00034342111099303584,224.8234751253818,8.830832623472851,0.010245326440733494,30.063574722463528,0.4460801173449284,0.0008359103784042922,0.48,5,INTERMITTENT_CONNECTION
0.3533702024359798,0.029802433251458184,8.912958969097597e-05,224.61703831635526,2.1136135023587226,0.0028189144358670122,29.97558571148118,0.4852295198333954,-0.0010915120224529655,0.5866666666666667,0,NORMAL
0.35175280500856104,0.17647271926820352,-0.0005842654758073428,224.56330010010143,8.949251120133516,-0.03932768222003444,30.043367722821714,0.49285810746013414,-0.00021077173827749622,0.47333333333333333,5,INTERMITTENT_CONNECTION
0.4521087471771426,0.04407644481864661,-7.652794558436207e-07,224.95339600217878,2.048867678709769,-0.0003735624440137569,29.963901763063095,0.49204227434692777,-0.00011626998588078651,0.02666666666666667,1,ENERGY_WASTE
1.2626251077787374,0.2257396110412796,0.004910758071540964,223.7160397758007,2.3537543654727724,0.011145427252201535,41.97372455659166,5.349865849750188,0.12150193922207042,0.6533333333333333,3,OVERLOAD_BLOCKAGE
0.3716011681937005,0.16311071040392655,-0.00029048315659129583,223.98228763101733,8.856888399040661,0.02843718748109019,30.00140482002888,0.5231383326805065,0.0019228151569897945,0.47333333333333333,5,INTERMITTENT_CONNECTION
0.36316818000817985,0.18040218420164045,-0.0001250688353139555,224.87430717787905,8.671998332358934,0.022882534993736648,29.965296409486296,0.5039284474390419,0.0005054266702592495,0.4533333333333333,5,INTERMITTENT_CONNECTION
0.4461553331100591,0.03922972883324174,4.25186781482982e-05,225.26166437471335,2.0232517188396146,0.005916051064731521,30.027724035336462,0.45746928895036887,0.0002124489923602278,0.02,1,ENERGY_WASTE
1.1803129354200836,0.1731540810152739,0.0034134953988928167,223.99219753390426,2.663726665218653,-0.008608911837592386,41.41941891453064,4.991490713105559,0.11285218317210266,0.5533333333333333,3,OVERLOAD_BLOCKAGE
1.1512125316991992,0.18395153577067247,0.003779535082672037,224.50129341073475,2.7032282412145627,0.00837944412355053,41.32328254018952,4.788359380826077,0.10864262432933174,0.5666666666666667,3,OVERLOAD_BLOCKAGE
0.3504413809461614,0.0304263530106793,-8.501376067629749e-06,260.9422263492029,3.107279538738741,0.008344470590937396,29.99139024636439,0.46295893163078156,0.0003489738692196501,0.5,4,SUPPLY_VOLTAGE_FAULT
0.45029266929316114,0.04515738904804804,1.387025529586059e-05,225.00158422312555,2.0714559584272827,0.0007881891830861577,29.996599226942866,0.5083818163787657,-0.0004903341263826445,0.03333333333333333,1,ENERGY_WASTE
0.34911862018886713,0.02823154612770078,-0.00010659609947906592,225.14023088971618,1.832019163701686,-0.003293494538532076,30.044746809871093,0.505357031209572,0.0006737088806442158,0.62,0,NORMAL
0.34477042015655174,0.028078327787722998,2.8869155175746175e-05,182.6711863278487,3.0063441036817746,-0.002235481353215981,30.053160359198458,0.4888500960600174,-0.0018091877804577226,0.5133333333333333,4,SUPPLY_VOLTAGE_FAULT
0.4678833611723951,0.0721899813273603,0.0015117361194759962,224.95579915144737,1.9204633320796456,0.0023498852874793232,33.11054264112249,1.843310070225441,0.04043705078614855,0.64,2,BEARING_WEAR
0.3670294900649733,0.18700970048236276,-0.00027085714615007224,225.38982527608252,10.023294243819375,-0.01405244461070738,30.04751944495702,0.4984927593912243,0.001385088800810103,0.4533333333333333,5,INTERMITTENT_CONNECTION
0.45368631817154664,0.06548201660625268,0.0013486084995264433,224.89878869579204,2.1672428356152444,-0.004009454999182374,33.62959978751409,2.1392439785980484,0.047471375127859844,0.5866666666666667,2,BEARING_WEAR
0.44996860533099836,0.03897899984994646,3.002076343124453e-06,225.19559729760965,1.9328946780752374,0.006546772245208403,30.011786629744396,0.5354757980165301,-8.439989623712776e-06,0.02666666666666667,1,ENERGY_WASTE
0.44738301871088787,0.04008294170757711,-3.574618422599285e-05,224.67962620450626,1.8301267998920647,0.006825085794562695,29.959612104011224,0.457478288646675,-0.00021946853706005065,0.04,1,ENERGY_WASTE
0.35396653207397805,0.1867399674970495,-0.00011038358733892736,224.80876313292674,8.29234939216154,-0.013672282210806722,30.048221782958887,0.47483372586085854,0.00029221444304055287,0.46,5,INTERMITTENT_CONNECTION
0.35449512387143556,0.029406528046184308,-2.9283250662190668e-05,224.97635709499082,2.1290733042821692,0.0005542408020478411,29.918129317547997,0.5011601718248188,-0.0019198452424800127,0.6,0,NORMAL
0.4465238850009075,0.04037902006784833,-7.41246526338905e-09,225.04339117480592,2.127436101102066,-0.006825419119966442,30.018736610929402,0.4819101333259462,-0.0013416129477443154,0.013333333333333334,1,ENERGY_WASTE
0.5014398820480205,0.09328254002816753,0.002046935137673034,225.19232351713032,1.9991763769289639,-0.00561818392356494,33.97357314373546,2.446517477524284,0.055029019313470484,0.5666666666666667,2,BEARING_WEAR
0.3569464692379641,0.17132317826401205,-0.00017661076123293485,224.86840983463256,7.807561617234031,-0.001886991003591517,29.970552952728212,0.5469033810598541,-0.002435847595788288,0.54,5,INTERMITTENT_CONNECTION
0.44617291054840896,0.06203942501117553,0.0012711930952477414,225.00292615371882,2.109650435572599,0.006799991802848859,34.55675851057173,2.6789263813781643,0.06033660304993457,0.5933333333333334,2,BEARING_WEAR
1.1787093035776834,0.1816845349649814,0.00379523919220083,224.20156816363183,2.583246167926392,-0.006113145909436498,41.226252402087766,4.895580119922364,0.11083186763070946,0.5533333333333333,3,OVERLOAD_BLOCKAGE
1.1134643960486272,0.1686786416292832,0.0032569377732419367,223.89671743437657,2.5228795611245762,0.0019699678090404323,40.202955237924286,4.124524100094577,0.0925587567892349,0.5466666666666666,3,OVERLOAD_BLOCKAGE
0.45448425660958625,0.037626904450162396,6.118423290437537e-05,224.95566092441945,1.9743775867754252,-0.0018002026287336765,30.029117034394186,0.4818110263124763,-0.0007908341591644913,0.013333333333333334,1,ENERGY_WASTE
0.35042901934694487,0.02839443311428282,-6.0736531143786664e-05,183.54082444787346,3.0769040824821854,0.0038281679714813775,30.07245081104532,0.5194840243794931,-0.0011261858087364322,0.4666666666666667,4,SUPPLY_VOLTAGE_FAULT
0.34759916445530353,0.030085165404288725,7.808768535083378e-07,224.87932701458863,2.1964237607169506,-0.0011844065416835984,29.914761184740225,0.5108877459543314,0.000589273363229053,0.52,0,NORMAL
0.33819009371724085,0.1732309517072379,0.0001819803400830662,226.22825648740127,9.080966922158131,0.0045653254037419265,29.928951328924118,0.5000062935079154,-0.00043024145749448234,0.52,5,INTERMITTENT_CONNECTION
1.1190093850147593,0.14575083269708408,0.002908655819988217,224.04511458997072,2.2107951804135415,-0.007084605178299659,40.77878257737181,4.700407993406223,0.1061965032113567,0.6533333333333333,3,OVERLOAD_BLOCKAGE
0.34918801466697297,0.02662109603300694,5.164203422913379e-05,224.9606250435144,2.11731175603945,-0.0038587216203229443,30.027578260982047,0.550035374160221,-0.000501186207224235,0.6,0,NORMAL
1.2864831509787753,0.23787202186447573,0.005148832921932521,224.09824033203378,2.4800392299036753,-0.000252478672098945,40.932820318231464,4.668175710319357,0.10533422564581887,0.5933333333333334,3,OVERLOAD_BLOCKAGE
0.45150881651863234,0.03679010735447735,-1.1285060629962539e-05,224.8224777568472,2.0932580289276466,-0.0007796252334598114,30.04983755478263,0.5080907509538114,0.0017874216251203003,0.04,1,ENERGY_WASTE
0.3696008910263136,0.16113151442987447,-0.00017792353946652988,225.18025171871648,8.536824223480995,-0.006551375855509678,29.988925821815915,0.5525984183405206,-0.00015880468865946205,0.5333333333333333,5,INTERMITTENT_CONNECTION
0.34572348994537,0.031332146841918394,0.00015127892385585114,182.22080361231878,2.8776766913513034,0.0032096832809646514,30.007775124261766,0.5335011112223099,0.0009325775321990166,0.46,4,SUPPLY_VOLTAGE_FAULT
0.4507784669851793,0.0643906556343042,0.001309277362076366,224.89186504533345,2.140275965844724,0.0003587663128915099,33.0490829936514,1.8854903458799466,0.041245667771358595,0.5866666666666667,2,BEARING_WEAR
0.4986902475733571,0.09235406535034547,0.002013851164117735,225.03460690952565,1.791572152782488,-0.001037718760947092,35.812830343594456,3.4587827935620012,0.07852350797236687,0.5866666666666667,2,BEARING_WEAR
1.252531053099551,0.2152596342517584,0.004641932598352956,224.07061202226652,2.3046456985963335,0.0008381365084823042,42.929973477961966,5.890105021404684,0.13425095466321155,0.6333333333333333,3,OVERLOAD_BLOCKAGE
0.45413320569986565,0.06707017759358584,0.001401347953309748,225.30362809081032,1.950157090587406,-0.004773383368722723,34.7966360472443,2.8565175868952872,0.06433306223020761,0.54,2,BEARING_WEAR
